Filename,Class,Parent_A_Subject,Parent_A_Group,Parent_B_Subject,Parent_B_Group,Alpha
lh_Healthy_aug_0001_SPHARM_ellalign.coef,Healthy,left_Healthy_sub-4078_hippocampus_lh_aligned,Healthy,left_Healthy_sub-4090_hippocampus_lh_aligned,Healthy,0.0930
lh_Healthy_aug_0002_SPHARM_ellalign.coef,Healthy,left_Healthy_sub-4078_hippocampus_lh_aligned,Healthy,left_Healthy_sub-4090_hippocampus_lh_aligned,Healthy,0.2241
lh_Healthy_aug_0003_SPHARM_ellalign.coef,Healthy,left_Healthy_sub-4078_hippocampus_lh_aligned,Healthy,left_Healthy_sub-4090_hippocampus_lh_aligned,Healthy,0.3346
lh_Healthy_aug_0004_SPHARM_ellalign.coef,Healthy,left_Healthy_sub-4078_hippocampus_lh_aligned,Healthy,left_Healthy_sub-4090_hippocampus_lh_aligned,Healthy,0.4568
lh_Healthy_aug_0005_SPHARM_ellalign.coef,Healthy,left_Healthy_sub-4078_hippocampus_lh_aligned,Healthy,left_Healthy_sub-4090_hippocampus_lh_aligned,Healthy,0.5634
lh_Healthy_aug_0006_SPHARM_ellalign.coef,Healthy,left_Healthy_sub-4078_hippocampus_lh_aligned,Healthy,left_Healthy_sub-4090_hippocampus_lh_aligned,Healthy,0.6742
lh_Healthy_aug_0007_SPHARM_ellalign.coef,Healthy,left_Healthy_sub-4078_hippocampus_lh_aligned,Healthy,left_Healthy_sub-4090_hippocampus_lh_aligned,Healthy,0.7695
lh_Healthy_aug_0008_SPHARM_ellalign.coef,Healthy,left_Healthy_sub-4078_hippocampus_lh_aligned,Healthy,left_Healthy_sub-4090_hippocampus_lh_aligned,Healthy,0.8947
lh_Healthy_aug_0009_SPHARM_ellalign.coef,Healthy,left_Healthy_sub-36387_hippocampus_lh_aligned,Healthy,left_Healthy_sub-144_hippocampus_lh_aligned,Healthy,0.0906
lh_Healthy_aug_0010_SPHARM_ellalign.coef,Healthy,left_Healthy_sub-36387_hippocampus_lh_aligned,Healthy,left_Healthy_sub-144_hippocampus_lh_aligned,Healthy,0.2040
lh_Healthy_aug_0011_SPHARM_ellalign.coef,Healthy,left_Healthy_sub-36387_hippocampus_lh_aligned,Healthy,left_Healthy_sub-144_hippocampus_lh_aligned,Healthy,0.3475
lh_Healthy_aug_0012_SPHARM_ellalign.coef,Healthy,left_Healthy_sub-36387_hippocampus_lh_aligned,Healthy,left_Healthy_sub-144_hippocampus_lh_aligned,Healthy,0.4386
lh_Healthy_aug_0013_SPHARM_ellalign.coef,Healthy,left_Healthy_sub-36387_hippocampus_lh_aligned,Healthy,left_Healthy_sub-144_hippocampus_lh_aligned,Healthy,0.5728
lh_Healthy_aug_0014_SPHARM_ellalign.coef,Healthy,left_Healthy_sub-36387_hippocampus_lh_aligned,Healthy,left_Healthy_sub-144_hippocampus_lh_aligned,Healthy,0.6767
lh_Healthy_aug_0015_SPHARM_ellalign.coef,Healthy,left_Healthy_sub-36387_hippocampus_lh_aligned,Healthy,left_Healthy_sub-144_hippocampus_lh_aligned,Healthy,0.7975
lh_Healthy_aug_0016_SPHARM_ellalign.coef,Healthy,left_Healthy_sub-36387_hippocampus_lh_aligned,Healthy,left_Healthy_sub-144_hippocampus_lh_aligned,Healthy,0.9001
lh_Healthy_aug_0017_SPHARM_ellalign.coef,Healthy,left_Healthy_sub-4084_hippocampus_lh_aligned,Healthy,left_Healthy_sub-271_hippocampus_lh_aligned,Healthy,0.1031
lh_Healthy_aug_0018_SPHARM_ellalign.coef,Healthy,left_Healthy_sub-4084_hippocampus_lh_aligned,Healthy,left_Healthy_sub-271_hippocampus_lh_aligned,Healthy,0.2140
lh_Healthy_aug_0019_SPHARM_ellalign.coef,Healthy,left_Healthy_sub-4084_hippocampus_lh_aligned,Healthy,left_Healthy_sub-271_hippocampus_lh_aligned,Healthy,0.3164
lh_Healthy_aug_0020_SPHARM_ellalign.coef,Healthy,left_Healthy_sub-4084_hippocampus_lh_aligned,Healthy,left_Healthy_sub-271_hippocampus_lh_aligned,Healthy,0.4518
lh_Healthy_aug_0021_SPHARM_ellalign.coef,Healthy,left_Healthy_sub-4084_hippocampus_lh_aligned,Healthy,left_Healthy_sub-271_hippocampus_lh_aligned,Healthy,0.5484
lh_Healthy_aug_0022_SPHARM_ellalign.coef,Healthy,left_Healthy_sub-4084_hippocampus_lh_aligned,Healthy,left_Healthy_sub-271_hippocampus_lh_aligned,Healthy,0.6524
lh_Healthy_aug_0023_SPHARM_ellalign.coef,Healthy,left_Healthy_sub-4084_hippocampus_lh_aligned,Healthy,left_Healthy_sub-271_hippocampus_lh_aligned,Healthy,0.7915
lh_Healthy_aug_0024_SPHARM_ellalign.coef,Healthy,left_Healthy_sub-4084_hippocampus_lh_aligned,Healthy,left_Healthy_sub-271_hippocampus_lh_aligned,Healthy,0.8871
lh_Healthy_aug_0025_SPHARM_ellalign.coef,Healthy,left_Healthy_sub-34437_hippocampus_lh_aligned,Healthy,left_Healthy_sub-4064_hippocampus_lh_aligned,Healthy,0.1176
lh_Healthy_aug_0026_SPHARM_ellalign.coef,Healthy,left_Healthy_sub-34437_hippocampus_lh_aligned,Healthy,left_Healthy_sub-4064_hippocampus_lh_aligned,Healthy,0.2324
lh_Healthy_aug_0027_SPHARM_ellalign.coef,Healthy,left_Healthy_sub-34437_hippocampus_lh_aligned,Healthy,left_Healthy_sub-4064_hippocampus_lh_aligned,Healthy,0.3452
lh_Healthy_aug_0028_SPHARM_ellalign.coef,Healthy,left_Healthy_sub-34437_hippocampus_lh_aligned,Healthy,left_Healthy_sub-4064_hippocampus_lh_aligned,Healthy,0.4377
lh_Healthy_aug_0029_SPHARM_ellalign.coef,Healthy,left_Healthy_sub-34437_hippocampus_lh_aligned,Healthy,left_Healthy_sub-4064_hippocampus_lh_aligned,Healthy,0.5378
lh_Healthy_aug_0030_SPHARM_ellalign.coef,Healthy,left_Healthy_sub-34437_hippocampus_lh_aligned,Healthy,left_Healthy_sub-4064_hippocampus_lh_aligned,Healthy,0.6886
lh_Healthy_aug_0031_SPHARM_ellalign.coef,Healthy,left_Healthy_sub-34437_hippocampus_lh_aligned,Healthy,left_Healthy_sub-4064_hippocampus_lh_aligned,Healthy,0.7828
lh_Healthy_aug_0032_SPHARM_ellalign.coef,Healthy,left_Healthy_sub-34437_hippocampus_lh_aligned,Healthy,left_Healthy_sub-4064_hippocampus_lh_aligned,Healthy,0.9187
lh_Healthy_aug_0033_SPHARM_ellalign.coef,Healthy,left_Healthy_sub-327_hippocampus_lh_aligned,Healthy,left_Healthy_sub-305_hippocampus_lh_aligned,Healthy,0.1185
lh_Healthy_aug_0034_SPHARM_ellalign.coef,Healthy,left_Healthy_sub-327_hippocampus_lh_aligned,Healthy,left_Healthy_sub-305_hippocampus_lh_aligned,Healthy,0.2284
lh_Healthy_aug_0035_SPHARM_ellalign.coef,Healthy,left_Healthy_sub-327_hippocampus_lh_aligned,Healthy,left_Healthy_sub-305_hippocampus_lh_aligned,Healthy,0.3203
lh_Healthy_aug_0036_SPHARM_ellalign.coef,Healthy,left_Healthy_sub-327_hippocampus_lh_aligned,Healthy,left_Healthy_sub-305_hippocampus_lh_aligned,Healthy,0.4383
lh_Healthy_aug_0037_SPHARM_ellalign.coef,Healthy,left_Healthy_sub-327_hippocampus_lh_aligned,Healthy,left_Healthy_sub-305_hippocampus_lh_aligned,Healthy,0.5712
lh_Healthy_aug_0038_SPHARM_ellalign.coef,Healthy,left_Healthy_sub-327_hippocampus_lh_aligned,Healthy,left_Healthy_sub-305_hippocampus_lh_aligned,Healthy,0.6641
lh_Healthy_aug_0039_SPHARM_ellalign.coef,Healthy,left_Healthy_sub-327_hippocampus_lh_aligned,Healthy,left_Healthy_sub-305_hippocampus_lh_aligned,Healthy,0.7725
lh_Healthy_aug_0040_SPHARM_ellalign.coef,Healthy,left_Healthy_sub-327_hippocampus_lh_aligned,Healthy,left_Healthy_sub-305_hippocampus_lh_aligned,Healthy,0.9023
lh_Healthy_aug_0041_SPHARM_ellalign.coef,Healthy,left_Healthy_sub-04202_hippocampus_lh_aligned,Healthy,left_Healthy_sub-97_hippocampus_lh_aligned,Healthy,0.1174
lh_Healthy_aug_0042_SPHARM_ellalign.coef,Healthy,left_Healthy_sub-04202_hippocampus_lh_aligned,Healthy,left_Healthy_sub-97_hippocampus_lh_aligned,Healthy,0.2221
lh_Healthy_aug_0043_SPHARM_ellalign.coef,Healthy,left_Healthy_sub-04202_hippocampus_lh_aligned,Healthy,left_Healthy_sub-97_hippocampus_lh_aligned,Healthy,0.3314
lh_Healthy_aug_0044_SPHARM_ellalign.coef,Healthy,left_Healthy_sub-04202_hippocampus_lh_aligned,Healthy,left_Healthy_sub-97_hippocampus_lh_aligned,Healthy,0.4267
lh_Healthy_aug_0045_SPHARM_ellalign.coef,Healthy,left_Healthy_sub-04202_hippocampus_lh_aligned,Healthy,left_Healthy_sub-97_hippocampus_lh_aligned,Healthy,0.5617
lh_Healthy_aug_0046_SPHARM_ellalign.coef,Healthy,left_Healthy_sub-04202_hippocampus_lh_aligned,Healthy,left_Healthy_sub-97_hippocampus_lh_aligned,Healthy,0.6910
lh_Healthy_aug_0047_SPHARM_ellalign.coef,Healthy,left_Healthy_sub-04202_hippocampus_lh_aligned,Healthy,left_Healthy_sub-97_hippocampus_lh_aligned,Healthy,0.7713
lh_Healthy_aug_0048_SPHARM_ellalign.coef,Healthy,left_Healthy_sub-04202_hippocampus_lh_aligned,Healthy,left_Healthy_sub-97_hippocampus_lh_aligned,Healthy,0.9007
lh_Healthy_aug_0049_SPHARM_ellalign.coef,Healthy,left_Healthy_sub-04169_hippocampus_lh_aligned,Healthy,left_Healthy_sub-317_hippocampus_lh_aligned,Healthy,0.1151
lh_Healthy_aug_0050_SPHARM_ellalign.coef,Healthy,left_Healthy_sub-04169_hippocampus_lh_aligned,Healthy,left_Healthy_sub-317_hippocampus_lh_aligned,Healthy,0.2239
lh_Healthy_aug_0051_SPHARM_ellalign.coef,Healthy,left_Healthy_sub-04169_hippocampus_lh_aligned,Healthy,left_Healthy_sub-317_hippocampus_lh_aligned,Healthy,0.3365
lh_Healthy_aug_0052_SPHARM_ellalign.coef,Healthy,left_Healthy_sub-04169_hippocampus_lh_aligned,Healthy,left_Healthy_sub-317_hippocampus_lh_aligned,Healthy,0.4510
lh_Healthy_aug_0053_SPHARM_ellalign.coef,Healthy,left_Healthy_sub-04169_hippocampus_lh_aligned,Healthy,left_Healthy_sub-317_hippocampus_lh_aligned,Healthy,0.5515
lh_Healthy_aug_0054_SPHARM_ellalign.coef,Healthy,left_Healthy_sub-04169_hippocampus_lh_aligned,Healthy,left_Healthy_sub-317_hippocampus_lh_aligned,Healthy,0.6632
lh_Healthy_aug_0055_SPHARM_ellalign.coef,Healthy,left_Healthy_sub-04169_hippocampus_lh_aligned,Healthy,left_Healthy_sub-317_hippocampus_lh_aligned,Healthy,0.7981
lh_Healthy_aug_0056_SPHARM_ellalign.coef,Healthy,left_Healthy_sub-04169_hippocampus_lh_aligned,Healthy,left_Healthy_sub-317_hippocampus_lh_aligned,Healthy,0.9124
lh_Healthy_aug_0057_SPHARM_ellalign.coef,Healthy,left_Healthy_sub-04204_hippocampus_lh_aligned,Healthy,left_Healthy_sub-4004_hippocampus_lh_aligned,Healthy,0.1147
lh_Healthy_aug_0058_SPHARM_ellalign.coef,Healthy,left_Healthy_sub-04204_hippocampus_lh_aligned,Healthy,left_Healthy_sub-4004_hippocampus_lh_aligned,Healthy,0.2308
lh_Healthy_aug_0059_SPHARM_ellalign.coef,Healthy,left_Healthy_sub-04204_hippocampus_lh_aligned,Healthy,left_Healthy_sub-4004_hippocampus_lh_aligned,Healthy,0.3290
lh_Healthy_aug_0060_SPHARM_ellalign.coef,Healthy,left_Healthy_sub-04204_hippocampus_lh_aligned,Healthy,left_Healthy_sub-4004_hippocampus_lh_aligned,Healthy,0.4429
lh_Healthy_aug_0061_SPHARM_ellalign.coef,Healthy,left_Healthy_sub-04204_hippocampus_lh_aligned,Healthy,left_Healthy_sub-4004_hippocampus_lh_aligned,Healthy,0.5691
lh_Healthy_aug_0062_SPHARM_ellalign.coef,Healthy,left_Healthy_sub-04204_hippocampus_lh_aligned,Healthy,left_Healthy_sub-4004_hippocampus_lh_aligned,Healthy,0.6774
lh_Healthy_aug_0063_SPHARM_ellalign.coef,Healthy,left_Healthy_sub-04204_hippocampus_lh_aligned,Healthy,left_Healthy_sub-4004_hippocampus_lh_aligned,Healthy,0.7938
lh_Healthy_aug_0064_SPHARM_ellalign.coef,Healthy,left_Healthy_sub-04204_hippocampus_lh_aligned,Healthy,left_Healthy_sub-4004_hippocampus_lh_aligned,Healthy,0.9118
lh_Healthy_aug_0065_SPHARM_ellalign.coef,Healthy,left_Healthy_sub-4050_hippocampus_lh_aligned,Healthy,left_Healthy_sub-365_hippocampus_lh_aligned,Healthy,0.1156
lh_Healthy_aug_0066_SPHARM_ellalign.coef,Healthy,left_Healthy_sub-4050_hippocampus_lh_aligned,Healthy,left_Healthy_sub-365_hippocampus_lh_aligned,Healthy,0.2078
lh_Healthy_aug_0067_SPHARM_ellalign.coef,Healthy,left_Healthy_sub-4050_hippocampus_lh_aligned,Healthy,left_Healthy_sub-365_hippocampus_lh_aligned,Healthy,0.3236
lh_Healthy_aug_0068_SPHARM_ellalign.coef,Healthy,left_Healthy_sub-4050_hippocampus_lh_aligned,Healthy,left_Healthy_sub-365_hippocampus_lh_aligned,Healthy,0.4266
lh_Healthy_aug_0069_SPHARM_ellalign.coef,Healthy,left_Healthy_sub-4050_hippocampus_lh_aligned,Healthy,left_Healthy_sub-365_hippocampus_lh_aligned,Healthy,0.5603
lh_Healthy_aug_0070_SPHARM_ellalign.coef,Healthy,left_Healthy_sub-4050_hippocampus_lh_aligned,Healthy,left_Healthy_sub-365_hippocampus_lh_aligned,Healthy,0.6529
lh_Healthy_aug_0071_SPHARM_ellalign.coef,Healthy,left_Healthy_sub-4050_hippocampus_lh_aligned,Healthy,left_Healthy_sub-365_hippocampus_lh_aligned,Healthy,0.7843
lh_Healthy_aug_0072_SPHARM_ellalign.coef,Healthy,left_Healthy_sub-4050_hippocampus_lh_aligned,Healthy,left_Healthy_sub-365_hippocampus_lh_aligned,Healthy,0.9017
lh_Healthy_aug_0073_SPHARM_ellalign.coef,Healthy,left_Healthy_sub-4047_hippocampus_lh_aligned,Healthy,left_Healthy_sub-4042_hippocampus_lh_aligned,Healthy,0.0915
lh_Healthy_aug_0074_SPHARM_ellalign.coef,Healthy,left_Healthy_sub-4047_hippocampus_lh_aligned,Healthy,left_Healthy_sub-4042_hippocampus_lh_aligned,Healthy,0.2179
lh_Healthy_aug_0075_SPHARM_ellalign.coef,Healthy,left_Healthy_sub-4047_hippocampus_lh_aligned,Healthy,left_Healthy_sub-4042_hippocampus_lh_aligned,Healthy,0.3098
lh_Healthy_aug_0076_SPHARM_ellalign.coef,Healthy,left_Healthy_sub-4047_hippocampus_lh_aligned,Healthy,left_Healthy_sub-4042_hippocampus_lh_aligned,Healthy,0.4244
lh_Healthy_aug_0077_SPHARM_ellalign.coef,Healthy,left_Healthy_sub-4047_hippocampus_lh_aligned,Healthy,left_Healthy_sub-4042_hippocampus_lh_aligned,Healthy,0.5700
lh_Healthy_aug_0078_SPHARM_ellalign.coef,Healthy,left_Healthy_sub-4047_hippocampus_lh_aligned,Healthy,left_Healthy_sub-4042_hippocampus_lh_aligned,Healthy,0.6658
lh_Healthy_aug_0079_SPHARM_ellalign.coef,Healthy,left_Healthy_sub-4047_hippocampus_lh_aligned,Healthy,left_Healthy_sub-4042_hippocampus_lh_aligned,Healthy,0.7708
lh_Healthy_aug_0080_SPHARM_ellalign.coef,Healthy,left_Healthy_sub-4047_hippocampus_lh_aligned,Healthy,left_Healthy_sub-4042_hippocampus_lh_aligned,Healthy,0.9009
lh_Healthy_aug_0081_SPHARM_ellalign.coef,Healthy,left_Healthy_sub-4082_hippocampus_lh_aligned,Healthy,left_Healthy_sub-4020_hippocampus_lh_aligned,Healthy,0.1108
lh_Healthy_aug_0082_SPHARM_ellalign.coef,Healthy,left_Healthy_sub-4082_hippocampus_lh_aligned,Healthy,left_Healthy_sub-4020_hippocampus_lh_aligned,Healthy,0.2029
lh_Healthy_aug_0083_SPHARM_ellalign.coef,Healthy,left_Healthy_sub-4082_hippocampus_lh_aligned,Healthy,left_Healthy_sub-4020_hippocampus_lh_aligned,Healthy,0.3335
lh_Healthy_aug_0084_SPHARM_ellalign.coef,Healthy,left_Healthy_sub-4082_hippocampus_lh_aligned,Healthy,left_Healthy_sub-4020_hippocampus_lh_aligned,Healthy,0.4263
lh_Healthy_aug_0085_SPHARM_ellalign.coef,Healthy,left_Healthy_sub-4082_hippocampus_lh_aligned,Healthy,left_Healthy_sub-4020_hippocampus_lh_aligned,Healthy,0.5392
lh_Healthy_aug_0086_SPHARM_ellalign.coef,Healthy,left_Healthy_sub-4082_hippocampus_lh_aligned,Healthy,left_Healthy_sub-4020_hippocampus_lh_aligned,Healthy,0.6727
lh_Healthy_aug_0087_SPHARM_ellalign.coef,Healthy,left_Healthy_sub-4082_hippocampus_lh_aligned,Healthy,left_Healthy_sub-4020_hippocampus_lh_aligned,Healthy,0.7873
lh_Healthy_aug_0088_SPHARM_ellalign.coef,Healthy,left_Healthy_sub-4082_hippocampus_lh_aligned,Healthy,left_Healthy_sub-4020_hippocampus_lh_aligned,Healthy,0.9055
lh_Healthy_aug_0089_SPHARM_ellalign.coef,Healthy,left_Healthy_sub-04211_hippocampus_lh_aligned,Healthy,left_Healthy_sub-4048_hippocampus_lh_aligned,Healthy,0.1090
lh_Healthy_aug_0090_SPHARM_ellalign.coef,Healthy,left_Healthy_sub-04211_hippocampus_lh_aligned,Healthy,left_Healthy_sub-4048_hippocampus_lh_aligned,Healthy,0.2333
lh_Healthy_aug_0091_SPHARM_ellalign.coef,Healthy,left_Healthy_sub-04211_hippocampus_lh_aligned,Healthy,left_Healthy_sub-4048_hippocampus_lh_aligned,Healthy,0.3292
lh_Healthy_aug_0092_SPHARM_ellalign.coef,Healthy,left_Healthy_sub-04211_hippocampus_lh_aligned,Healthy,left_Healthy_sub-4048_hippocampus_lh_aligned,Healthy,0.4358
lh_Healthy_aug_0093_SPHARM_ellalign.coef,Healthy,left_Healthy_sub-04211_hippocampus_lh_aligned,Healthy,left_Healthy_sub-4048_hippocampus_lh_aligned,Healthy,0.5690
lh_Healthy_aug_0094_SPHARM_ellalign.coef,Healthy,left_Healthy_sub-04211_hippocampus_lh_aligned,Healthy,left_Healthy_sub-4048_hippocampus_lh_aligned,Healthy,0.6623
lh_Healthy_aug_0095_SPHARM_ellalign.coef,Healthy,left_Healthy_sub-04211_hippocampus_lh_aligned,Healthy,left_Healthy_sub-4048_hippocampus_lh_aligned,Healthy,0.7833
lh_Healthy_aug_0096_SPHARM_ellalign.coef,Healthy,left_Healthy_sub-04211_hippocampus_lh_aligned,Healthy,left_Healthy_sub-4048_hippocampus_lh_aligned,Healthy,0.8831
lh_Healthy_aug_0097_SPHARM_ellalign.coef,Healthy,left_Healthy_sub-4088_hippocampus_lh_aligned,Healthy,left_Healthy_sub-4098_hippocampus_lh_aligned,Healthy,0.0810
lh_Healthy_aug_0098_SPHARM_ellalign.coef,Healthy,left_Healthy_sub-4088_hippocampus_lh_aligned,Healthy,left_Healthy_sub-4098_hippocampus_lh_aligned,Healthy,0.2328
lh_Healthy_aug_0099_SPHARM_ellalign.coef,Healthy,left_Healthy_sub-4088_hippocampus_lh_aligned,Healthy,left_Healthy_sub-4098_hippocampus_lh_aligned,Healthy,0.3420
lh_Healthy_aug_0100_SPHARM_ellalign.coef,Healthy,left_Healthy_sub-4088_hippocampus_lh_aligned,Healthy,left_Healthy_sub-4098_hippocampus_lh_aligned,Healthy,0.4507
lh_Healthy_aug_0101_SPHARM_ellalign.coef,Healthy,left_Healthy_sub-4088_hippocampus_lh_aligned,Healthy,left_Healthy_sub-4098_hippocampus_lh_aligned,Healthy,0.5535
lh_Healthy_aug_0102_SPHARM_ellalign.coef,Healthy,left_Healthy_sub-4088_hippocampus_lh_aligned,Healthy,left_Healthy_sub-4098_hippocampus_lh_aligned,Healthy,0.6584
lh_Healthy_aug_0103_SPHARM_ellalign.coef,Healthy,left_Healthy_sub-4088_hippocampus_lh_aligned,Healthy,left_Healthy_sub-4098_hippocampus_lh_aligned,Healthy,0.7720
lh_Healthy_aug_0104_SPHARM_ellalign.coef,Healthy,left_Healthy_sub-4088_hippocampus_lh_aligned,Healthy,left_Healthy_sub-4098_hippocampus_lh_aligned,Healthy,0.8900
lh_Healthy_aug_0105_SPHARM_ellalign.coef,Healthy,left_Healthy_sub-4031_hippocampus_lh_aligned,Healthy,left_Healthy_sub-4096_hippocampus_lh_aligned,Healthy,0.1020
lh_Healthy_aug_0106_SPHARM_ellalign.coef,Healthy,left_Healthy_sub-4031_hippocampus_lh_aligned,Healthy,left_Healthy_sub-4096_hippocampus_lh_aligned,Healthy,0.2229
lh_Healthy_aug_0107_SPHARM_ellalign.coef,Healthy,left_Healthy_sub-4031_hippocampus_lh_aligned,Healthy,left_Healthy_sub-4096_hippocampus_lh_aligned,Healthy,0.3350
lh_Healthy_aug_0108_SPHARM_ellalign.coef,Healthy,left_Healthy_sub-4031_hippocampus_lh_aligned,Healthy,left_Healthy_sub-4096_hippocampus_lh_aligned,Healthy,0.4341
lh_Healthy_aug_0109_SPHARM_ellalign.coef,Healthy,left_Healthy_sub-4031_hippocampus_lh_aligned,Healthy,left_Healthy_sub-4096_hippocampus_lh_aligned,Healthy,0.5753
lh_Healthy_aug_0110_SPHARM_ellalign.coef,Healthy,left_Healthy_sub-4031_hippocampus_lh_aligned,Healthy,left_Healthy_sub-4096_hippocampus_lh_aligned,Healthy,0.6809
lh_Healthy_aug_0111_SPHARM_ellalign.coef,Healthy,left_Healthy_sub-4031_hippocampus_lh_aligned,Healthy,left_Healthy_sub-4096_hippocampus_lh_aligned,Healthy,0.7879
lh_Healthy_aug_0112_SPHARM_ellalign.coef,Healthy,left_Healthy_sub-4031_hippocampus_lh_aligned,Healthy,left_Healthy_sub-4096_hippocampus_lh_aligned,Healthy,0.9045
lh_Healthy_aug_0113_SPHARM_ellalign.coef,Healthy,left_Healthy_sub-447_hippocampus_lh_aligned,Healthy,left_Healthy_sub-4065_hippocampus_lh_aligned,Healthy,0.0968
lh_Healthy_aug_0114_SPHARM_ellalign.coef,Healthy,left_Healthy_sub-447_hippocampus_lh_aligned,Healthy,left_Healthy_sub-4065_hippocampus_lh_aligned,Healthy,0.2042
lh_Healthy_aug_0115_SPHARM_ellalign.coef,Healthy,left_Healthy_sub-447_hippocampus_lh_aligned,Healthy,left_Healthy_sub-4065_hippocampus_lh_aligned,Healthy,0.3228
lh_Healthy_aug_0116_SPHARM_ellalign.coef,Healthy,left_Healthy_sub-447_hippocampus_lh_aligned,Healthy,left_Healthy_sub-4065_hippocampus_lh_aligned,Healthy,0.4532
lh_Healthy_aug_0117_SPHARM_ellalign.coef,Healthy,left_Healthy_sub-447_hippocampus_lh_aligned,Healthy,left_Healthy_sub-4065_hippocampus_lh_aligned,Healthy,0.5377
lh_Healthy_aug_0118_SPHARM_ellalign.coef,Healthy,left_Healthy_sub-447_hippocampus_lh_aligned,Healthy,left_Healthy_sub-4065_hippocampus_lh_aligned,Healthy,0.6561
lh_Healthy_aug_0119_SPHARM_ellalign.coef,Healthy,left_Healthy_sub-447_hippocampus_lh_aligned,Healthy,left_Healthy_sub-4065_hippocampus_lh_aligned,Healthy,0.7676
lh_Healthy_aug_0120_SPHARM_ellalign.coef,Healthy,left_Healthy_sub-447_hippocampus_lh_aligned,Healthy,left_Healthy_sub-4065_hippocampus_lh_aligned,Healthy,0.8816
lh_Healthy_aug_0121_SPHARM_ellalign.coef,Healthy,left_Healthy_sub-4081_hippocampus_lh_aligned,Healthy,left_Healthy_sub-4016_hippocampus_lh_aligned,Healthy,0.1142
lh_Healthy_aug_0122_SPHARM_ellalign.coef,Healthy,left_Healthy_sub-4081_hippocampus_lh_aligned,Healthy,left_Healthy_sub-4016_hippocampus_lh_aligned,Healthy,0.2224
lh_Healthy_aug_0123_SPHARM_ellalign.coef,Healthy,left_Healthy_sub-4081_hippocampus_lh_aligned,Healthy,left_Healthy_sub-4016_hippocampus_lh_aligned,Healthy,0.3275
lh_Healthy_aug_0124_SPHARM_ellalign.coef,Healthy,left_Healthy_sub-4081_hippocampus_lh_aligned,Healthy,left_Healthy_sub-4016_hippocampus_lh_aligned,Healthy,0.4268
lh_Healthy_aug_0125_SPHARM_ellalign.coef,Healthy,left_Healthy_sub-4081_hippocampus_lh_aligned,Healthy,left_Healthy_sub-4016_hippocampus_lh_aligned,Healthy,0.5568
lh_Healthy_aug_0126_SPHARM_ellalign.coef,Healthy,left_Healthy_sub-4081_hippocampus_lh_aligned,Healthy,left_Healthy_sub-4016_hippocampus_lh_aligned,Healthy,0.6704
lh_Healthy_aug_0127_SPHARM_ellalign.coef,Healthy,left_Healthy_sub-4081_hippocampus_lh_aligned,Healthy,left_Healthy_sub-4016_hippocampus_lh_aligned,Healthy,0.7726
lh_Healthy_aug_0128_SPHARM_ellalign.coef,Healthy,left_Healthy_sub-4081_hippocampus_lh_aligned,Healthy,left_Healthy_sub-4016_hippocampus_lh_aligned,Healthy,0.8974
lh_Healthy_aug_0129_SPHARM_ellalign.coef,Healthy,left_Healthy_sub-343_hippocampus_lh_aligned,Healthy,left_Healthy_sub-4059_hippocampus_lh_aligned,Healthy,0.0959
lh_Healthy_aug_0130_SPHARM_ellalign.coef,Healthy,left_Healthy_sub-343_hippocampus_lh_aligned,Healthy,left_Healthy_sub-4059_hippocampus_lh_aligned,Healthy,0.2189
lh_Healthy_aug_0131_SPHARM_ellalign.coef,Healthy,left_Healthy_sub-343_hippocampus_lh_aligned,Healthy,left_Healthy_sub-4059_hippocampus_lh_aligned,Healthy,0.3340
lh_Healthy_aug_0132_SPHARM_ellalign.coef,Healthy,left_Healthy_sub-343_hippocampus_lh_aligned,Healthy,left_Healthy_sub-4059_hippocampus_lh_aligned,Healthy,0.4247
lh_Healthy_aug_0133_SPHARM_ellalign.coef,Healthy,left_Healthy_sub-343_hippocampus_lh_aligned,Healthy,left_Healthy_sub-4059_hippocampus_lh_aligned,Healthy,0.5521
lh_Healthy_aug_0134_SPHARM_ellalign.coef,Healthy,left_Healthy_sub-343_hippocampus_lh_aligned,Healthy,left_Healthy_sub-4059_hippocampus_lh_aligned,Healthy,0.6765
lh_Healthy_aug_0135_SPHARM_ellalign.coef,Healthy,left_Healthy_sub-343_hippocampus_lh_aligned,Healthy,left_Healthy_sub-4059_hippocampus_lh_aligned,Healthy,0.7858
lh_Healthy_aug_0136_SPHARM_ellalign.coef,Healthy,left_Healthy_sub-343_hippocampus_lh_aligned,Healthy,left_Healthy_sub-4059_hippocampus_lh_aligned,Healthy,0.9143
lh_Healthy_aug_0137_SPHARM_ellalign.coef,Healthy,left_Healthy_sub-4093_hippocampus_lh_aligned,Healthy,left_Healthy_sub-115_hippocampus_lh_aligned,Healthy,0.1063
lh_Healthy_aug_0138_SPHARM_ellalign.coef,Healthy,left_Healthy_sub-4093_hippocampus_lh_aligned,Healthy,left_Healthy_sub-115_hippocampus_lh_aligned,Healthy,0.2008
lh_Healthy_aug_0139_SPHARM_ellalign.coef,Healthy,left_Healthy_sub-4093_hippocampus_lh_aligned,Healthy,left_Healthy_sub-115_hippocampus_lh_aligned,Healthy,0.3114
lh_Healthy_aug_0140_SPHARM_ellalign.coef,Healthy,left_Healthy_sub-4093_hippocampus_lh_aligned,Healthy,left_Healthy_sub-115_hippocampus_lh_aligned,Healthy,0.4486
lh_Healthy_aug_0141_SPHARM_ellalign.coef,Healthy,left_Healthy_sub-4093_hippocampus_lh_aligned,Healthy,left_Healthy_sub-115_hippocampus_lh_aligned,Healthy,0.5382
lh_Healthy_aug_0142_SPHARM_ellalign.coef,Healthy,left_Healthy_sub-4093_hippocampus_lh_aligned,Healthy,left_Healthy_sub-115_hippocampus_lh_aligned,Healthy,0.6749
lh_Healthy_aug_0143_SPHARM_ellalign.coef,Healthy,left_Healthy_sub-4093_hippocampus_lh_aligned,Healthy,left_Healthy_sub-115_hippocampus_lh_aligned,Healthy,0.8033
lh_Healthy_aug_0144_SPHARM_ellalign.coef,Healthy,left_Healthy_sub-4093_hippocampus_lh_aligned,Healthy,left_Healthy_sub-115_hippocampus_lh_aligned,Healthy,0.9030
lh_Healthy_aug_0145_SPHARM_ellalign.coef,Healthy,left_Healthy_sub-247_hippocampus_lh_aligned,Healthy,left_Healthy_sub-4022_hippocampus_lh_aligned,Healthy,0.0955
lh_Healthy_aug_0146_SPHARM_ellalign.coef,Healthy,left_Healthy_sub-247_hippocampus_lh_aligned,Healthy,left_Healthy_sub-4022_hippocampus_lh_aligned,Healthy,0.2200
lh_Healthy_aug_0147_SPHARM_ellalign.coef,Healthy,left_Healthy_sub-247_hippocampus_lh_aligned,Healthy,left_Healthy_sub-4022_hippocampus_lh_aligned,Healthy,0.3269
lh_Healthy_aug_0148_SPHARM_ellalign.coef,Healthy,left_Healthy_sub-247_hippocampus_lh_aligned,Healthy,left_Healthy_sub-4022_hippocampus_lh_aligned,Healthy,0.4447
lh_Healthy_aug_0149_SPHARM_ellalign.coef,Healthy,left_Healthy_sub-247_hippocampus_lh_aligned,Healthy,left_Healthy_sub-4022_hippocampus_lh_aligned,Healthy,0.5748
lh_Healthy_aug_0150_SPHARM_ellalign.coef,Healthy,left_Healthy_sub-247_hippocampus_lh_aligned,Healthy,left_Healthy_sub-4022_hippocampus_lh_aligned,Healthy,0.6669
lh_Healthy_aug_0151_SPHARM_ellalign.coef,Healthy,left_Healthy_sub-247_hippocampus_lh_aligned,Healthy,left_Healthy_sub-4022_hippocampus_lh_aligned,Healthy,0.8042
lh_Healthy_aug_0152_SPHARM_ellalign.coef,Healthy,left_Healthy_sub-247_hippocampus_lh_aligned,Healthy,left_Healthy_sub-4022_hippocampus_lh_aligned,Healthy,0.9162
lh_Healthy_aug_0153_SPHARM_ellalign.coef,Healthy,left_Healthy_sub-153_hippocampus_lh_aligned,Healthy,left_Healthy_sub-4077_hippocampus_lh_aligned,Healthy,0.0878
lh_Healthy_aug_0154_SPHARM_ellalign.coef,Healthy,left_Healthy_sub-153_hippocampus_lh_aligned,Healthy,left_Healthy_sub-4077_hippocampus_lh_aligned,Healthy,0.1971
lh_Healthy_aug_0155_SPHARM_ellalign.coef,Healthy,left_Healthy_sub-153_hippocampus_lh_aligned,Healthy,left_Healthy_sub-4077_hippocampus_lh_aligned,Healthy,0.3126
lh_Healthy_aug_0156_SPHARM_ellalign.coef,Healthy,left_Healthy_sub-153_hippocampus_lh_aligned,Healthy,left_Healthy_sub-4077_hippocampus_lh_aligned,Healthy,0.4236
lh_Healthy_aug_0157_SPHARM_ellalign.coef,Healthy,left_Healthy_sub-153_hippocampus_lh_aligned,Healthy,left_Healthy_sub-4077_hippocampus_lh_aligned,Healthy,0.5409
lh_Healthy_aug_0158_SPHARM_ellalign.coef,Healthy,left_Healthy_sub-153_hippocampus_lh_aligned,Healthy,left_Healthy_sub-4077_hippocampus_lh_aligned,Healthy,0.6787
lh_Healthy_aug_0159_SPHARM_ellalign.coef,Healthy,left_Healthy_sub-153_hippocampus_lh_aligned,Healthy,left_Healthy_sub-4077_hippocampus_lh_aligned,Healthy,0.7686
lh_Healthy_aug_0160_SPHARM_ellalign.coef,Healthy,left_Healthy_sub-153_hippocampus_lh_aligned,Healthy,left_Healthy_sub-4077_hippocampus_lh_aligned,Healthy,0.8928
lh_Healthy_aug_0161_SPHARM_ellalign.coef,Healthy,left_Healthy_sub-344_hippocampus_lh_aligned,Healthy,left_Healthy_sub-4095_hippocampus_lh_aligned,Healthy,0.1138
lh_Healthy_aug_0162_SPHARM_ellalign.coef,Healthy,left_Healthy_sub-344_hippocampus_lh_aligned,Healthy,left_Healthy_sub-4095_hippocampus_lh_aligned,Healthy,0.1952
lh_Healthy_aug_0163_SPHARM_ellalign.coef,Healthy,left_Healthy_sub-344_hippocampus_lh_aligned,Healthy,left_Healthy_sub-4095_hippocampus_lh_aligned,Healthy,0.3412
lh_Healthy_aug_0164_SPHARM_ellalign.coef,Healthy,left_Healthy_sub-344_hippocampus_lh_aligned,Healthy,left_Healthy_sub-4095_hippocampus_lh_aligned,Healthy,0.4341
lh_Healthy_aug_0165_SPHARM_ellalign.coef,Healthy,left_Healthy_sub-344_hippocampus_lh_aligned,Healthy,left_Healthy_sub-4095_hippocampus_lh_aligned,Healthy,0.5419
lh_Healthy_aug_0166_SPHARM_ellalign.coef,Healthy,left_Healthy_sub-344_hippocampus_lh_aligned,Healthy,left_Healthy_sub-4095_hippocampus_lh_aligned,Healthy,0.6793
lh_Healthy_aug_0167_SPHARM_ellalign.coef,Healthy,left_Healthy_sub-344_hippocampus_lh_aligned,Healthy,left_Healthy_sub-4095_hippocampus_lh_aligned,Healthy,0.7909
lh_Healthy_aug_0168_SPHARM_ellalign.coef,Healthy,left_Healthy_sub-344_hippocampus_lh_aligned,Healthy,left_Healthy_sub-4095_hippocampus_lh_aligned,Healthy,0.9151
lh_Healthy_aug_0169_SPHARM_ellalign.coef,Healthy,left_Healthy_sub-35232_hippocampus_lh_aligned,Healthy,left_Healthy_sub-432_hippocampus_lh_aligned,Healthy,0.1094
lh_Healthy_aug_0170_SPHARM_ellalign.coef,Healthy,left_Healthy_sub-35232_hippocampus_lh_aligned,Healthy,left_Healthy_sub-432_hippocampus_lh_aligned,Healthy,0.2264
lh_Healthy_aug_0171_SPHARM_ellalign.coef,Healthy,left_Healthy_sub-35232_hippocampus_lh_aligned,Healthy,left_Healthy_sub-432_hippocampus_lh_aligned,Healthy,0.3199
lh_Healthy_aug_0172_SPHARM_ellalign.coef,Healthy,left_Healthy_sub-35232_hippocampus_lh_aligned,Healthy,left_Healthy_sub-432_hippocampus_lh_aligned,Healthy,0.4300
lh_Healthy_aug_0173_SPHARM_ellalign.coef,Healthy,left_Healthy_sub-35232_hippocampus_lh_aligned,Healthy,left_Healthy_sub-432_hippocampus_lh_aligned,Healthy,0.5672
lh_Healthy_aug_0174_SPHARM_ellalign.coef,Healthy,left_Healthy_sub-35232_hippocampus_lh_aligned,Healthy,left_Healthy_sub-432_hippocampus_lh_aligned,Healthy,0.6837
lh_Healthy_aug_0175_SPHARM_ellalign.coef,Healthy,left_Healthy_sub-35232_hippocampus_lh_aligned,Healthy,left_Healthy_sub-432_hippocampus_lh_aligned,Healthy,0.8053
lh_Healthy_aug_0176_SPHARM_ellalign.coef,Healthy,left_Healthy_sub-35232_hippocampus_lh_aligned,Healthy,left_Healthy_sub-432_hippocampus_lh_aligned,Healthy,0.8965
lh_Healthy_aug_0177_SPHARM_ellalign.coef,Healthy,left_Healthy_sub-4032_hippocampus_lh_aligned,Healthy,left_Healthy_sub-4075_hippocampus_lh_aligned,Healthy,0.0949
lh_Healthy_aug_0178_SPHARM_ellalign.coef,Healthy,left_Healthy_sub-4032_hippocampus_lh_aligned,Healthy,left_Healthy_sub-4075_hippocampus_lh_aligned,Healthy,0.2253
lh_Healthy_aug_0179_SPHARM_ellalign.coef,Healthy,left_Healthy_sub-4032_hippocampus_lh_aligned,Healthy,left_Healthy_sub-4075_hippocampus_lh_aligned,Healthy,0.3222
lh_Healthy_aug_0180_SPHARM_ellalign.coef,Healthy,left_Healthy_sub-4032_hippocampus_lh_aligned,Healthy,left_Healthy_sub-4075_hippocampus_lh_aligned,Healthy,0.4601
lh_Healthy_aug_0181_SPHARM_ellalign.coef,Healthy,left_Healthy_sub-4032_hippocampus_lh_aligned,Healthy,left_Healthy_sub-4075_hippocampus_lh_aligned,Healthy,0.5715
lh_Healthy_aug_0182_SPHARM_ellalign.coef,Healthy,left_Healthy_sub-4032_hippocampus_lh_aligned,Healthy,left_Healthy_sub-4075_hippocampus_lh_aligned,Healthy,0.6686
lh_Healthy_aug_0183_SPHARM_ellalign.coef,Healthy,left_Healthy_sub-4032_hippocampus_lh_aligned,Healthy,left_Healthy_sub-4075_hippocampus_lh_aligned,Healthy,0.7957
lh_Healthy_aug_0184_SPHARM_ellalign.coef,Healthy,left_Healthy_sub-4032_hippocampus_lh_aligned,Healthy,left_Healthy_sub-4075_hippocampus_lh_aligned,Healthy,0.9102
lh_Healthy_aug_0185_SPHARM_ellalign.coef,Healthy,left_Healthy_sub-4014_hippocampus_lh_aligned,Healthy,left_Healthy_sub-4094_hippocampus_lh_aligned,Healthy,0.0841
lh_Healthy_aug_0186_SPHARM_ellalign.coef,Healthy,left_Healthy_sub-4014_hippocampus_lh_aligned,Healthy,left_Healthy_sub-4094_hippocampus_lh_aligned,Healthy,0.2304
lh_Healthy_aug_0187_SPHARM_ellalign.coef,Healthy,left_Healthy_sub-4014_hippocampus_lh_aligned,Healthy,left_Healthy_sub-4094_hippocampus_lh_aligned,Healthy,0.3288
lh_Healthy_aug_0188_SPHARM_ellalign.coef,Healthy,left_Healthy_sub-4014_hippocampus_lh_aligned,Healthy,left_Healthy_sub-4094_hippocampus_lh_aligned,Healthy,0.4559
lh_Healthy_aug_0189_SPHARM_ellalign.coef,Healthy,left_Healthy_sub-4014_hippocampus_lh_aligned,Healthy,left_Healthy_sub-4094_hippocampus_lh_aligned,Healthy,0.5499
lh_Healthy_aug_0190_SPHARM_ellalign.coef,Healthy,left_Healthy_sub-4014_hippocampus_lh_aligned,Healthy,left_Healthy_sub-4094_hippocampus_lh_aligned,Healthy,0.6872
lh_Healthy_aug_0191_SPHARM_ellalign.coef,Healthy,left_Healthy_sub-4014_hippocampus_lh_aligned,Healthy,left_Healthy_sub-4094_hippocampus_lh_aligned,Healthy,0.7813
lh_Healthy_aug_0192_SPHARM_ellalign.coef,Healthy,left_Healthy_sub-4014_hippocampus_lh_aligned,Healthy,left_Healthy_sub-4094_hippocampus_lh_aligned,Healthy,0.8804
lh_Healthy_aug_0193_SPHARM_ellalign.coef,Healthy,left_Healthy_sub-04215_hippocampus_lh_aligned,Healthy,left_Healthy_sub-4043_hippocampus_lh_aligned,Healthy,0.1162
lh_Healthy_aug_0194_SPHARM_ellalign.coef,Healthy,left_Healthy_sub-04215_hippocampus_lh_aligned,Healthy,left_Healthy_sub-4043_hippocampus_lh_aligned,Healthy,0.1979
lh_Healthy_aug_0195_SPHARM_ellalign.coef,Healthy,left_Healthy_sub-04215_hippocampus_lh_aligned,Healthy,left_Healthy_sub-4043_hippocampus_lh_aligned,Healthy,0.3213
lh_Healthy_aug_0196_SPHARM_ellalign.coef,Healthy,left_Healthy_sub-04215_hippocampus_lh_aligned,Healthy,left_Healthy_sub-4043_hippocampus_lh_aligned,Healthy,0.4609
lh_Healthy_aug_0197_SPHARM_ellalign.coef,Healthy,left_Healthy_sub-04215_hippocampus_lh_aligned,Healthy,left_Healthy_sub-4043_hippocampus_lh_aligned,Healthy,0.5752
lh_Healthy_aug_0198_SPHARM_ellalign.coef,Healthy,left_Healthy_sub-04215_hippocampus_lh_aligned,Healthy,left_Healthy_sub-4043_hippocampus_lh_aligned,Healthy,0.6744
lh_Healthy_aug_0199_SPHARM_ellalign.coef,Healthy,left_Healthy_sub-04215_hippocampus_lh_aligned,Healthy,left_Healthy_sub-4043_hippocampus_lh_aligned,Healthy,0.7910
lh_Healthy_aug_0200_SPHARM_ellalign.coef,Healthy,left_Healthy_sub-04215_hippocampus_lh_aligned,Healthy,left_Healthy_sub-4043_hippocampus_lh_aligned,Healthy,0.8979
lh_Healthy_aug_0201_SPHARM_ellalign.coef,Healthy,left_Healthy_sub-269_hippocampus_lh_aligned,Healthy,left_Healthy_sub-4079_hippocampus_lh_aligned,Healthy,0.0917
lh_Healthy_aug_0202_SPHARM_ellalign.coef,Healthy,left_Healthy_sub-269_hippocampus_lh_aligned,Healthy,left_Healthy_sub-4079_hippocampus_lh_aligned,Healthy,0.2074
lh_Healthy_aug_0203_SPHARM_ellalign.coef,Healthy,left_Healthy_sub-269_hippocampus_lh_aligned,Healthy,left_Healthy_sub-4079_hippocampus_lh_aligned,Healthy,0.3355
lh_Healthy_aug_0204_SPHARM_ellalign.coef,Healthy,left_Healthy_sub-269_hippocampus_lh_aligned,Healthy,left_Healthy_sub-4079_hippocampus_lh_aligned,Healthy,0.4530
lh_Healthy_aug_0205_SPHARM_ellalign.coef,Healthy,left_Healthy_sub-269_hippocampus_lh_aligned,Healthy,left_Healthy_sub-4079_hippocampus_lh_aligned,Healthy,0.5688
lh_Healthy_aug_0206_SPHARM_ellalign.coef,Healthy,left_Healthy_sub-269_hippocampus_lh_aligned,Healthy,left_Healthy_sub-4079_hippocampus_lh_aligned,Healthy,0.6830
lh_Healthy_aug_0207_SPHARM_ellalign.coef,Healthy,left_Healthy_sub-269_hippocampus_lh_aligned,Healthy,left_Healthy_sub-4079_hippocampus_lh_aligned,Healthy,0.7694
lh_Healthy_aug_0208_SPHARM_ellalign.coef,Healthy,left_Healthy_sub-269_hippocampus_lh_aligned,Healthy,left_Healthy_sub-4079_hippocampus_lh_aligned,Healthy,0.8998
lh_Healthy_aug_0209_SPHARM_ellalign.coef,Healthy,left_Healthy_sub-4097_hippocampus_lh_aligned,Healthy,left_Healthy_sub-4069_hippocampus_lh_aligned,Healthy,0.0823
lh_Healthy_aug_0210_SPHARM_ellalign.coef,Healthy,left_Healthy_sub-4097_hippocampus_lh_aligned,Healthy,left_Healthy_sub-4069_hippocampus_lh_aligned,Healthy,0.2163
lh_Healthy_aug_0211_SPHARM_ellalign.coef,Healthy,left_Healthy_sub-4097_hippocampus_lh_aligned,Healthy,left_Healthy_sub-4069_hippocampus_lh_aligned,Healthy,0.3262
lh_Healthy_aug_0212_SPHARM_ellalign.coef,Healthy,left_Healthy_sub-4097_hippocampus_lh_aligned,Healthy,left_Healthy_sub-4069_hippocampus_lh_aligned,Healthy,0.4584
lh_Healthy_aug_0213_SPHARM_ellalign.coef,Healthy,left_Healthy_sub-4097_hippocampus_lh_aligned,Healthy,left_Healthy_sub-4069_hippocampus_lh_aligned,Healthy,0.5512
lh_Healthy_aug_0214_SPHARM_ellalign.coef,Healthy,left_Healthy_sub-4097_hippocampus_lh_aligned,Healthy,left_Healthy_sub-4069_hippocampus_lh_aligned,Healthy,0.6561
lh_Healthy_aug_0215_SPHARM_ellalign.coef,Healthy,left_Healthy_sub-4097_hippocampus_lh_aligned,Healthy,left_Healthy_sub-4069_hippocampus_lh_aligned,Healthy,0.7714
lh_Healthy_aug_0216_SPHARM_ellalign.coef,Healthy,left_Healthy_sub-4097_hippocampus_lh_aligned,Healthy,left_Healthy_sub-4069_hippocampus_lh_aligned,Healthy,0.9105
lh_Healthy_aug_0217_SPHARM_ellalign.coef,Healthy,left_Healthy_sub-346_hippocampus_lh_aligned,Healthy,left_Healthy_sub-4091_hippocampus_lh_aligned,Healthy,0.1047
lh_Healthy_aug_0218_SPHARM_ellalign.coef,Healthy,left_Healthy_sub-346_hippocampus_lh_aligned,Healthy,left_Healthy_sub-4091_hippocampus_lh_aligned,Healthy,0.1983
lh_Healthy_aug_0219_SPHARM_ellalign.coef,Healthy,left_Healthy_sub-346_hippocampus_lh_aligned,Healthy,left_Healthy_sub-4091_hippocampus_lh_aligned,Healthy,0.3119
lh_Healthy_aug_0220_SPHARM_ellalign.coef,Healthy,left_Healthy_sub-346_hippocampus_lh_aligned,Healthy,left_Healthy_sub-4091_hippocampus_lh_aligned,Healthy,0.4509
lh_Healthy_aug_0221_SPHARM_ellalign.coef,Healthy,left_Healthy_sub-346_hippocampus_lh_aligned,Healthy,left_Healthy_sub-4091_hippocampus_lh_aligned,Healthy,0.5401
lh_Healthy_aug_0222_SPHARM_ellalign.coef,Healthy,left_Healthy_sub-346_hippocampus_lh_aligned,Healthy,left_Healthy_sub-4091_hippocampus_lh_aligned,Healthy,0.6843
lh_Healthy_aug_0223_SPHARM_ellalign.coef,Healthy,left_Healthy_sub-346_hippocampus_lh_aligned,Healthy,left_Healthy_sub-4091_hippocampus_lh_aligned,Healthy,0.7940
lh_Healthy_aug_0224_SPHARM_ellalign.coef,Healthy,left_Healthy_sub-346_hippocampus_lh_aligned,Healthy,left_Healthy_sub-4091_hippocampus_lh_aligned,Healthy,0.8833
lh_Healthy_aug_0225_SPHARM_ellalign.coef,Healthy,left_Healthy_sub-04013_hippocampus_lh_aligned,Healthy,left_Healthy_sub-4063_hippocampus_lh_aligned,Healthy,0.0834
lh_Healthy_aug_0226_SPHARM_ellalign.coef,Healthy,left_Healthy_sub-04013_hippocampus_lh_aligned,Healthy,left_Healthy_sub-4063_hippocampus_lh_aligned,Healthy,0.2338
lh_Healthy_aug_0227_SPHARM_ellalign.coef,Healthy,left_Healthy_sub-04013_hippocampus_lh_aligned,Healthy,left_Healthy_sub-4063_hippocampus_lh_aligned,Healthy,0.3235
lh_Healthy_aug_0228_SPHARM_ellalign.coef,Healthy,left_Healthy_sub-04013_hippocampus_lh_aligned,Healthy,left_Healthy_sub-4063_hippocampus_lh_aligned,Healthy,0.4377
lh_Healthy_aug_0229_SPHARM_ellalign.coef,Healthy,left_Healthy_sub-04013_hippocampus_lh_aligned,Healthy,left_Healthy_sub-4063_hippocampus_lh_aligned,Healthy,0.5697
lh_Healthy_aug_0230_SPHARM_ellalign.coef,Healthy,left_Healthy_sub-04013_hippocampus_lh_aligned,Healthy,left_Healthy_sub-4063_hippocampus_lh_aligned,Healthy,0.6893
lh_Healthy_aug_0231_SPHARM_ellalign.coef,Healthy,left_Healthy_sub-04013_hippocampus_lh_aligned,Healthy,left_Healthy_sub-4063_hippocampus_lh_aligned,Healthy,0.8052
lh_Healthy_aug_0232_SPHARM_ellalign.coef,Healthy,left_Healthy_sub-04013_hippocampus_lh_aligned,Healthy,left_Healthy_sub-4063_hippocampus_lh_aligned,Healthy,0.9101
lh_Healthy_aug_0233_SPHARM_ellalign.coef,Healthy,left_Healthy_sub-4056_hippocampus_lh_aligned,Healthy,left_Healthy_sub-4021_hippocampus_lh_aligned,Healthy,0.0951
lh_Healthy_aug_0234_SPHARM_ellalign.coef,Healthy,left_Healthy_sub-4056_hippocampus_lh_aligned,Healthy,left_Healthy_sub-4021_hippocampus_lh_aligned,Healthy,0.1976
lh_Healthy_aug_0235_SPHARM_ellalign.coef,Healthy,left_Healthy_sub-4056_hippocampus_lh_aligned,Healthy,left_Healthy_sub-4021_hippocampus_lh_aligned,Healthy,0.3397
lh_Healthy_aug_0236_SPHARM_ellalign.coef,Healthy,left_Healthy_sub-4056_hippocampus_lh_aligned,Healthy,left_Healthy_sub-4021_hippocampus_lh_aligned,Healthy,0.4452
lh_Healthy_aug_0237_SPHARM_ellalign.coef,Healthy,left_Healthy_sub-4056_hippocampus_lh_aligned,Healthy,left_Healthy_sub-4021_hippocampus_lh_aligned,Healthy,0.5541
lh_Healthy_aug_0238_SPHARM_ellalign.coef,Healthy,left_Healthy_sub-4056_hippocampus_lh_aligned,Healthy,left_Healthy_sub-4021_hippocampus_lh_aligned,Healthy,0.6877
lh_Healthy_aug_0239_SPHARM_ellalign.coef,Healthy,left_Healthy_sub-4056_hippocampus_lh_aligned,Healthy,left_Healthy_sub-4021_hippocampus_lh_aligned,Healthy,0.7702
lh_Healthy_aug_0240_SPHARM_ellalign.coef,Healthy,left_Healthy_sub-4056_hippocampus_lh_aligned,Healthy,left_Healthy_sub-4021_hippocampus_lh_aligned,Healthy,0.8997
lh_Healthy_aug_0241_SPHARM_ellalign.coef,Healthy,left_Healthy_sub-4092_hippocampus_lh_aligned,Healthy,left_Healthy_sub-04005_hippocampus_lh_aligned,Healthy,0.0805
lh_Healthy_aug_0242_SPHARM_ellalign.coef,Healthy,left_Healthy_sub-4092_hippocampus_lh_aligned,Healthy,left_Healthy_sub-04005_hippocampus_lh_aligned,Healthy,0.2130
lh_Healthy_aug_0243_SPHARM_ellalign.coef,Healthy,left_Healthy_sub-4092_hippocampus_lh_aligned,Healthy,left_Healthy_sub-04005_hippocampus_lh_aligned,Healthy,0.3108
lh_Healthy_aug_0244_SPHARM_ellalign.coef,Healthy,left_Healthy_sub-4092_hippocampus_lh_aligned,Healthy,left_Healthy_sub-04005_hippocampus_lh_aligned,Healthy,0.4276
lh_Healthy_aug_0245_SPHARM_ellalign.coef,Healthy,left_Healthy_sub-4092_hippocampus_lh_aligned,Healthy,left_Healthy_sub-04005_hippocampus_lh_aligned,Healthy,0.5418
lh_Healthy_aug_0246_SPHARM_ellalign.coef,Healthy,left_Healthy_sub-4092_hippocampus_lh_aligned,Healthy,left_Healthy_sub-04005_hippocampus_lh_aligned,Healthy,0.6774
lh_Healthy_aug_0247_SPHARM_ellalign.coef,Healthy,left_Healthy_sub-4092_hippocampus_lh_aligned,Healthy,left_Healthy_sub-04005_hippocampus_lh_aligned,Healthy,0.7956
lh_Healthy_aug_0248_SPHARM_ellalign.coef,Healthy,left_Healthy_sub-4092_hippocampus_lh_aligned,Healthy,left_Healthy_sub-04005_hippocampus_lh_aligned,Healthy,0.9033
lh_Healthy_aug_0249_SPHARM_ellalign.coef,Healthy,left_Healthy_sub-4028_hippocampus_lh_aligned,Healthy,left_Healthy_sub-4045_hippocampus_lh_aligned,Healthy,0.1185
lh_Healthy_aug_0250_SPHARM_ellalign.coef,Healthy,left_Healthy_sub-4028_hippocampus_lh_aligned,Healthy,left_Healthy_sub-4045_hippocampus_lh_aligned,Healthy,0.2093
lh_Healthy_aug_0251_SPHARM_ellalign.coef,Healthy,left_Healthy_sub-4028_hippocampus_lh_aligned,Healthy,left_Healthy_sub-4045_hippocampus_lh_aligned,Healthy,0.3200
lh_Healthy_aug_0252_SPHARM_ellalign.coef,Healthy,left_Healthy_sub-4028_hippocampus_lh_aligned,Healthy,left_Healthy_sub-4045_hippocampus_lh_aligned,Healthy,0.4576
lh_Healthy_aug_0253_SPHARM_ellalign.coef,Healthy,left_Healthy_sub-4028_hippocampus_lh_aligned,Healthy,left_Healthy_sub-4045_hippocampus_lh_aligned,Healthy,0.5461
lh_Healthy_aug_0254_SPHARM_ellalign.coef,Healthy,left_Healthy_sub-4028_hippocampus_lh_aligned,Healthy,left_Healthy_sub-4045_hippocampus_lh_aligned,Healthy,0.6900
lh_Healthy_aug_0255_SPHARM_ellalign.coef,Healthy,left_Healthy_sub-4028_hippocampus_lh_aligned,Healthy,left_Healthy_sub-4045_hippocampus_lh_aligned,Healthy,0.7662
lh_Healthy_aug_0256_SPHARM_ellalign.coef,Healthy,left_Healthy_sub-4028_hippocampus_lh_aligned,Healthy,left_Healthy_sub-4045_hippocampus_lh_aligned,Healthy,0.9188
lh_Healthy_aug_0257_SPHARM_ellalign.coef,Healthy,left_Healthy_sub-57_hippocampus_lh_aligned,Healthy,left_Healthy_sub-4001_hippocampus_lh_aligned,Healthy,0.0817
lh_Healthy_aug_0258_SPHARM_ellalign.coef,Healthy,left_Healthy_sub-57_hippocampus_lh_aligned,Healthy,left_Healthy_sub-4001_hippocampus_lh_aligned,Healthy,0.2299
lh_Healthy_aug_0259_SPHARM_ellalign.coef,Healthy,left_Healthy_sub-57_hippocampus_lh_aligned,Healthy,left_Healthy_sub-4001_hippocampus_lh_aligned,Healthy,0.3297
lh_Healthy_aug_0260_SPHARM_ellalign.coef,Healthy,left_Healthy_sub-57_hippocampus_lh_aligned,Healthy,left_Healthy_sub-4001_hippocampus_lh_aligned,Healthy,0.4626
lh_Healthy_aug_0261_SPHARM_ellalign.coef,Healthy,left_Healthy_sub-57_hippocampus_lh_aligned,Healthy,left_Healthy_sub-4001_hippocampus_lh_aligned,Healthy,0.5401
lh_Healthy_aug_0262_SPHARM_ellalign.coef,Healthy,left_Healthy_sub-57_hippocampus_lh_aligned,Healthy,left_Healthy_sub-4001_hippocampus_lh_aligned,Healthy,0.6736
lh_Healthy_aug_0263_SPHARM_ellalign.coef,Healthy,left_Healthy_sub-57_hippocampus_lh_aligned,Healthy,left_Healthy_sub-4001_hippocampus_lh_aligned,Healthy,0.8045
lh_Healthy_aug_0264_SPHARM_ellalign.coef,Healthy,left_Healthy_sub-57_hippocampus_lh_aligned,Healthy,left_Healthy_sub-4001_hippocampus_lh_aligned,Healthy,0.9009
lh_Healthy_aug_0265_SPHARM_ellalign.coef,Healthy,left_Healthy_sub-76_hippocampus_lh_aligned,Healthy,left_Healthy_sub-292_hippocampus_lh_aligned,Healthy,0.1052
lh_Healthy_aug_0266_SPHARM_ellalign.coef,Healthy,left_Healthy_sub-76_hippocampus_lh_aligned,Healthy,left_Healthy_sub-292_hippocampus_lh_aligned,Healthy,0.2221
lh_Healthy_aug_0267_SPHARM_ellalign.coef,Healthy,left_Healthy_sub-76_hippocampus_lh_aligned,Healthy,left_Healthy_sub-292_hippocampus_lh_aligned,Healthy,0.3268
lh_Healthy_aug_0268_SPHARM_ellalign.coef,Healthy,left_Healthy_sub-76_hippocampus_lh_aligned,Healthy,left_Healthy_sub-292_hippocampus_lh_aligned,Healthy,0.4480
lh_Healthy_aug_0269_SPHARM_ellalign.coef,Healthy,left_Healthy_sub-76_hippocampus_lh_aligned,Healthy,left_Healthy_sub-292_hippocampus_lh_aligned,Healthy,0.5605
lh_Healthy_aug_0270_SPHARM_ellalign.coef,Healthy,left_Healthy_sub-76_hippocampus_lh_aligned,Healthy,left_Healthy_sub-292_hippocampus_lh_aligned,Healthy,0.6875
lh_Healthy_aug_0271_SPHARM_ellalign.coef,Healthy,left_Healthy_sub-76_hippocampus_lh_aligned,Healthy,left_Healthy_sub-292_hippocampus_lh_aligned,Healthy,0.7675
lh_Healthy_aug_0272_SPHARM_ellalign.coef,Healthy,left_Healthy_sub-76_hippocampus_lh_aligned,Healthy,left_Healthy_sub-292_hippocampus_lh_aligned,Healthy,0.8912
lh_Healthy_aug_0273_SPHARM_ellalign.coef,Healthy,left_Healthy_sub-193_hippocampus_lh_aligned,Healthy,left_Healthy_sub-300_hippocampus_lh_aligned,Healthy,0.1180
lh_Healthy_aug_0274_SPHARM_ellalign.coef,Healthy,left_Healthy_sub-193_hippocampus_lh_aligned,Healthy,left_Healthy_sub-300_hippocampus_lh_aligned,Healthy,0.2299
lh_Healthy_aug_0275_SPHARM_ellalign.coef,Healthy,left_Healthy_sub-193_hippocampus_lh_aligned,Healthy,left_Healthy_sub-300_hippocampus_lh_aligned,Healthy,0.3268
lh_Healthy_aug_0276_SPHARM_ellalign.coef,Healthy,left_Healthy_sub-193_hippocampus_lh_aligned,Healthy,left_Healthy_sub-300_hippocampus_lh_aligned,Healthy,0.4477
lh_Healthy_aug_0277_SPHARM_ellalign.coef,Healthy,left_Healthy_sub-193_hippocampus_lh_aligned,Healthy,left_Healthy_sub-300_hippocampus_lh_aligned,Healthy,0.5482
lh_Healthy_aug_0278_SPHARM_ellalign.coef,Healthy,left_Healthy_sub-193_hippocampus_lh_aligned,Healthy,left_Healthy_sub-300_hippocampus_lh_aligned,Healthy,0.6590
lh_Healthy_aug_0279_SPHARM_ellalign.coef,Healthy,left_Healthy_sub-193_hippocampus_lh_aligned,Healthy,left_Healthy_sub-300_hippocampus_lh_aligned,Healthy,0.7843
lh_Healthy_aug_0280_SPHARM_ellalign.coef,Healthy,left_Healthy_sub-193_hippocampus_lh_aligned,Healthy,left_Healthy_sub-300_hippocampus_lh_aligned,Healthy,0.8941
lh_Healthy_aug_0281_SPHARM_ellalign.coef,Healthy,left_Healthy_sub-4018_hippocampus_lh_aligned,Healthy,left_Healthy_sub-4029_hippocampus_lh_aligned,Healthy,0.1033
lh_Healthy_aug_0282_SPHARM_ellalign.coef,Healthy,left_Healthy_sub-4018_hippocampus_lh_aligned,Healthy,left_Healthy_sub-4029_hippocampus_lh_aligned,Healthy,0.1974
lh_Healthy_aug_0283_SPHARM_ellalign.coef,Healthy,left_Healthy_sub-4018_hippocampus_lh_aligned,Healthy,left_Healthy_sub-4029_hippocampus_lh_aligned,Healthy,0.3475
lh_Healthy_aug_0284_SPHARM_ellalign.coef,Healthy,left_Healthy_sub-4018_hippocampus_lh_aligned,Healthy,left_Healthy_sub-4029_hippocampus_lh_aligned,Healthy,0.4623
lh_Healthy_aug_0285_SPHARM_ellalign.coef,Healthy,left_Healthy_sub-4018_hippocampus_lh_aligned,Healthy,left_Healthy_sub-4029_hippocampus_lh_aligned,Healthy,0.5651
lh_Healthy_aug_0286_SPHARM_ellalign.coef,Healthy,left_Healthy_sub-4018_hippocampus_lh_aligned,Healthy,left_Healthy_sub-4029_hippocampus_lh_aligned,Healthy,0.6729
lh_Healthy_aug_0287_SPHARM_ellalign.coef,Healthy,left_Healthy_sub-4018_hippocampus_lh_aligned,Healthy,left_Healthy_sub-4029_hippocampus_lh_aligned,Healthy,0.7781
lh_Healthy_aug_0288_SPHARM_ellalign.coef,Healthy,left_Healthy_sub-4018_hippocampus_lh_aligned,Healthy,left_Healthy_sub-4029_hippocampus_lh_aligned,Healthy,0.9126
lh_Healthy_aug_0289_SPHARM_ellalign.coef,Healthy,left_Healthy_sub-36966_hippocampus_lh_aligned,Healthy,left_Healthy_sub-04201_hippocampus_lh_aligned,Healthy,0.1074
lh_Healthy_aug_0290_SPHARM_ellalign.coef,Healthy,left_Healthy_sub-36966_hippocampus_lh_aligned,Healthy,left_Healthy_sub-04201_hippocampus_lh_aligned,Healthy,0.2008
lh_Healthy_aug_0291_SPHARM_ellalign.coef,Healthy,left_Healthy_sub-36966_hippocampus_lh_aligned,Healthy,left_Healthy_sub-04201_hippocampus_lh_aligned,Healthy,0.3450
lh_Healthy_aug_0292_SPHARM_ellalign.coef,Healthy,left_Healthy_sub-36966_hippocampus_lh_aligned,Healthy,left_Healthy_sub-04201_hippocampus_lh_aligned,Healthy,0.4558
lh_Healthy_aug_0293_SPHARM_ellalign.coef,Healthy,left_Healthy_sub-36966_hippocampus_lh_aligned,Healthy,left_Healthy_sub-04201_hippocampus_lh_aligned,Healthy,0.5751
lh_Healthy_aug_0294_SPHARM_ellalign.coef,Healthy,left_Healthy_sub-36966_hippocampus_lh_aligned,Healthy,left_Healthy_sub-04201_hippocampus_lh_aligned,Healthy,0.6805
lh_Healthy_aug_0295_SPHARM_ellalign.coef,Healthy,left_Healthy_sub-36966_hippocampus_lh_aligned,Healthy,left_Healthy_sub-04201_hippocampus_lh_aligned,Healthy,0.7903
lh_Healthy_aug_0296_SPHARM_ellalign.coef,Healthy,left_Healthy_sub-36966_hippocampus_lh_aligned,Healthy,left_Healthy_sub-04201_hippocampus_lh_aligned,Healthy,0.8967
lh_Healthy_aug_0297_SPHARM_ellalign.coef,Healthy,left_Healthy_sub-4013_hippocampus_lh_aligned,Healthy,left_Healthy_sub-4067_hippocampus_lh_aligned,Healthy,0.1173
lh_Healthy_aug_0298_SPHARM_ellalign.coef,Healthy,left_Healthy_sub-4013_hippocampus_lh_aligned,Healthy,left_Healthy_sub-4067_hippocampus_lh_aligned,Healthy,0.2289
lh_Healthy_aug_0299_SPHARM_ellalign.coef,Healthy,left_Healthy_sub-4013_hippocampus_lh_aligned,Healthy,left_Healthy_sub-4067_hippocampus_lh_aligned,Healthy,0.3104
lh_Healthy_aug_0300_SPHARM_ellalign.coef,Healthy,left_Healthy_sub-4013_hippocampus_lh_aligned,Healthy,left_Healthy_sub-4067_hippocampus_lh_aligned,Healthy,0.4239
lh_Healthy_aug_0301_SPHARM_ellalign.coef,Healthy,left_Healthy_sub-4013_hippocampus_lh_aligned,Healthy,left_Healthy_sub-4067_hippocampus_lh_aligned,Healthy,0.5522
lh_Healthy_aug_0302_SPHARM_ellalign.coef,Healthy,left_Healthy_sub-4013_hippocampus_lh_aligned,Healthy,left_Healthy_sub-4067_hippocampus_lh_aligned,Healthy,0.6839
lh_Healthy_aug_0303_SPHARM_ellalign.coef,Healthy,left_Healthy_sub-4013_hippocampus_lh_aligned,Healthy,left_Healthy_sub-4067_hippocampus_lh_aligned,Healthy,0.8052
lh_Healthy_aug_0304_SPHARM_ellalign.coef,Healthy,left_Healthy_sub-4013_hippocampus_lh_aligned,Healthy,left_Healthy_sub-4067_hippocampus_lh_aligned,Healthy,0.8860
lh_Healthy_aug_0305_SPHARM_ellalign.coef,Healthy,left_Healthy_sub-152_hippocampus_lh_aligned,Healthy,left_Healthy_sub-246_hippocampus_lh_aligned,Healthy,0.1038
lh_Healthy_aug_0306_SPHARM_ellalign.coef,Healthy,left_Healthy_sub-152_hippocampus_lh_aligned,Healthy,left_Healthy_sub-246_hippocampus_lh_aligned,Healthy,0.2095
lh_Healthy_aug_0307_SPHARM_ellalign.coef,Healthy,left_Healthy_sub-152_hippocampus_lh_aligned,Healthy,left_Healthy_sub-246_hippocampus_lh_aligned,Healthy,0.3474
lh_Healthy_aug_0308_SPHARM_ellalign.coef,Healthy,left_Healthy_sub-152_hippocampus_lh_aligned,Healthy,left_Healthy_sub-246_hippocampus_lh_aligned,Healthy,0.4565
lh_Healthy_aug_0309_SPHARM_ellalign.coef,Healthy,left_Healthy_sub-152_hippocampus_lh_aligned,Healthy,left_Healthy_sub-246_hippocampus_lh_aligned,Healthy,0.5707
lh_Healthy_aug_0310_SPHARM_ellalign.coef,Healthy,left_Healthy_sub-152_hippocampus_lh_aligned,Healthy,left_Healthy_sub-246_hippocampus_lh_aligned,Healthy,0.6702
lh_Healthy_aug_0311_SPHARM_ellalign.coef,Healthy,left_Healthy_sub-152_hippocampus_lh_aligned,Healthy,left_Healthy_sub-246_hippocampus_lh_aligned,Healthy,0.7823
lh_Healthy_aug_0312_SPHARM_ellalign.coef,Healthy,left_Healthy_sub-152_hippocampus_lh_aligned,Healthy,left_Healthy_sub-246_hippocampus_lh_aligned,Healthy,0.8909
lh_Healthy_aug_0313_SPHARM_ellalign.coef,Healthy,left_Healthy_sub-64_hippocampus_lh_aligned,Healthy,left_Healthy_sub-405_hippocampus_lh_aligned,Healthy,0.0823
lh_Healthy_aug_0314_SPHARM_ellalign.coef,Healthy,left_Healthy_sub-64_hippocampus_lh_aligned,Healthy,left_Healthy_sub-405_hippocampus_lh_aligned,Healthy,0.2289
lh_Healthy_aug_0315_SPHARM_ellalign.coef,Healthy,left_Healthy_sub-64_hippocampus_lh_aligned,Healthy,left_Healthy_sub-405_hippocampus_lh_aligned,Healthy,0.3411
lh_Healthy_aug_0316_SPHARM_ellalign.coef,Healthy,left_Healthy_sub-64_hippocampus_lh_aligned,Healthy,left_Healthy_sub-405_hippocampus_lh_aligned,Healthy,0.4628
lh_Healthy_aug_0317_SPHARM_ellalign.coef,Healthy,left_Healthy_sub-64_hippocampus_lh_aligned,Healthy,left_Healthy_sub-405_hippocampus_lh_aligned,Healthy,0.5770
lh_Healthy_aug_0318_SPHARM_ellalign.coef,Healthy,left_Healthy_sub-64_hippocampus_lh_aligned,Healthy,left_Healthy_sub-405_hippocampus_lh_aligned,Healthy,0.6736
lh_Healthy_aug_0319_SPHARM_ellalign.coef,Healthy,left_Healthy_sub-64_hippocampus_lh_aligned,Healthy,left_Healthy_sub-405_hippocampus_lh_aligned,Healthy,0.7965
lh_Healthy_aug_0320_SPHARM_ellalign.coef,Healthy,left_Healthy_sub-64_hippocampus_lh_aligned,Healthy,left_Healthy_sub-405_hippocampus_lh_aligned,Healthy,0.9178
lh_Healthy_aug_0321_SPHARM_ellalign.coef,Healthy,left_Healthy_sub-155_hippocampus_lh_aligned,Healthy,left_Healthy_sub-4010_hippocampus_lh_aligned,Healthy,0.1140
lh_Healthy_aug_0322_SPHARM_ellalign.coef,Healthy,left_Healthy_sub-155_hippocampus_lh_aligned,Healthy,left_Healthy_sub-4010_hippocampus_lh_aligned,Healthy,0.2042
lh_Healthy_aug_0323_SPHARM_ellalign.coef,Healthy,left_Healthy_sub-155_hippocampus_lh_aligned,Healthy,left_Healthy_sub-4010_hippocampus_lh_aligned,Healthy,0.3266
lh_Healthy_aug_0324_SPHARM_ellalign.coef,Healthy,left_Healthy_sub-155_hippocampus_lh_aligned,Healthy,left_Healthy_sub-4010_hippocampus_lh_aligned,Healthy,0.4280
lh_Healthy_aug_0325_SPHARM_ellalign.coef,Healthy,left_Healthy_sub-155_hippocampus_lh_aligned,Healthy,left_Healthy_sub-4010_hippocampus_lh_aligned,Healthy,0.5753
lh_Healthy_aug_0326_SPHARM_ellalign.coef,Healthy,left_Healthy_sub-155_hippocampus_lh_aligned,Healthy,left_Healthy_sub-4010_hippocampus_lh_aligned,Healthy,0.6757
lh_Healthy_aug_0327_SPHARM_ellalign.coef,Healthy,left_Healthy_sub-155_hippocampus_lh_aligned,Healthy,left_Healthy_sub-4010_hippocampus_lh_aligned,Healthy,0.7749
lh_Healthy_aug_0328_SPHARM_ellalign.coef,Healthy,left_Healthy_sub-155_hippocampus_lh_aligned,Healthy,left_Healthy_sub-4010_hippocampus_lh_aligned,Healthy,0.9069
lh_Healthy_aug_0329_SPHARM_ellalign.coef,Healthy,left_Healthy_sub-4080_hippocampus_lh_aligned,Healthy,left_Healthy_sub-126_hippocampus_lh_aligned,Healthy,0.1047
lh_Healthy_aug_0330_SPHARM_ellalign.coef,Healthy,left_Healthy_sub-4080_hippocampus_lh_aligned,Healthy,left_Healthy_sub-126_hippocampus_lh_aligned,Healthy,0.2086
lh_Healthy_aug_0331_SPHARM_ellalign.coef,Healthy,left_Healthy_sub-4080_hippocampus_lh_aligned,Healthy,left_Healthy_sub-126_hippocampus_lh_aligned,Healthy,0.3131
lh_Healthy_aug_0332_SPHARM_ellalign.coef,Healthy,left_Healthy_sub-4080_hippocampus_lh_aligned,Healthy,left_Healthy_sub-126_hippocampus_lh_aligned,Healthy,0.4497
lh_Healthy_aug_0333_SPHARM_ellalign.coef,Healthy,left_Healthy_sub-4080_hippocampus_lh_aligned,Healthy,left_Healthy_sub-126_hippocampus_lh_aligned,Healthy,0.5580
lh_Healthy_aug_0334_SPHARM_ellalign.coef,Healthy,left_Healthy_sub-4080_hippocampus_lh_aligned,Healthy,left_Healthy_sub-126_hippocampus_lh_aligned,Healthy,0.6823
lh_Healthy_aug_0335_SPHARM_ellalign.coef,Healthy,left_Healthy_sub-4080_hippocampus_lh_aligned,Healthy,left_Healthy_sub-126_hippocampus_lh_aligned,Healthy,0.7865
lh_Healthy_aug_0336_SPHARM_ellalign.coef,Healthy,left_Healthy_sub-4080_hippocampus_lh_aligned,Healthy,left_Healthy_sub-126_hippocampus_lh_aligned,Healthy,0.9141
lh_Healthy_aug_0337_SPHARM_ellalign.coef,Healthy,left_Healthy_sub-04178_hippocampus_lh_aligned,Healthy,left_Healthy_sub-84_hippocampus_lh_aligned,Healthy,0.1021
lh_Healthy_aug_0338_SPHARM_ellalign.coef,Healthy,left_Healthy_sub-04178_hippocampus_lh_aligned,Healthy,left_Healthy_sub-84_hippocampus_lh_aligned,Healthy,0.2167
lh_Healthy_aug_0339_SPHARM_ellalign.coef,Healthy,left_Healthy_sub-04178_hippocampus_lh_aligned,Healthy,left_Healthy_sub-84_hippocampus_lh_aligned,Healthy,0.3436
lh_Healthy_aug_0340_SPHARM_ellalign.coef,Healthy,left_Healthy_sub-04178_hippocampus_lh_aligned,Healthy,left_Healthy_sub-84_hippocampus_lh_aligned,Healthy,0.4390
lh_Healthy_aug_0341_SPHARM_ellalign.coef,Healthy,left_Healthy_sub-04178_hippocampus_lh_aligned,Healthy,left_Healthy_sub-84_hippocampus_lh_aligned,Healthy,0.5425
lh_Healthy_aug_0342_SPHARM_ellalign.coef,Healthy,left_Healthy_sub-04178_hippocampus_lh_aligned,Healthy,left_Healthy_sub-84_hippocampus_lh_aligned,Healthy,0.6526
lh_Healthy_aug_0343_SPHARM_ellalign.coef,Healthy,left_Healthy_sub-04178_hippocampus_lh_aligned,Healthy,left_Healthy_sub-84_hippocampus_lh_aligned,Healthy,0.7959
lh_Healthy_aug_0344_SPHARM_ellalign.coef,Healthy,left_Healthy_sub-04178_hippocampus_lh_aligned,Healthy,left_Healthy_sub-84_hippocampus_lh_aligned,Healthy,0.9048
lh_Healthy_aug_0345_SPHARM_ellalign.coef,Healthy,left_Healthy_sub-4046_hippocampus_lh_aligned,Healthy,left_Healthy_sub-31_hippocampus_lh_aligned,Healthy,0.1082
lh_Healthy_aug_0346_SPHARM_ellalign.coef,Healthy,left_Healthy_sub-4046_hippocampus_lh_aligned,Healthy,left_Healthy_sub-31_hippocampus_lh_aligned,Healthy,0.2028
lh_Healthy_aug_0347_SPHARM_ellalign.coef,Healthy,left_Healthy_sub-4046_hippocampus_lh_aligned,Healthy,left_Healthy_sub-31_hippocampus_lh_aligned,Healthy,0.3140
lh_Healthy_aug_0348_SPHARM_ellalign.coef,Healthy,left_Healthy_sub-4046_hippocampus_lh_aligned,Healthy,left_Healthy_sub-31_hippocampus_lh_aligned,Healthy,0.4234
lh_Healthy_aug_0349_SPHARM_ellalign.coef,Healthy,left_Healthy_sub-4046_hippocampus_lh_aligned,Healthy,left_Healthy_sub-31_hippocampus_lh_aligned,Healthy,0.5512
lh_Healthy_aug_0350_SPHARM_ellalign.coef,Healthy,left_Healthy_sub-4046_hippocampus_lh_aligned,Healthy,left_Healthy_sub-31_hippocampus_lh_aligned,Healthy,0.6750
lh_Healthy_aug_0351_SPHARM_ellalign.coef,Healthy,left_Healthy_sub-4046_hippocampus_lh_aligned,Healthy,left_Healthy_sub-31_hippocampus_lh_aligned,Healthy,0.7814
lh_Healthy_aug_0352_SPHARM_ellalign.coef,Healthy,left_Healthy_sub-4046_hippocampus_lh_aligned,Healthy,left_Healthy_sub-31_hippocampus_lh_aligned,Healthy,0.8975
lh_Healthy_aug_0353_SPHARM_ellalign.coef,Healthy,left_Healthy_sub-4040_hippocampus_lh_aligned,Healthy,left_Healthy_sub-4055_hippocampus_lh_aligned,Healthy,0.1162
lh_Healthy_aug_0354_SPHARM_ellalign.coef,Healthy,left_Healthy_sub-4040_hippocampus_lh_aligned,Healthy,left_Healthy_sub-4055_hippocampus_lh_aligned,Healthy,0.2082
lh_Healthy_aug_0355_SPHARM_ellalign.coef,Healthy,left_Healthy_sub-4040_hippocampus_lh_aligned,Healthy,left_Healthy_sub-4055_hippocampus_lh_aligned,Healthy,0.3291
lh_Healthy_aug_0356_SPHARM_ellalign.coef,Healthy,left_Healthy_sub-4040_hippocampus_lh_aligned,Healthy,left_Healthy_sub-4055_hippocampus_lh_aligned,Healthy,0.4542
lh_Healthy_aug_0357_SPHARM_ellalign.coef,Healthy,left_Healthy_sub-4040_hippocampus_lh_aligned,Healthy,left_Healthy_sub-4055_hippocampus_lh_aligned,Healthy,0.5530
lh_Healthy_aug_0358_SPHARM_ellalign.coef,Healthy,left_Healthy_sub-4040_hippocampus_lh_aligned,Healthy,left_Healthy_sub-4055_hippocampus_lh_aligned,Healthy,0.6763
lh_Healthy_aug_0359_SPHARM_ellalign.coef,Healthy,left_Healthy_sub-4040_hippocampus_lh_aligned,Healthy,left_Healthy_sub-4055_hippocampus_lh_aligned,Healthy,0.8002
lh_Healthy_aug_0360_SPHARM_ellalign.coef,Healthy,left_Healthy_sub-4040_hippocampus_lh_aligned,Healthy,left_Healthy_sub-4055_hippocampus_lh_aligned,Healthy,0.9180
lh_Healthy_aug_0361_SPHARM_ellalign.coef,Healthy,left_Healthy_sub-4037_hippocampus_lh_aligned,Healthy,left_Healthy_sub-70_hippocampus_lh_aligned,Healthy,0.0859
lh_Healthy_aug_0362_SPHARM_ellalign.coef,Healthy,left_Healthy_sub-4037_hippocampus_lh_aligned,Healthy,left_Healthy_sub-70_hippocampus_lh_aligned,Healthy,0.2313
lh_Healthy_aug_0363_SPHARM_ellalign.coef,Healthy,left_Healthy_sub-4037_hippocampus_lh_aligned,Healthy,left_Healthy_sub-70_hippocampus_lh_aligned,Healthy,0.3283
lh_Healthy_aug_0364_SPHARM_ellalign.coef,Healthy,left_Healthy_sub-4037_hippocampus_lh_aligned,Healthy,left_Healthy_sub-70_hippocampus_lh_aligned,Healthy,0.4332
lh_Healthy_aug_0365_SPHARM_ellalign.coef,Healthy,left_Healthy_sub-4037_hippocampus_lh_aligned,Healthy,left_Healthy_sub-70_hippocampus_lh_aligned,Healthy,0.5555
lh_Healthy_aug_0366_SPHARM_ellalign.coef,Healthy,left_Healthy_sub-4037_hippocampus_lh_aligned,Healthy,left_Healthy_sub-70_hippocampus_lh_aligned,Healthy,0.6906
lh_Healthy_aug_0367_SPHARM_ellalign.coef,Healthy,left_Healthy_sub-4037_hippocampus_lh_aligned,Healthy,left_Healthy_sub-70_hippocampus_lh_aligned,Healthy,0.7854
lh_Healthy_aug_0368_SPHARM_ellalign.coef,Healthy,left_Healthy_sub-4037_hippocampus_lh_aligned,Healthy,left_Healthy_sub-70_hippocampus_lh_aligned,Healthy,0.8932
lh_Healthy_aug_0369_SPHARM_ellalign.coef,Healthy,left_Healthy_sub-233_hippocampus_lh_aligned,Healthy,left_Healthy_sub-114_hippocampus_lh_aligned,Healthy,0.1053
lh_Healthy_aug_0370_SPHARM_ellalign.coef,Healthy,left_Healthy_sub-233_hippocampus_lh_aligned,Healthy,left_Healthy_sub-114_hippocampus_lh_aligned,Healthy,0.2039
lh_Healthy_aug_0371_SPHARM_ellalign.coef,Healthy,left_Healthy_sub-233_hippocampus_lh_aligned,Healthy,left_Healthy_sub-114_hippocampus_lh_aligned,Healthy,0.3116
lh_Healthy_aug_0372_SPHARM_ellalign.coef,Healthy,left_Healthy_sub-233_hippocampus_lh_aligned,Healthy,left_Healthy_sub-114_hippocampus_lh_aligned,Healthy,0.4280
lh_Healthy_aug_0373_SPHARM_ellalign.coef,Healthy,left_Healthy_sub-233_hippocampus_lh_aligned,Healthy,left_Healthy_sub-114_hippocampus_lh_aligned,Healthy,0.5423
lh_Healthy_aug_0374_SPHARM_ellalign.coef,Healthy,left_Healthy_sub-233_hippocampus_lh_aligned,Healthy,left_Healthy_sub-114_hippocampus_lh_aligned,Healthy,0.6575
lh_Healthy_aug_0375_SPHARM_ellalign.coef,Healthy,left_Healthy_sub-233_hippocampus_lh_aligned,Healthy,left_Healthy_sub-114_hippocampus_lh_aligned,Healthy,0.7713
lh_Healthy_aug_0376_SPHARM_ellalign.coef,Healthy,left_Healthy_sub-233_hippocampus_lh_aligned,Healthy,left_Healthy_sub-114_hippocampus_lh_aligned,Healthy,0.9056
lh_Healthy_aug_0377_SPHARM_ellalign.coef,Healthy,left_Healthy_sub-4038_hippocampus_lh_aligned,Healthy,left_Healthy_sub-4083_hippocampus_lh_aligned,Healthy,0.0873
lh_Healthy_aug_0378_SPHARM_ellalign.coef,Healthy,left_Healthy_sub-4038_hippocampus_lh_aligned,Healthy,left_Healthy_sub-4083_hippocampus_lh_aligned,Healthy,0.2081
lh_Healthy_aug_0379_SPHARM_ellalign.coef,Healthy,left_Healthy_sub-4038_hippocampus_lh_aligned,Healthy,left_Healthy_sub-4083_hippocampus_lh_aligned,Healthy,0.3444
lh_Healthy_aug_0380_SPHARM_ellalign.coef,Healthy,left_Healthy_sub-4038_hippocampus_lh_aligned,Healthy,left_Healthy_sub-4083_hippocampus_lh_aligned,Healthy,0.4418
lh_Healthy_aug_0381_SPHARM_ellalign.coef,Healthy,left_Healthy_sub-4038_hippocampus_lh_aligned,Healthy,left_Healthy_sub-4083_hippocampus_lh_aligned,Healthy,0.5638
lh_Healthy_aug_0382_SPHARM_ellalign.coef,Healthy,left_Healthy_sub-4038_hippocampus_lh_aligned,Healthy,left_Healthy_sub-4083_hippocampus_lh_aligned,Healthy,0.6583
lh_Healthy_aug_0383_SPHARM_ellalign.coef,Healthy,left_Healthy_sub-4038_hippocampus_lh_aligned,Healthy,left_Healthy_sub-4083_hippocampus_lh_aligned,Healthy,0.7734
lh_Healthy_aug_0384_SPHARM_ellalign.coef,Healthy,left_Healthy_sub-4038_hippocampus_lh_aligned,Healthy,left_Healthy_sub-4083_hippocampus_lh_aligned,Healthy,0.8816
lh_Healthy_aug_0385_SPHARM_ellalign.coef,Healthy,left_Healthy_sub-374_hippocampus_lh_aligned,Healthy,left_Healthy_sub-04009_hippocampus_lh_aligned,Healthy,0.0868
lh_Healthy_aug_0386_SPHARM_ellalign.coef,Healthy,left_Healthy_sub-374_hippocampus_lh_aligned,Healthy,left_Healthy_sub-04009_hippocampus_lh_aligned,Healthy,0.2054
lh_Healthy_aug_0387_SPHARM_ellalign.coef,Healthy,left_Healthy_sub-374_hippocampus_lh_aligned,Healthy,left_Healthy_sub-04009_hippocampus_lh_aligned,Healthy,0.3157
lh_Healthy_aug_0388_SPHARM_ellalign.coef,Healthy,left_Healthy_sub-374_hippocampus_lh_aligned,Healthy,left_Healthy_sub-04009_hippocampus_lh_aligned,Healthy,0.4264
lh_Healthy_aug_0389_SPHARM_ellalign.coef,Healthy,left_Healthy_sub-374_hippocampus_lh_aligned,Healthy,left_Healthy_sub-04009_hippocampus_lh_aligned,Healthy,0.5420
lh_Healthy_aug_0390_SPHARM_ellalign.coef,Healthy,left_Healthy_sub-374_hippocampus_lh_aligned,Healthy,left_Healthy_sub-04009_hippocampus_lh_aligned,Healthy,0.6699
lh_Healthy_aug_0391_SPHARM_ellalign.coef,Healthy,left_Healthy_sub-374_hippocampus_lh_aligned,Healthy,left_Healthy_sub-04009_hippocampus_lh_aligned,Healthy,0.7740
lh_Healthy_aug_0392_SPHARM_ellalign.coef,Healthy,left_Healthy_sub-374_hippocampus_lh_aligned,Healthy,left_Healthy_sub-04009_hippocampus_lh_aligned,Healthy,0.8946
lh_Healthy_aug_0393_SPHARM_ellalign.coef,Healthy,left_Healthy_sub-404_hippocampus_lh_aligned,Healthy,left_Healthy_sub-4058_hippocampus_lh_aligned,Healthy,0.1001
lh_Healthy_aug_0394_SPHARM_ellalign.coef,Healthy,left_Healthy_sub-404_hippocampus_lh_aligned,Healthy,left_Healthy_sub-4058_hippocampus_lh_aligned,Healthy,0.2219
lh_Healthy_aug_0395_SPHARM_ellalign.coef,Healthy,left_Healthy_sub-404_hippocampus_lh_aligned,Healthy,left_Healthy_sub-4058_hippocampus_lh_aligned,Healthy,0.3101
lh_Healthy_aug_0396_SPHARM_ellalign.coef,Healthy,left_Healthy_sub-404_hippocampus_lh_aligned,Healthy,left_Healthy_sub-4058_hippocampus_lh_aligned,Healthy,0.4548
lh_Healthy_aug_0397_SPHARM_ellalign.coef,Healthy,left_Healthy_sub-404_hippocampus_lh_aligned,Healthy,left_Healthy_sub-4058_hippocampus_lh_aligned,Healthy,0.5623
lh_Healthy_aug_0398_SPHARM_ellalign.coef,Healthy,left_Healthy_sub-404_hippocampus_lh_aligned,Healthy,left_Healthy_sub-4058_hippocampus_lh_aligned,Healthy,0.6547
lh_Healthy_aug_0399_SPHARM_ellalign.coef,Healthy,left_Healthy_sub-404_hippocampus_lh_aligned,Healthy,left_Healthy_sub-4058_hippocampus_lh_aligned,Healthy,0.8007
lh_Healthy_aug_0400_SPHARM_ellalign.coef,Healthy,left_Healthy_sub-404_hippocampus_lh_aligned,Healthy,left_Healthy_sub-4058_hippocampus_lh_aligned,Healthy,0.9168
lh_Healthy_aug_0401_SPHARM_ellalign.coef,Healthy,left_Healthy_sub-04004_hippocampus_lh_aligned,Healthy,left_Healthy_sub-377_hippocampus_lh_aligned,Healthy,0.0824
lh_Healthy_aug_0402_SPHARM_ellalign.coef,Healthy,left_Healthy_sub-04004_hippocampus_lh_aligned,Healthy,left_Healthy_sub-377_hippocampus_lh_aligned,Healthy,0.2054
lh_Healthy_aug_0403_SPHARM_ellalign.coef,Healthy,left_Healthy_sub-04004_hippocampus_lh_aligned,Healthy,left_Healthy_sub-377_hippocampus_lh_aligned,Healthy,0.3408
lh_Healthy_aug_0404_SPHARM_ellalign.coef,Healthy,left_Healthy_sub-04004_hippocampus_lh_aligned,Healthy,left_Healthy_sub-377_hippocampus_lh_aligned,Healthy,0.4528
lh_Healthy_aug_0405_SPHARM_ellalign.coef,Healthy,left_Healthy_sub-04004_hippocampus_lh_aligned,Healthy,left_Healthy_sub-377_hippocampus_lh_aligned,Healthy,0.5445
lh_Healthy_aug_0406_SPHARM_ellalign.coef,Healthy,left_Healthy_sub-04004_hippocampus_lh_aligned,Healthy,left_Healthy_sub-377_hippocampus_lh_aligned,Healthy,0.6598
lh_Healthy_aug_0407_SPHARM_ellalign.coef,Healthy,left_Healthy_sub-04004_hippocampus_lh_aligned,Healthy,left_Healthy_sub-377_hippocampus_lh_aligned,Healthy,0.7805
lh_Healthy_aug_0408_SPHARM_ellalign.coef,Healthy,left_Healthy_sub-04004_hippocampus_lh_aligned,Healthy,left_Healthy_sub-377_hippocampus_lh_aligned,Healthy,0.8994
lh_Healthy_aug_0409_SPHARM_ellalign.coef,Healthy,left_Healthy_sub-4015_hippocampus_lh_aligned,Healthy,left_Healthy_sub-4066_hippocampus_lh_aligned,Healthy,0.1047
lh_Healthy_aug_0410_SPHARM_ellalign.coef,Healthy,left_Healthy_sub-4015_hippocampus_lh_aligned,Healthy,left_Healthy_sub-4066_hippocampus_lh_aligned,Healthy,0.2090
lh_Healthy_aug_0411_SPHARM_ellalign.coef,Healthy,left_Healthy_sub-4015_hippocampus_lh_aligned,Healthy,left_Healthy_sub-4066_hippocampus_lh_aligned,Healthy,0.3271
lh_Healthy_aug_0412_SPHARM_ellalign.coef,Healthy,left_Healthy_sub-4015_hippocampus_lh_aligned,Healthy,left_Healthy_sub-4066_hippocampus_lh_aligned,Healthy,0.4528
lh_Healthy_aug_0413_SPHARM_ellalign.coef,Healthy,left_Healthy_sub-4015_hippocampus_lh_aligned,Healthy,left_Healthy_sub-4066_hippocampus_lh_aligned,Healthy,0.5386
lh_Healthy_aug_0414_SPHARM_ellalign.coef,Healthy,left_Healthy_sub-4015_hippocampus_lh_aligned,Healthy,left_Healthy_sub-4066_hippocampus_lh_aligned,Healthy,0.6615
lh_Healthy_aug_0415_SPHARM_ellalign.coef,Healthy,left_Healthy_sub-4015_hippocampus_lh_aligned,Healthy,left_Healthy_sub-4066_hippocampus_lh_aligned,Healthy,0.7942
lh_Healthy_aug_0416_SPHARM_ellalign.coef,Healthy,left_Healthy_sub-4015_hippocampus_lh_aligned,Healthy,left_Healthy_sub-4066_hippocampus_lh_aligned,Healthy,0.9158
lh_Healthy_aug_0417_SPHARM_ellalign.coef,Healthy,left_Healthy_sub-197_hippocampus_lh_aligned,Healthy,left_Healthy_sub-4008_hippocampus_lh_aligned,Healthy,0.1005
lh_Healthy_aug_0418_SPHARM_ellalign.coef,Healthy,left_Healthy_sub-197_hippocampus_lh_aligned,Healthy,left_Healthy_sub-4008_hippocampus_lh_aligned,Healthy,0.2156
lh_Healthy_aug_0419_SPHARM_ellalign.coef,Healthy,left_Healthy_sub-197_hippocampus_lh_aligned,Healthy,left_Healthy_sub-4008_hippocampus_lh_aligned,Healthy,0.3129
lh_Healthy_aug_0420_SPHARM_ellalign.coef,Healthy,left_Healthy_sub-197_hippocampus_lh_aligned,Healthy,left_Healthy_sub-4008_hippocampus_lh_aligned,Healthy,0.4408
lh_Healthy_aug_0421_SPHARM_ellalign.coef,Healthy,left_Healthy_sub-197_hippocampus_lh_aligned,Healthy,left_Healthy_sub-4008_hippocampus_lh_aligned,Healthy,0.5584
lh_Healthy_aug_0422_SPHARM_ellalign.coef,Healthy,left_Healthy_sub-197_hippocampus_lh_aligned,Healthy,left_Healthy_sub-4008_hippocampus_lh_aligned,Healthy,0.6611
lh_Healthy_aug_0423_SPHARM_ellalign.coef,Healthy,left_Healthy_sub-197_hippocampus_lh_aligned,Healthy,left_Healthy_sub-4008_hippocampus_lh_aligned,Healthy,0.7765
lh_Healthy_aug_0424_SPHARM_ellalign.coef,Healthy,left_Healthy_sub-197_hippocampus_lh_aligned,Healthy,left_Healthy_sub-4008_hippocampus_lh_aligned,Healthy,0.8951
lh_Healthy_aug_0425_SPHARM_ellalign.coef,Healthy,left_Healthy_sub-4030_hippocampus_lh_aligned,Healthy,left_Healthy_sub-04217_hippocampus_lh_aligned,Healthy,0.0808
lh_Healthy_aug_0426_SPHARM_ellalign.coef,Healthy,left_Healthy_sub-4030_hippocampus_lh_aligned,Healthy,left_Healthy_sub-04217_hippocampus_lh_aligned,Healthy,0.2072
lh_Healthy_aug_0427_SPHARM_ellalign.coef,Healthy,left_Healthy_sub-4030_hippocampus_lh_aligned,Healthy,left_Healthy_sub-04217_hippocampus_lh_aligned,Healthy,0.3170
lh_Healthy_aug_0428_SPHARM_ellalign.coef,Healthy,left_Healthy_sub-4030_hippocampus_lh_aligned,Healthy,left_Healthy_sub-04217_hippocampus_lh_aligned,Healthy,0.4360
lh_Healthy_aug_0429_SPHARM_ellalign.coef,Healthy,left_Healthy_sub-4030_hippocampus_lh_aligned,Healthy,left_Healthy_sub-04217_hippocampus_lh_aligned,Healthy,0.5419
lh_Healthy_aug_0430_SPHARM_ellalign.coef,Healthy,left_Healthy_sub-4030_hippocampus_lh_aligned,Healthy,left_Healthy_sub-04217_hippocampus_lh_aligned,Healthy,0.6870
lh_Healthy_aug_0431_SPHARM_ellalign.coef,Healthy,left_Healthy_sub-4030_hippocampus_lh_aligned,Healthy,left_Healthy_sub-04217_hippocampus_lh_aligned,Healthy,0.7895
lh_Healthy_aug_0432_SPHARM_ellalign.coef,Healthy,left_Healthy_sub-4030_hippocampus_lh_aligned,Healthy,left_Healthy_sub-04217_hippocampus_lh_aligned,Healthy,0.9072
lh_Healthy_aug_0433_SPHARM_ellalign.coef,Healthy,left_Healthy_sub-101_hippocampus_lh_aligned,Healthy,left_Healthy_sub-41_hippocampus_lh_aligned,Healthy,0.1116
lh_Healthy_aug_0434_SPHARM_ellalign.coef,Healthy,left_Healthy_sub-101_hippocampus_lh_aligned,Healthy,left_Healthy_sub-41_hippocampus_lh_aligned,Healthy,0.2142
lh_Healthy_aug_0435_SPHARM_ellalign.coef,Healthy,left_Healthy_sub-101_hippocampus_lh_aligned,Healthy,left_Healthy_sub-41_hippocampus_lh_aligned,Healthy,0.3120
lh_Healthy_aug_0436_SPHARM_ellalign.coef,Healthy,left_Healthy_sub-101_hippocampus_lh_aligned,Healthy,left_Healthy_sub-41_hippocampus_lh_aligned,Healthy,0.4443
lh_Healthy_aug_0437_SPHARM_ellalign.coef,Healthy,left_Healthy_sub-101_hippocampus_lh_aligned,Healthy,left_Healthy_sub-41_hippocampus_lh_aligned,Healthy,0.5606
lh_Healthy_aug_0438_SPHARM_ellalign.coef,Healthy,left_Healthy_sub-101_hippocampus_lh_aligned,Healthy,left_Healthy_sub-41_hippocampus_lh_aligned,Healthy,0.6812
lh_Healthy_aug_0439_SPHARM_ellalign.coef,Healthy,left_Healthy_sub-101_hippocampus_lh_aligned,Healthy,left_Healthy_sub-41_hippocampus_lh_aligned,Healthy,0.7830
lh_Healthy_aug_0440_SPHARM_ellalign.coef,Healthy,left_Healthy_sub-101_hippocampus_lh_aligned,Healthy,left_Healthy_sub-41_hippocampus_lh_aligned,Healthy,0.8851
lh_Healthy_aug_0441_SPHARM_ellalign.coef,Healthy,left_Healthy_sub-94_hippocampus_lh_aligned,Healthy,left_Healthy_sub-32231_hippocampus_lh_aligned,Healthy,0.0914
lh_Healthy_aug_0442_SPHARM_ellalign.coef,Healthy,left_Healthy_sub-94_hippocampus_lh_aligned,Healthy,left_Healthy_sub-32231_hippocampus_lh_aligned,Healthy,0.2088
lh_Healthy_aug_0443_SPHARM_ellalign.coef,Healthy,left_Healthy_sub-94_hippocampus_lh_aligned,Healthy,left_Healthy_sub-32231_hippocampus_lh_aligned,Healthy,0.3344
lh_Healthy_aug_0444_SPHARM_ellalign.coef,Healthy,left_Healthy_sub-94_hippocampus_lh_aligned,Healthy,left_Healthy_sub-32231_hippocampus_lh_aligned,Healthy,0.4457
lh_Healthy_aug_0445_SPHARM_ellalign.coef,Healthy,left_Healthy_sub-94_hippocampus_lh_aligned,Healthy,left_Healthy_sub-32231_hippocampus_lh_aligned,Healthy,0.5514
lh_Healthy_aug_0446_SPHARM_ellalign.coef,Healthy,left_Healthy_sub-94_hippocampus_lh_aligned,Healthy,left_Healthy_sub-32231_hippocampus_lh_aligned,Healthy,0.6909
lh_Healthy_aug_0447_SPHARM_ellalign.coef,Healthy,left_Healthy_sub-94_hippocampus_lh_aligned,Healthy,left_Healthy_sub-32231_hippocampus_lh_aligned,Healthy,0.7899
lh_Healthy_aug_0448_SPHARM_ellalign.coef,Healthy,left_Healthy_sub-94_hippocampus_lh_aligned,Healthy,left_Healthy_sub-32231_hippocampus_lh_aligned,Healthy,0.8895
lh_Healthy_aug_0449_SPHARM_ellalign.coef,Healthy,left_Healthy_sub-4044_hippocampus_lh_aligned,Healthy,left_Healthy_sub-4071_hippocampus_lh_aligned,Healthy,0.0841
lh_Healthy_aug_0450_SPHARM_ellalign.coef,Healthy,left_Healthy_sub-4044_hippocampus_lh_aligned,Healthy,left_Healthy_sub-4071_hippocampus_lh_aligned,Healthy,0.2004
lh_Healthy_aug_0451_SPHARM_ellalign.coef,Healthy,left_Healthy_sub-4044_hippocampus_lh_aligned,Healthy,left_Healthy_sub-4071_hippocampus_lh_aligned,Healthy,0.3184
lh_Healthy_aug_0452_SPHARM_ellalign.coef,Healthy,left_Healthy_sub-4044_hippocampus_lh_aligned,Healthy,left_Healthy_sub-4071_hippocampus_lh_aligned,Healthy,0.4293
lh_Healthy_aug_0453_SPHARM_ellalign.coef,Healthy,left_Healthy_sub-4044_hippocampus_lh_aligned,Healthy,left_Healthy_sub-4071_hippocampus_lh_aligned,Healthy,0.5446
lh_Healthy_aug_0454_SPHARM_ellalign.coef,Healthy,left_Healthy_sub-4044_hippocampus_lh_aligned,Healthy,left_Healthy_sub-4071_hippocampus_lh_aligned,Healthy,0.6628
lh_Healthy_aug_0455_SPHARM_ellalign.coef,Healthy,left_Healthy_sub-4044_hippocampus_lh_aligned,Healthy,left_Healthy_sub-4071_hippocampus_lh_aligned,Healthy,0.7726
lh_Healthy_aug_0456_SPHARM_ellalign.coef,Healthy,left_Healthy_sub-4044_hippocampus_lh_aligned,Healthy,left_Healthy_sub-4071_hippocampus_lh_aligned,Healthy,0.9159
lh_Healthy_aug_0457_SPHARM_ellalign.coef,Healthy,left_Healthy_sub-04173_hippocampus_lh_aligned,Healthy,left_Healthy_sub-37289_hippocampus_lh_aligned,Healthy,0.0832
lh_Healthy_aug_0458_SPHARM_ellalign.coef,Healthy,left_Healthy_sub-04173_hippocampus_lh_aligned,Healthy,left_Healthy_sub-37289_hippocampus_lh_aligned,Healthy,0.2153
lh_Healthy_aug_0459_SPHARM_ellalign.coef,Healthy,left_Healthy_sub-04173_hippocampus_lh_aligned,Healthy,left_Healthy_sub-37289_hippocampus_lh_aligned,Healthy,0.3250
lh_Healthy_aug_0460_SPHARM_ellalign.coef,Healthy,left_Healthy_sub-04173_hippocampus_lh_aligned,Healthy,left_Healthy_sub-37289_hippocampus_lh_aligned,Healthy,0.4622
lh_Healthy_aug_0461_SPHARM_ellalign.coef,Healthy,left_Healthy_sub-04173_hippocampus_lh_aligned,Healthy,left_Healthy_sub-37289_hippocampus_lh_aligned,Healthy,0.5416
lh_Healthy_aug_0462_SPHARM_ellalign.coef,Healthy,left_Healthy_sub-04173_hippocampus_lh_aligned,Healthy,left_Healthy_sub-37289_hippocampus_lh_aligned,Healthy,0.6673
lh_Healthy_aug_0463_SPHARM_ellalign.coef,Healthy,left_Healthy_sub-04173_hippocampus_lh_aligned,Healthy,left_Healthy_sub-37289_hippocampus_lh_aligned,Healthy,0.8045
lh_Healthy_aug_0464_SPHARM_ellalign.coef,Healthy,left_Healthy_sub-04173_hippocampus_lh_aligned,Healthy,left_Healthy_sub-37289_hippocampus_lh_aligned,Healthy,0.9146
lh_Healthy_aug_0465_SPHARM_ellalign.coef,Healthy,left_Healthy_sub-4033_hippocampus_lh_aligned,Healthy,left_Healthy_sub-394_hippocampus_lh_aligned,Healthy,0.1127
lh_Healthy_aug_0466_SPHARM_ellalign.coef,Healthy,left_Healthy_sub-4033_hippocampus_lh_aligned,Healthy,left_Healthy_sub-394_hippocampus_lh_aligned,Healthy,0.2046
lh_Healthy_aug_0467_SPHARM_ellalign.coef,Healthy,left_Healthy_sub-4033_hippocampus_lh_aligned,Healthy,left_Healthy_sub-394_hippocampus_lh_aligned,Healthy,0.3154
lh_Healthy_aug_0468_SPHARM_ellalign.coef,Healthy,left_Healthy_sub-4033_hippocampus_lh_aligned,Healthy,left_Healthy_sub-394_hippocampus_lh_aligned,Healthy,0.4496
lh_Healthy_aug_0469_SPHARM_ellalign.coef,Healthy,left_Healthy_sub-4033_hippocampus_lh_aligned,Healthy,left_Healthy_sub-394_hippocampus_lh_aligned,Healthy,0.5743
lh_Healthy_aug_0470_SPHARM_ellalign.coef,Healthy,left_Healthy_sub-4033_hippocampus_lh_aligned,Healthy,left_Healthy_sub-394_hippocampus_lh_aligned,Healthy,0.6737
lh_Healthy_aug_0471_SPHARM_ellalign.coef,Healthy,left_Healthy_sub-4033_hippocampus_lh_aligned,Healthy,left_Healthy_sub-394_hippocampus_lh_aligned,Healthy,0.7886
lh_Healthy_aug_0472_SPHARM_ellalign.coef,Healthy,left_Healthy_sub-4033_hippocampus_lh_aligned,Healthy,left_Healthy_sub-394_hippocampus_lh_aligned,Healthy,0.8912
lh_Healthy_aug_0473_SPHARM_ellalign.coef,Healthy,left_Healthy_sub-419_hippocampus_lh_aligned,Healthy,left_Healthy_sub-255_hippocampus_lh_aligned,Healthy,0.1108
lh_Healthy_aug_0474_SPHARM_ellalign.coef,Healthy,left_Healthy_sub-419_hippocampus_lh_aligned,Healthy,left_Healthy_sub-255_hippocampus_lh_aligned,Healthy,0.2018
lh_Healthy_aug_0475_SPHARM_ellalign.coef,Healthy,left_Healthy_sub-419_hippocampus_lh_aligned,Healthy,left_Healthy_sub-255_hippocampus_lh_aligned,Healthy,0.3215
lh_Healthy_aug_0476_SPHARM_ellalign.coef,Healthy,left_Healthy_sub-419_hippocampus_lh_aligned,Healthy,left_Healthy_sub-255_hippocampus_lh_aligned,Healthy,0.4399
lh_Healthy_aug_0477_SPHARM_ellalign.coef,Healthy,left_Healthy_sub-419_hippocampus_lh_aligned,Healthy,left_Healthy_sub-255_hippocampus_lh_aligned,Healthy,0.5574
lh_Healthy_aug_0478_SPHARM_ellalign.coef,Healthy,left_Healthy_sub-419_hippocampus_lh_aligned,Healthy,left_Healthy_sub-255_hippocampus_lh_aligned,Healthy,0.6611
lh_Healthy_aug_0479_SPHARM_ellalign.coef,Healthy,left_Healthy_sub-419_hippocampus_lh_aligned,Healthy,left_Healthy_sub-255_hippocampus_lh_aligned,Healthy,0.7703
lh_Healthy_aug_0480_SPHARM_ellalign.coef,Healthy,left_Healthy_sub-419_hippocampus_lh_aligned,Healthy,left_Healthy_sub-255_hippocampus_lh_aligned,Healthy,0.9044
lh_Healthy_aug_0481_SPHARM_ellalign.coef,Healthy,left_Healthy_sub-04027_hippocampus_lh_aligned,Healthy,left_Healthy_sub-4057_hippocampus_lh_aligned,Healthy,0.0915
lh_Healthy_aug_0482_SPHARM_ellalign.coef,Healthy,left_Healthy_sub-04027_hippocampus_lh_aligned,Healthy,left_Healthy_sub-4057_hippocampus_lh_aligned,Healthy,0.2175
lh_Healthy_aug_0483_SPHARM_ellalign.coef,Healthy,left_Healthy_sub-04027_hippocampus_lh_aligned,Healthy,left_Healthy_sub-4057_hippocampus_lh_aligned,Healthy,0.3147
lh_Healthy_aug_0484_SPHARM_ellalign.coef,Healthy,left_Healthy_sub-04027_hippocampus_lh_aligned,Healthy,left_Healthy_sub-4057_hippocampus_lh_aligned,Healthy,0.4421
lh_Healthy_aug_0485_SPHARM_ellalign.coef,Healthy,left_Healthy_sub-04027_hippocampus_lh_aligned,Healthy,left_Healthy_sub-4057_hippocampus_lh_aligned,Healthy,0.5584
lh_Healthy_aug_0486_SPHARM_ellalign.coef,Healthy,left_Healthy_sub-04027_hippocampus_lh_aligned,Healthy,left_Healthy_sub-4057_hippocampus_lh_aligned,Healthy,0.6535
lh_Healthy_aug_0487_SPHARM_ellalign.coef,Healthy,left_Healthy_sub-04027_hippocampus_lh_aligned,Healthy,left_Healthy_sub-4057_hippocampus_lh_aligned,Healthy,0.7792
lh_Healthy_aug_0488_SPHARM_ellalign.coef,Healthy,left_Healthy_sub-04027_hippocampus_lh_aligned,Healthy,left_Healthy_sub-4057_hippocampus_lh_aligned,Healthy,0.8854
lh_Healthy_aug_0489_SPHARM_ellalign.coef,Healthy,left_Healthy_sub-4019_hippocampus_lh_aligned,Healthy,left_Healthy_sub-4100_hippocampus_lh_aligned,Healthy,0.0825
lh_Healthy_aug_0490_SPHARM_ellalign.coef,Healthy,left_Healthy_sub-4019_hippocampus_lh_aligned,Healthy,left_Healthy_sub-4100_hippocampus_lh_aligned,Healthy,0.2339
lh_Healthy_aug_0491_SPHARM_ellalign.coef,Healthy,left_Healthy_sub-4019_hippocampus_lh_aligned,Healthy,left_Healthy_sub-4100_hippocampus_lh_aligned,Healthy,0.3215
lh_Healthy_aug_0492_SPHARM_ellalign.coef,Healthy,left_Healthy_sub-4019_hippocampus_lh_aligned,Healthy,left_Healthy_sub-4100_hippocampus_lh_aligned,Healthy,0.4553
lh_Healthy_aug_0493_SPHARM_ellalign.coef,Healthy,left_Healthy_sub-4019_hippocampus_lh_aligned,Healthy,left_Healthy_sub-4100_hippocampus_lh_aligned,Healthy,0.5473
lh_Healthy_aug_0494_SPHARM_ellalign.coef,Healthy,left_Healthy_sub-4019_hippocampus_lh_aligned,Healthy,left_Healthy_sub-4100_hippocampus_lh_aligned,Healthy,0.6787
lh_Healthy_aug_0495_SPHARM_ellalign.coef,Healthy,left_Healthy_sub-4019_hippocampus_lh_aligned,Healthy,left_Healthy_sub-4100_hippocampus_lh_aligned,Healthy,0.7961
lh_Healthy_aug_0496_SPHARM_ellalign.coef,Healthy,left_Healthy_sub-4019_hippocampus_lh_aligned,Healthy,left_Healthy_sub-4100_hippocampus_lh_aligned,Healthy,0.9038
lh_Healthy_aug_0497_SPHARM_ellalign.coef,Healthy,left_Healthy_sub-161_hippocampus_lh_aligned,Healthy,left_Healthy_sub-40_hippocampus_lh_aligned,Healthy,0.0989
lh_Healthy_aug_0498_SPHARM_ellalign.coef,Healthy,left_Healthy_sub-161_hippocampus_lh_aligned,Healthy,left_Healthy_sub-40_hippocampus_lh_aligned,Healthy,0.2108
lh_Healthy_aug_0499_SPHARM_ellalign.coef,Healthy,left_Healthy_sub-161_hippocampus_lh_aligned,Healthy,left_Healthy_sub-40_hippocampus_lh_aligned,Healthy,0.3225
lh_Healthy_aug_0500_SPHARM_ellalign.coef,Healthy,left_Healthy_sub-161_hippocampus_lh_aligned,Healthy,left_Healthy_sub-40_hippocampus_lh_aligned,Healthy,0.4600
lh_Healthy_aug_0501_SPHARM_ellalign.coef,Healthy,left_Healthy_sub-161_hippocampus_lh_aligned,Healthy,left_Healthy_sub-40_hippocampus_lh_aligned,Healthy,0.5704
lh_Healthy_aug_0502_SPHARM_ellalign.coef,Healthy,left_Healthy_sub-161_hippocampus_lh_aligned,Healthy,left_Healthy_sub-40_hippocampus_lh_aligned,Healthy,0.6900
lh_Healthy_aug_0503_SPHARM_ellalign.coef,Healthy,left_Healthy_sub-161_hippocampus_lh_aligned,Healthy,left_Healthy_sub-40_hippocampus_lh_aligned,Healthy,0.7707
lh_Healthy_aug_0504_SPHARM_ellalign.coef,Healthy,left_Healthy_sub-161_hippocampus_lh_aligned,Healthy,left_Healthy_sub-40_hippocampus_lh_aligned,Healthy,0.9092
lh_Healthy_aug_0505_SPHARM_ellalign.coef,Healthy,left_Healthy_sub-382_hippocampus_lh_aligned,Healthy,left_Healthy_sub-250_hippocampus_lh_aligned,Healthy,0.1175
lh_Healthy_aug_0506_SPHARM_ellalign.coef,Healthy,left_Healthy_sub-382_hippocampus_lh_aligned,Healthy,left_Healthy_sub-250_hippocampus_lh_aligned,Healthy,0.2015
lh_Healthy_aug_0507_SPHARM_ellalign.coef,Healthy,left_Healthy_sub-382_hippocampus_lh_aligned,Healthy,left_Healthy_sub-250_hippocampus_lh_aligned,Healthy,0.3112
lh_Healthy_aug_0508_SPHARM_ellalign.coef,Healthy,left_Healthy_sub-382_hippocampus_lh_aligned,Healthy,left_Healthy_sub-250_hippocampus_lh_aligned,Healthy,0.4525
lh_Healthy_aug_0509_SPHARM_ellalign.coef,Healthy,left_Healthy_sub-382_hippocampus_lh_aligned,Healthy,left_Healthy_sub-250_hippocampus_lh_aligned,Healthy,0.5601
lh_Healthy_aug_0510_SPHARM_ellalign.coef,Healthy,left_Healthy_sub-382_hippocampus_lh_aligned,Healthy,left_Healthy_sub-250_hippocampus_lh_aligned,Healthy,0.6851
lh_Healthy_aug_0511_SPHARM_ellalign.coef,Healthy,left_Healthy_sub-382_hippocampus_lh_aligned,Healthy,left_Healthy_sub-250_hippocampus_lh_aligned,Healthy,0.7713
lh_Healthy_aug_0512_SPHARM_ellalign.coef,Healthy,left_Healthy_sub-382_hippocampus_lh_aligned,Healthy,left_Healthy_sub-250_hippocampus_lh_aligned,Healthy,0.9118
lh_Healthy_aug_0513_SPHARM_ellalign.coef,Healthy,left_Healthy_sub-4060_hippocampus_lh_aligned,Healthy,left_Healthy_sub-82_hippocampus_lh_aligned,Healthy,0.0881
lh_Healthy_aug_0514_SPHARM_ellalign.coef,Healthy,left_Healthy_sub-4060_hippocampus_lh_aligned,Healthy,left_Healthy_sub-82_hippocampus_lh_aligned,Healthy,0.2008
lh_Healthy_aug_0515_SPHARM_ellalign.coef,Healthy,left_Healthy_sub-4060_hippocampus_lh_aligned,Healthy,left_Healthy_sub-82_hippocampus_lh_aligned,Healthy,0.3151
lh_Healthy_aug_0516_SPHARM_ellalign.coef,Healthy,left_Healthy_sub-4060_hippocampus_lh_aligned,Healthy,left_Healthy_sub-82_hippocampus_lh_aligned,Healthy,0.4554
lh_Healthy_aug_0517_SPHARM_ellalign.coef,Healthy,left_Healthy_sub-4060_hippocampus_lh_aligned,Healthy,left_Healthy_sub-82_hippocampus_lh_aligned,Healthy,0.5638
lh_Healthy_aug_0518_SPHARM_ellalign.coef,Healthy,left_Healthy_sub-4060_hippocampus_lh_aligned,Healthy,left_Healthy_sub-82_hippocampus_lh_aligned,Healthy,0.6724
lh_Healthy_aug_0519_SPHARM_ellalign.coef,Healthy,left_Healthy_sub-4060_hippocampus_lh_aligned,Healthy,left_Healthy_sub-82_hippocampus_lh_aligned,Healthy,0.7801
lh_Healthy_aug_0520_SPHARM_ellalign.coef,Healthy,left_Healthy_sub-4060_hippocampus_lh_aligned,Healthy,left_Healthy_sub-82_hippocampus_lh_aligned,Healthy,0.9151
lh_Healthy_aug_0521_SPHARM_ellalign.coef,Healthy,left_Healthy_sub-04171_hippocampus_lh_aligned,Healthy,left_Healthy_sub-35557_hippocampus_lh_aligned,Healthy,0.0957
lh_Healthy_aug_0522_SPHARM_ellalign.coef,Healthy,left_Healthy_sub-04171_hippocampus_lh_aligned,Healthy,left_Healthy_sub-35557_hippocampus_lh_aligned,Healthy,0.2269
lh_Healthy_aug_0523_SPHARM_ellalign.coef,Healthy,left_Healthy_sub-04171_hippocampus_lh_aligned,Healthy,left_Healthy_sub-35557_hippocampus_lh_aligned,Healthy,0.3261
lh_Healthy_aug_0524_SPHARM_ellalign.coef,Healthy,left_Healthy_sub-04171_hippocampus_lh_aligned,Healthy,left_Healthy_sub-35557_hippocampus_lh_aligned,Healthy,0.4379
lh_Healthy_aug_0525_SPHARM_ellalign.coef,Healthy,left_Healthy_sub-04171_hippocampus_lh_aligned,Healthy,left_Healthy_sub-35557_hippocampus_lh_aligned,Healthy,0.5557
lh_Healthy_aug_0526_SPHARM_ellalign.coef,Healthy,left_Healthy_sub-04171_hippocampus_lh_aligned,Healthy,left_Healthy_sub-35557_hippocampus_lh_aligned,Healthy,0.6635
lh_Healthy_aug_0527_SPHARM_ellalign.coef,Healthy,left_Healthy_sub-04171_hippocampus_lh_aligned,Healthy,left_Healthy_sub-35557_hippocampus_lh_aligned,Healthy,0.7956
lh_Healthy_aug_0528_SPHARM_ellalign.coef,Healthy,left_Healthy_sub-04171_hippocampus_lh_aligned,Healthy,left_Healthy_sub-35557_hippocampus_lh_aligned,Healthy,0.9001
lh_Healthy_aug_0529_SPHARM_ellalign.coef,Healthy,left_Healthy_sub-00373_hippocampus_lh_aligned,Healthy,left_Healthy_sub-04166_hippocampus_lh_aligned,Healthy,0.0893
lh_Healthy_aug_0530_SPHARM_ellalign.coef,Healthy,left_Healthy_sub-00373_hippocampus_lh_aligned,Healthy,left_Healthy_sub-04166_hippocampus_lh_aligned,Healthy,0.2303
lh_Healthy_aug_0531_SPHARM_ellalign.coef,Healthy,left_Healthy_sub-00373_hippocampus_lh_aligned,Healthy,left_Healthy_sub-04166_hippocampus_lh_aligned,Healthy,0.3239
lh_Healthy_aug_0532_SPHARM_ellalign.coef,Healthy,left_Healthy_sub-00373_hippocampus_lh_aligned,Healthy,left_Healthy_sub-04166_hippocampus_lh_aligned,Healthy,0.4446
lh_Healthy_aug_0533_SPHARM_ellalign.coef,Healthy,left_Healthy_sub-00373_hippocampus_lh_aligned,Healthy,left_Healthy_sub-04166_hippocampus_lh_aligned,Healthy,0.5734
lh_Healthy_aug_0534_SPHARM_ellalign.coef,Healthy,left_Healthy_sub-00373_hippocampus_lh_aligned,Healthy,left_Healthy_sub-04166_hippocampus_lh_aligned,Healthy,0.6764
lh_Healthy_aug_0535_SPHARM_ellalign.coef,Healthy,left_Healthy_sub-00373_hippocampus_lh_aligned,Healthy,left_Healthy_sub-04166_hippocampus_lh_aligned,Healthy,0.7704
lh_Healthy_aug_0536_SPHARM_ellalign.coef,Healthy,left_Healthy_sub-00373_hippocampus_lh_aligned,Healthy,left_Healthy_sub-04166_hippocampus_lh_aligned,Healthy,0.9176
lh_Healthy_aug_0537_SPHARM_ellalign.coef,Healthy,left_Healthy_sub-4099_hippocampus_lh_aligned,Healthy,left_Healthy_sub-4027_hippocampus_lh_aligned,Healthy,0.1051
lh_Healthy_aug_0538_SPHARM_ellalign.coef,Healthy,left_Healthy_sub-4099_hippocampus_lh_aligned,Healthy,left_Healthy_sub-4027_hippocampus_lh_aligned,Healthy,0.2077
lh_Healthy_aug_0539_SPHARM_ellalign.coef,Healthy,left_Healthy_sub-4099_hippocampus_lh_aligned,Healthy,left_Healthy_sub-4027_hippocampus_lh_aligned,Healthy,0.3141
lh_Healthy_aug_0540_SPHARM_ellalign.coef,Healthy,left_Healthy_sub-4099_hippocampus_lh_aligned,Healthy,left_Healthy_sub-4027_hippocampus_lh_aligned,Healthy,0.4546
lh_Healthy_aug_0541_SPHARM_ellalign.coef,Healthy,left_Healthy_sub-4099_hippocampus_lh_aligned,Healthy,left_Healthy_sub-4027_hippocampus_lh_aligned,Healthy,0.5619
lh_Healthy_aug_0542_SPHARM_ellalign.coef,Healthy,left_Healthy_sub-4099_hippocampus_lh_aligned,Healthy,left_Healthy_sub-4027_hippocampus_lh_aligned,Healthy,0.6728
lh_Healthy_aug_0543_SPHARM_ellalign.coef,Healthy,left_Healthy_sub-4099_hippocampus_lh_aligned,Healthy,left_Healthy_sub-4027_hippocampus_lh_aligned,Healthy,0.8015
lh_Healthy_aug_0544_SPHARM_ellalign.coef,Healthy,left_Healthy_sub-4099_hippocampus_lh_aligned,Healthy,left_Healthy_sub-4027_hippocampus_lh_aligned,Healthy,0.9115
lh_Healthy_aug_0545_SPHARM_ellalign.coef,Healthy,left_Healthy_sub-4070_hippocampus_lh_aligned,Healthy,left_Healthy_sub-296_hippocampus_lh_aligned,Healthy,0.0861
lh_Healthy_aug_0546_SPHARM_ellalign.coef,Healthy,left_Healthy_sub-4070_hippocampus_lh_aligned,Healthy,left_Healthy_sub-296_hippocampus_lh_aligned,Healthy,0.2068
lh_Healthy_aug_0547_SPHARM_ellalign.coef,Healthy,left_Healthy_sub-4070_hippocampus_lh_aligned,Healthy,left_Healthy_sub-296_hippocampus_lh_aligned,Healthy,0.3185
lh_Healthy_aug_0548_SPHARM_ellalign.coef,Healthy,left_Healthy_sub-4070_hippocampus_lh_aligned,Healthy,left_Healthy_sub-296_hippocampus_lh_aligned,Healthy,0.4526
lh_Healthy_aug_0549_SPHARM_ellalign.coef,Healthy,left_Healthy_sub-4070_hippocampus_lh_aligned,Healthy,left_Healthy_sub-296_hippocampus_lh_aligned,Healthy,0.5385
lh_Healthy_aug_0550_SPHARM_ellalign.coef,Healthy,left_Healthy_sub-4070_hippocampus_lh_aligned,Healthy,left_Healthy_sub-296_hippocampus_lh_aligned,Healthy,0.6742
lh_Healthy_aug_0551_SPHARM_ellalign.coef,Healthy,left_Healthy_sub-4070_hippocampus_lh_aligned,Healthy,left_Healthy_sub-296_hippocampus_lh_aligned,Healthy,0.7962
lh_Healthy_aug_0552_SPHARM_ellalign.coef,Healthy,left_Healthy_sub-4070_hippocampus_lh_aligned,Healthy,left_Healthy_sub-296_hippocampus_lh_aligned,Healthy,0.9151
lh_Healthy_aug_0553_SPHARM_ellalign.coef,Healthy,left_Healthy_sub-352_hippocampus_lh_aligned,Healthy,left_Healthy_sub-04209_hippocampus_lh_aligned,Healthy,0.0937
lh_Healthy_aug_0554_SPHARM_ellalign.coef,Healthy,left_Healthy_sub-352_hippocampus_lh_aligned,Healthy,left_Healthy_sub-04209_hippocampus_lh_aligned,Healthy,0.2271
lh_Healthy_aug_0555_SPHARM_ellalign.coef,Healthy,left_Healthy_sub-352_hippocampus_lh_aligned,Healthy,left_Healthy_sub-04209_hippocampus_lh_aligned,Healthy,0.3130
lh_Healthy_aug_0556_SPHARM_ellalign.coef,Healthy,left_Healthy_sub-352_hippocampus_lh_aligned,Healthy,left_Healthy_sub-04209_hippocampus_lh_aligned,Healthy,0.4567
lh_Healthy_aug_0557_SPHARM_ellalign.coef,Healthy,left_Healthy_sub-352_hippocampus_lh_aligned,Healthy,left_Healthy_sub-04209_hippocampus_lh_aligned,Healthy,0.5422
lh_Healthy_aug_0558_SPHARM_ellalign.coef,Healthy,left_Healthy_sub-352_hippocampus_lh_aligned,Healthy,left_Healthy_sub-04209_hippocampus_lh_aligned,Healthy,0.6673
lh_Healthy_aug_0559_SPHARM_ellalign.coef,Healthy,left_Healthy_sub-352_hippocampus_lh_aligned,Healthy,left_Healthy_sub-04209_hippocampus_lh_aligned,Healthy,0.7976
lh_Healthy_aug_0560_SPHARM_ellalign.coef,Healthy,left_Healthy_sub-352_hippocampus_lh_aligned,Healthy,left_Healthy_sub-04209_hippocampus_lh_aligned,Healthy,0.8860
lh_Healthy_aug_0561_SPHARM_ellalign.coef,Healthy,left_Healthy_sub-340_hippocampus_lh_aligned,Healthy,left_Healthy_sub-413_hippocampus_lh_aligned,Healthy,0.0892
lh_Healthy_aug_0562_SPHARM_ellalign.coef,Healthy,left_Healthy_sub-340_hippocampus_lh_aligned,Healthy,left_Healthy_sub-413_hippocampus_lh_aligned,Healthy,0.2232
lh_Healthy_aug_0563_SPHARM_ellalign.coef,Healthy,left_Healthy_sub-340_hippocampus_lh_aligned,Healthy,left_Healthy_sub-413_hippocampus_lh_aligned,Healthy,0.3374
lh_Healthy_aug_0564_SPHARM_ellalign.coef,Healthy,left_Healthy_sub-340_hippocampus_lh_aligned,Healthy,left_Healthy_sub-413_hippocampus_lh_aligned,Healthy,0.4485
lh_Healthy_aug_0565_SPHARM_ellalign.coef,Healthy,left_Healthy_sub-340_hippocampus_lh_aligned,Healthy,left_Healthy_sub-413_hippocampus_lh_aligned,Healthy,0.5649
lh_Healthy_aug_0566_SPHARM_ellalign.coef,Healthy,left_Healthy_sub-340_hippocampus_lh_aligned,Healthy,left_Healthy_sub-413_hippocampus_lh_aligned,Healthy,0.6731
lh_Healthy_aug_0567_SPHARM_ellalign.coef,Healthy,left_Healthy_sub-340_hippocampus_lh_aligned,Healthy,left_Healthy_sub-413_hippocampus_lh_aligned,Healthy,0.7758
lh_Healthy_aug_0568_SPHARM_ellalign.coef,Healthy,left_Healthy_sub-340_hippocampus_lh_aligned,Healthy,left_Healthy_sub-413_hippocampus_lh_aligned,Healthy,0.8938
lh_Healthy_aug_0569_SPHARM_ellalign.coef,Healthy,left_Healthy_sub-4034_hippocampus_lh_aligned,Healthy,left_Healthy_sub-4074_hippocampus_lh_aligned,Healthy,0.0873
lh_Healthy_aug_0570_SPHARM_ellalign.coef,Healthy,left_Healthy_sub-4034_hippocampus_lh_aligned,Healthy,left_Healthy_sub-4074_hippocampus_lh_aligned,Healthy,0.2306
lh_Healthy_aug_0571_SPHARM_ellalign.coef,Healthy,left_Healthy_sub-4034_hippocampus_lh_aligned,Healthy,left_Healthy_sub-4074_hippocampus_lh_aligned,Healthy,0.3319
lh_Healthy_aug_0572_SPHARM_ellalign.coef,Healthy,left_Healthy_sub-4034_hippocampus_lh_aligned,Healthy,left_Healthy_sub-4074_hippocampus_lh_aligned,Healthy,0.4389
lh_Healthy_aug_0573_SPHARM_ellalign.coef,Healthy,left_Healthy_sub-4034_hippocampus_lh_aligned,Healthy,left_Healthy_sub-4074_hippocampus_lh_aligned,Healthy,0.5556
lh_Healthy_aug_0574_SPHARM_ellalign.coef,Healthy,left_Healthy_sub-4034_hippocampus_lh_aligned,Healthy,left_Healthy_sub-4074_hippocampus_lh_aligned,Healthy,0.6893
lh_Healthy_aug_0575_SPHARM_ellalign.coef,Healthy,left_Healthy_sub-4034_hippocampus_lh_aligned,Healthy,left_Healthy_sub-4074_hippocampus_lh_aligned,Healthy,0.7718
lh_Healthy_aug_0576_SPHARM_ellalign.coef,Healthy,left_Healthy_sub-4034_hippocampus_lh_aligned,Healthy,left_Healthy_sub-4074_hippocampus_lh_aligned,Healthy,0.9034
lh_Healthy_aug_0577_SPHARM_ellalign.coef,Healthy,left_Healthy_sub-147_hippocampus_lh_aligned,Healthy,left_Healthy_sub-4072_hippocampus_lh_aligned,Healthy,0.1002
lh_Healthy_aug_0578_SPHARM_ellalign.coef,Healthy,left_Healthy_sub-147_hippocampus_lh_aligned,Healthy,left_Healthy_sub-4072_hippocampus_lh_aligned,Healthy,0.2187
lh_Healthy_aug_0579_SPHARM_ellalign.coef,Healthy,left_Healthy_sub-147_hippocampus_lh_aligned,Healthy,left_Healthy_sub-4072_hippocampus_lh_aligned,Healthy,0.3093
lh_Healthy_aug_0580_SPHARM_ellalign.coef,Healthy,left_Healthy_sub-147_hippocampus_lh_aligned,Healthy,left_Healthy_sub-4072_hippocampus_lh_aligned,Healthy,0.4577
lh_Healthy_aug_0581_SPHARM_ellalign.coef,Healthy,left_Healthy_sub-147_hippocampus_lh_aligned,Healthy,left_Healthy_sub-4072_hippocampus_lh_aligned,Healthy,0.5744
lh_Healthy_aug_0582_SPHARM_ellalign.coef,Healthy,left_Healthy_sub-147_hippocampus_lh_aligned,Healthy,left_Healthy_sub-4072_hippocampus_lh_aligned,Healthy,0.6740
lh_Healthy_aug_0583_SPHARM_ellalign.coef,Healthy,left_Healthy_sub-147_hippocampus_lh_aligned,Healthy,left_Healthy_sub-4072_hippocampus_lh_aligned,Healthy,0.7936
lh_Healthy_aug_0584_SPHARM_ellalign.coef,Healthy,left_Healthy_sub-147_hippocampus_lh_aligned,Healthy,left_Healthy_sub-4072_hippocampus_lh_aligned,Healthy,0.9169
lh_Healthy_aug_0585_SPHARM_ellalign.coef,Healthy,left_Healthy_sub-238_hippocampus_lh_aligned,Healthy,left_Healthy_sub-4068_hippocampus_lh_aligned,Healthy,0.1083
lh_Healthy_aug_0586_SPHARM_ellalign.coef,Healthy,left_Healthy_sub-238_hippocampus_lh_aligned,Healthy,left_Healthy_sub-4068_hippocampus_lh_aligned,Healthy,0.2004
lh_Healthy_aug_0587_SPHARM_ellalign.coef,Healthy,left_Healthy_sub-238_hippocampus_lh_aligned,Healthy,left_Healthy_sub-4068_hippocampus_lh_aligned,Healthy,0.3316
lh_Healthy_aug_0588_SPHARM_ellalign.coef,Healthy,left_Healthy_sub-238_hippocampus_lh_aligned,Healthy,left_Healthy_sub-4068_hippocampus_lh_aligned,Healthy,0.4471
lh_Healthy_aug_0589_SPHARM_ellalign.coef,Healthy,left_Healthy_sub-238_hippocampus_lh_aligned,Healthy,left_Healthy_sub-4068_hippocampus_lh_aligned,Healthy,0.5541
lh_Healthy_aug_0590_SPHARM_ellalign.coef,Healthy,left_Healthy_sub-238_hippocampus_lh_aligned,Healthy,left_Healthy_sub-4068_hippocampus_lh_aligned,Healthy,0.6809
lh_Healthy_aug_0591_SPHARM_ellalign.coef,Healthy,left_Healthy_sub-238_hippocampus_lh_aligned,Healthy,left_Healthy_sub-4068_hippocampus_lh_aligned,Healthy,0.8031
lh_Healthy_aug_0592_SPHARM_ellalign.coef,Healthy,left_Healthy_sub-238_hippocampus_lh_aligned,Healthy,left_Healthy_sub-4068_hippocampus_lh_aligned,Healthy,0.9170
lh_Healthy_aug_0593_SPHARM_ellalign.coef,Healthy,left_Healthy_sub-11_hippocampus_lh_aligned,Healthy,left_Healthy_sub-37130_hippocampus_lh_aligned,Healthy,0.0980
lh_Healthy_aug_0594_SPHARM_ellalign.coef,Healthy,left_Healthy_sub-11_hippocampus_lh_aligned,Healthy,left_Healthy_sub-37130_hippocampus_lh_aligned,Healthy,0.1988
lh_Healthy_aug_0595_SPHARM_ellalign.coef,Healthy,left_Healthy_sub-11_hippocampus_lh_aligned,Healthy,left_Healthy_sub-37130_hippocampus_lh_aligned,Healthy,0.3480
lh_Healthy_aug_0596_SPHARM_ellalign.coef,Healthy,left_Healthy_sub-11_hippocampus_lh_aligned,Healthy,left_Healthy_sub-37130_hippocampus_lh_aligned,Healthy,0.4564
lh_Healthy_aug_0597_SPHARM_ellalign.coef,Healthy,left_Healthy_sub-11_hippocampus_lh_aligned,Healthy,left_Healthy_sub-37130_hippocampus_lh_aligned,Healthy,0.5421
lh_Healthy_aug_0598_SPHARM_ellalign.coef,Healthy,left_Healthy_sub-11_hippocampus_lh_aligned,Healthy,left_Healthy_sub-37130_hippocampus_lh_aligned,Healthy,0.6883
lh_Healthy_aug_0599_SPHARM_ellalign.coef,Healthy,left_Healthy_sub-11_hippocampus_lh_aligned,Healthy,left_Healthy_sub-37130_hippocampus_lh_aligned,Healthy,0.8005
lh_Healthy_aug_0600_SPHARM_ellalign.coef,Healthy,left_Healthy_sub-11_hippocampus_lh_aligned,Healthy,left_Healthy_sub-37130_hippocampus_lh_aligned,Healthy,0.9008
lh_Healthy_aug_0601_SPHARM_ellalign.coef,Healthy,left_Healthy_sub-237_hippocampus_lh_aligned,Healthy,left_Healthy_sub-4076_hippocampus_lh_aligned,Healthy,0.1037
lh_Healthy_aug_0602_SPHARM_ellalign.coef,Healthy,left_Healthy_sub-237_hippocampus_lh_aligned,Healthy,left_Healthy_sub-4076_hippocampus_lh_aligned,Healthy,0.2102
lh_Healthy_aug_0603_SPHARM_ellalign.coef,Healthy,left_Healthy_sub-237_hippocampus_lh_aligned,Healthy,left_Healthy_sub-4076_hippocampus_lh_aligned,Healthy,0.3108
lh_Healthy_aug_0604_SPHARM_ellalign.coef,Healthy,left_Healthy_sub-237_hippocampus_lh_aligned,Healthy,left_Healthy_sub-4076_hippocampus_lh_aligned,Healthy,0.4363
lh_Healthy_aug_0605_SPHARM_ellalign.coef,Healthy,left_Healthy_sub-237_hippocampus_lh_aligned,Healthy,left_Healthy_sub-4076_hippocampus_lh_aligned,Healthy,0.5693
lh_Healthy_aug_0606_SPHARM_ellalign.coef,Healthy,left_Healthy_sub-237_hippocampus_lh_aligned,Healthy,left_Healthy_sub-4076_hippocampus_lh_aligned,Healthy,0.6516
lh_Healthy_aug_0607_SPHARM_ellalign.coef,Healthy,left_Healthy_sub-237_hippocampus_lh_aligned,Healthy,left_Healthy_sub-4076_hippocampus_lh_aligned,Healthy,0.7791
lh_Healthy_aug_0608_SPHARM_ellalign.coef,Healthy,left_Healthy_sub-237_hippocampus_lh_aligned,Healthy,left_Healthy_sub-4076_hippocampus_lh_aligned,Healthy,0.8959
lh_Healthy_aug_0609_SPHARM_ellalign.coef,Healthy,left_Healthy_sub-38_hippocampus_lh_aligned,Healthy,left_Healthy_sub-4009_hippocampus_lh_aligned,Healthy,0.1015
lh_Healthy_aug_0610_SPHARM_ellalign.coef,Healthy,left_Healthy_sub-38_hippocampus_lh_aligned,Healthy,left_Healthy_sub-4009_hippocampus_lh_aligned,Healthy,0.2311
lh_Healthy_aug_0611_SPHARM_ellalign.coef,Healthy,left_Healthy_sub-38_hippocampus_lh_aligned,Healthy,left_Healthy_sub-4009_hippocampus_lh_aligned,Healthy,0.3224
lh_Healthy_aug_0612_SPHARM_ellalign.coef,Healthy,left_Healthy_sub-38_hippocampus_lh_aligned,Healthy,left_Healthy_sub-4009_hippocampus_lh_aligned,Healthy,0.4367
lh_Healthy_aug_0613_SPHARM_ellalign.coef,Healthy,left_Healthy_sub-38_hippocampus_lh_aligned,Healthy,left_Healthy_sub-4009_hippocampus_lh_aligned,Healthy,0.5666
lh_Healthy_aug_0614_SPHARM_ellalign.coef,Healthy,left_Healthy_sub-38_hippocampus_lh_aligned,Healthy,left_Healthy_sub-4009_hippocampus_lh_aligned,Healthy,0.6695
lh_Healthy_aug_0615_SPHARM_ellalign.coef,Healthy,left_Healthy_sub-38_hippocampus_lh_aligned,Healthy,left_Healthy_sub-4009_hippocampus_lh_aligned,Healthy,0.7747
lh_Healthy_aug_0616_SPHARM_ellalign.coef,Healthy,left_Healthy_sub-38_hippocampus_lh_aligned,Healthy,left_Healthy_sub-4009_hippocampus_lh_aligned,Healthy,0.8981
lh_Healthy_aug_0617_SPHARM_ellalign.coef,Healthy,left_Healthy_sub-36664_hippocampus_lh_aligned,Healthy,left_Healthy_sub-4052_hippocampus_lh_aligned,Healthy,0.0856
lh_Healthy_aug_0618_SPHARM_ellalign.coef,Healthy,left_Healthy_sub-36664_hippocampus_lh_aligned,Healthy,left_Healthy_sub-4052_hippocampus_lh_aligned,Healthy,0.2013
lh_Healthy_aug_0619_SPHARM_ellalign.coef,Healthy,left_Healthy_sub-36664_hippocampus_lh_aligned,Healthy,left_Healthy_sub-4052_hippocampus_lh_aligned,Healthy,0.3285
lh_Healthy_aug_0620_SPHARM_ellalign.coef,Healthy,left_Healthy_sub-36664_hippocampus_lh_aligned,Healthy,left_Healthy_sub-4052_hippocampus_lh_aligned,Healthy,0.4396
lh_Healthy_aug_0621_SPHARM_ellalign.coef,Healthy,left_Healthy_sub-36664_hippocampus_lh_aligned,Healthy,left_Healthy_sub-4052_hippocampus_lh_aligned,Healthy,0.5737
lh_Healthy_aug_0622_SPHARM_ellalign.coef,Healthy,left_Healthy_sub-36664_hippocampus_lh_aligned,Healthy,left_Healthy_sub-4052_hippocampus_lh_aligned,Healthy,0.6659
lh_Healthy_aug_0623_SPHARM_ellalign.coef,Healthy,left_Healthy_sub-36664_hippocampus_lh_aligned,Healthy,left_Healthy_sub-4052_hippocampus_lh_aligned,Healthy,0.7889
lh_Healthy_aug_0624_SPHARM_ellalign.coef,Healthy,left_Healthy_sub-36664_hippocampus_lh_aligned,Healthy,left_Healthy_sub-4052_hippocampus_lh_aligned,Healthy,0.9053
lh_Healthy_aug_0625_SPHARM_ellalign.coef,Healthy,left_Healthy_sub-75_hippocampus_lh_aligned,Healthy,left_Healthy_sub-4035_hippocampus_lh_aligned,Healthy,0.0805
lh_Healthy_aug_0626_SPHARM_ellalign.coef,Healthy,left_Healthy_sub-75_hippocampus_lh_aligned,Healthy,left_Healthy_sub-4035_hippocampus_lh_aligned,Healthy,0.2208
lh_Healthy_aug_0627_SPHARM_ellalign.coef,Healthy,left_Healthy_sub-75_hippocampus_lh_aligned,Healthy,left_Healthy_sub-4035_hippocampus_lh_aligned,Healthy,0.3157
lh_Healthy_aug_0628_SPHARM_ellalign.coef,Healthy,left_Healthy_sub-75_hippocampus_lh_aligned,Healthy,left_Healthy_sub-4035_hippocampus_lh_aligned,Healthy,0.4613
lh_Healthy_aug_0629_SPHARM_ellalign.coef,Healthy,left_Healthy_sub-75_hippocampus_lh_aligned,Healthy,left_Healthy_sub-4035_hippocampus_lh_aligned,Healthy,0.5431
lh_Healthy_aug_0630_SPHARM_ellalign.coef,Healthy,left_Healthy_sub-75_hippocampus_lh_aligned,Healthy,left_Healthy_sub-4035_hippocampus_lh_aligned,Healthy,0.6680
lh_Healthy_aug_0631_SPHARM_ellalign.coef,Healthy,left_Healthy_sub-75_hippocampus_lh_aligned,Healthy,left_Healthy_sub-4035_hippocampus_lh_aligned,Healthy,0.7691
lh_Healthy_aug_0632_SPHARM_ellalign.coef,Healthy,left_Healthy_sub-75_hippocampus_lh_aligned,Healthy,left_Healthy_sub-4035_hippocampus_lh_aligned,Healthy,0.9199
lh_Healthy_aug_0633_SPHARM_ellalign.coef,Healthy,left_Healthy_sub-28620_hippocampus_lh_aligned,Healthy,left_Healthy_sub-04181_hippocampus_lh_aligned,Healthy,0.1001
lh_Healthy_aug_0634_SPHARM_ellalign.coef,Healthy,left_Healthy_sub-28620_hippocampus_lh_aligned,Healthy,left_Healthy_sub-04181_hippocampus_lh_aligned,Healthy,0.2181
lh_Healthy_aug_0635_SPHARM_ellalign.coef,Healthy,left_Healthy_sub-28620_hippocampus_lh_aligned,Healthy,left_Healthy_sub-04181_hippocampus_lh_aligned,Healthy,0.3113
lh_Healthy_aug_0636_SPHARM_ellalign.coef,Healthy,left_Healthy_sub-28620_hippocampus_lh_aligned,Healthy,left_Healthy_sub-04181_hippocampus_lh_aligned,Healthy,0.4529
lh_Healthy_aug_0637_SPHARM_ellalign.coef,Healthy,left_Healthy_sub-28620_hippocampus_lh_aligned,Healthy,left_Healthy_sub-04181_hippocampus_lh_aligned,Healthy,0.5455
lh_Healthy_aug_0638_SPHARM_ellalign.coef,Healthy,left_Healthy_sub-28620_hippocampus_lh_aligned,Healthy,left_Healthy_sub-04181_hippocampus_lh_aligned,Healthy,0.6874
lh_Healthy_aug_0639_SPHARM_ellalign.coef,Healthy,left_Healthy_sub-28620_hippocampus_lh_aligned,Healthy,left_Healthy_sub-04181_hippocampus_lh_aligned,Healthy,0.7739
lh_Healthy_aug_0640_SPHARM_ellalign.coef,Healthy,left_Healthy_sub-28620_hippocampus_lh_aligned,Healthy,left_Healthy_sub-04181_hippocampus_lh_aligned,Healthy,0.8876
lh_Healthy_aug_0641_SPHARM_ellalign.coef,Healthy,left_Healthy_sub-4011_hippocampus_lh_aligned,Healthy,left_Healthy_sub-16_hippocampus_lh_aligned,Healthy,0.0815
lh_Healthy_aug_0642_SPHARM_ellalign.coef,Healthy,left_Healthy_sub-4011_hippocampus_lh_aligned,Healthy,left_Healthy_sub-16_hippocampus_lh_aligned,Healthy,0.2132
lh_Healthy_aug_0643_SPHARM_ellalign.coef,Healthy,left_Healthy_sub-4011_hippocampus_lh_aligned,Healthy,left_Healthy_sub-16_hippocampus_lh_aligned,Healthy,0.3312
lh_Healthy_aug_0644_SPHARM_ellalign.coef,Healthy,left_Healthy_sub-4011_hippocampus_lh_aligned,Healthy,left_Healthy_sub-16_hippocampus_lh_aligned,Healthy,0.4255
lh_Healthy_aug_0645_SPHARM_ellalign.coef,Healthy,left_Healthy_sub-4011_hippocampus_lh_aligned,Healthy,left_Healthy_sub-16_hippocampus_lh_aligned,Healthy,0.5682
lh_Healthy_aug_0646_SPHARM_ellalign.coef,Healthy,left_Healthy_sub-4011_hippocampus_lh_aligned,Healthy,left_Healthy_sub-16_hippocampus_lh_aligned,Healthy,0.6696
lh_Healthy_aug_0647_SPHARM_ellalign.coef,Healthy,left_Healthy_sub-4011_hippocampus_lh_aligned,Healthy,left_Healthy_sub-16_hippocampus_lh_aligned,Healthy,0.7867
lh_Healthy_aug_0648_SPHARM_ellalign.coef,Healthy,left_Healthy_sub-4011_hippocampus_lh_aligned,Healthy,left_Healthy_sub-16_hippocampus_lh_aligned,Healthy,0.8976
lh_Healthy_aug_0649_SPHARM_ellalign.coef,Healthy,left_Healthy_sub-427_hippocampus_lh_aligned,Healthy,left_Healthy_sub-376_hippocampus_lh_aligned,Healthy,0.0960
lh_Healthy_aug_0650_SPHARM_ellalign.coef,Healthy,left_Healthy_sub-427_hippocampus_lh_aligned,Healthy,left_Healthy_sub-376_hippocampus_lh_aligned,Healthy,0.2167
lh_Healthy_aug_0651_SPHARM_ellalign.coef,Healthy,left_Healthy_sub-427_hippocampus_lh_aligned,Healthy,left_Healthy_sub-376_hippocampus_lh_aligned,Healthy,0.3148
lh_Healthy_aug_0652_SPHARM_ellalign.coef,Healthy,left_Healthy_sub-427_hippocampus_lh_aligned,Healthy,left_Healthy_sub-376_hippocampus_lh_aligned,Healthy,0.4301
lh_Healthy_aug_0653_SPHARM_ellalign.coef,Healthy,left_Healthy_sub-427_hippocampus_lh_aligned,Healthy,left_Healthy_sub-376_hippocampus_lh_aligned,Healthy,0.5716
lh_Healthy_aug_0654_SPHARM_ellalign.coef,Healthy,left_Healthy_sub-427_hippocampus_lh_aligned,Healthy,left_Healthy_sub-376_hippocampus_lh_aligned,Healthy,0.6893
lh_Healthy_aug_0655_SPHARM_ellalign.coef,Healthy,left_Healthy_sub-427_hippocampus_lh_aligned,Healthy,left_Healthy_sub-376_hippocampus_lh_aligned,Healthy,0.7806
lh_Healthy_aug_0656_SPHARM_ellalign.coef,Healthy,left_Healthy_sub-427_hippocampus_lh_aligned,Healthy,left_Healthy_sub-376_hippocampus_lh_aligned,Healthy,0.8908
lh_Healthy_aug_0657_SPHARM_ellalign.coef,Healthy,left_Healthy_sub-330_hippocampus_lh_aligned,Healthy,left_Healthy_sub-417_hippocampus_lh_aligned,Healthy,0.1058
lh_Healthy_aug_0658_SPHARM_ellalign.coef,Healthy,left_Healthy_sub-330_hippocampus_lh_aligned,Healthy,left_Healthy_sub-417_hippocampus_lh_aligned,Healthy,0.2106
lh_Healthy_aug_0659_SPHARM_ellalign.coef,Healthy,left_Healthy_sub-330_hippocampus_lh_aligned,Healthy,left_Healthy_sub-417_hippocampus_lh_aligned,Healthy,0.3096
lh_Healthy_aug_0660_SPHARM_ellalign.coef,Healthy,left_Healthy_sub-330_hippocampus_lh_aligned,Healthy,left_Healthy_sub-417_hippocampus_lh_aligned,Healthy,0.4291
lh_Healthy_aug_0661_SPHARM_ellalign.coef,Healthy,left_Healthy_sub-330_hippocampus_lh_aligned,Healthy,left_Healthy_sub-417_hippocampus_lh_aligned,Healthy,0.5658
lh_Healthy_aug_0662_SPHARM_ellalign.coef,Healthy,left_Healthy_sub-330_hippocampus_lh_aligned,Healthy,left_Healthy_sub-417_hippocampus_lh_aligned,Healthy,0.6778
lh_Healthy_aug_0663_SPHARM_ellalign.coef,Healthy,left_Healthy_sub-330_hippocampus_lh_aligned,Healthy,left_Healthy_sub-417_hippocampus_lh_aligned,Healthy,0.7668
lh_Healthy_aug_0664_SPHARM_ellalign.coef,Healthy,left_Healthy_sub-330_hippocampus_lh_aligned,Healthy,left_Healthy_sub-417_hippocampus_lh_aligned,Healthy,0.8889
lh_Healthy_aug_0665_SPHARM_ellalign.coef,Healthy,left_Healthy_sub-356_hippocampus_lh_aligned,Healthy,left_Healthy_sub-4086_hippocampus_lh_aligned,Healthy,0.0892
lh_Healthy_aug_0666_SPHARM_ellalign.coef,Healthy,left_Healthy_sub-356_hippocampus_lh_aligned,Healthy,left_Healthy_sub-4086_hippocampus_lh_aligned,Healthy,0.2212
lh_Healthy_aug_0667_SPHARM_ellalign.coef,Healthy,left_Healthy_sub-356_hippocampus_lh_aligned,Healthy,left_Healthy_sub-4086_hippocampus_lh_aligned,Healthy,0.3094
lh_Healthy_aug_0668_SPHARM_ellalign.coef,Healthy,left_Healthy_sub-356_hippocampus_lh_aligned,Healthy,left_Healthy_sub-4086_hippocampus_lh_aligned,Healthy,0.4270
lh_Healthy_aug_0669_SPHARM_ellalign.coef,Healthy,left_Healthy_sub-356_hippocampus_lh_aligned,Healthy,left_Healthy_sub-4086_hippocampus_lh_aligned,Healthy,0.5691
lh_Healthy_aug_0670_SPHARM_ellalign.coef,Healthy,left_Healthy_sub-356_hippocampus_lh_aligned,Healthy,left_Healthy_sub-4086_hippocampus_lh_aligned,Healthy,0.6586
lh_Healthy_aug_0671_SPHARM_ellalign.coef,Healthy,left_Healthy_sub-356_hippocampus_lh_aligned,Healthy,left_Healthy_sub-4086_hippocampus_lh_aligned,Healthy,0.7918
lh_Healthy_aug_0672_SPHARM_ellalign.coef,Healthy,left_Healthy_sub-356_hippocampus_lh_aligned,Healthy,left_Healthy_sub-4086_hippocampus_lh_aligned,Healthy,0.8895
lh_Healthy_aug_0673_SPHARM_ellalign.coef,Healthy,left_Healthy_sub-332_hippocampus_lh_aligned,Healthy,left_Healthy_sub-04164_hippocampus_lh_aligned,Healthy,0.0840
lh_Healthy_aug_0674_SPHARM_ellalign.coef,Healthy,left_Healthy_sub-332_hippocampus_lh_aligned,Healthy,left_Healthy_sub-04164_hippocampus_lh_aligned,Healthy,0.2040
lh_Healthy_aug_0675_SPHARM_ellalign.coef,Healthy,left_Healthy_sub-332_hippocampus_lh_aligned,Healthy,left_Healthy_sub-04164_hippocampus_lh_aligned,Healthy,0.3375
lh_Healthy_aug_0676_SPHARM_ellalign.coef,Healthy,left_Healthy_sub-332_hippocampus_lh_aligned,Healthy,left_Healthy_sub-04164_hippocampus_lh_aligned,Healthy,0.4571
lh_Healthy_aug_0677_SPHARM_ellalign.coef,Healthy,left_Healthy_sub-332_hippocampus_lh_aligned,Healthy,left_Healthy_sub-04164_hippocampus_lh_aligned,Healthy,0.5704
lh_Healthy_aug_0678_SPHARM_ellalign.coef,Healthy,left_Healthy_sub-332_hippocampus_lh_aligned,Healthy,left_Healthy_sub-04164_hippocampus_lh_aligned,Healthy,0.6673
lh_Healthy_aug_0679_SPHARM_ellalign.coef,Healthy,left_Healthy_sub-332_hippocampus_lh_aligned,Healthy,left_Healthy_sub-04164_hippocampus_lh_aligned,Healthy,0.7924
lh_Healthy_aug_0680_SPHARM_ellalign.coef,Healthy,left_Healthy_sub-332_hippocampus_lh_aligned,Healthy,left_Healthy_sub-04164_hippocampus_lh_aligned,Healthy,0.8882
lh_Healthy_aug_0681_SPHARM_ellalign.coef,Healthy,left_Healthy_sub-4023_hippocampus_lh_aligned,Healthy,left_Healthy_sub-4024_hippocampus_lh_aligned,Healthy,0.0917
lh_Healthy_aug_0682_SPHARM_ellalign.coef,Healthy,left_Healthy_sub-4023_hippocampus_lh_aligned,Healthy,left_Healthy_sub-4024_hippocampus_lh_aligned,Healthy,0.2301
lh_Healthy_aug_0683_SPHARM_ellalign.coef,Healthy,left_Healthy_sub-4023_hippocampus_lh_aligned,Healthy,left_Healthy_sub-4024_hippocampus_lh_aligned,Healthy,0.3091
lh_Healthy_aug_0684_SPHARM_ellalign.coef,Healthy,left_Healthy_sub-4023_hippocampus_lh_aligned,Healthy,left_Healthy_sub-4024_hippocampus_lh_aligned,Healthy,0.4263
lh_Healthy_aug_0685_SPHARM_ellalign.coef,Healthy,left_Healthy_sub-4023_hippocampus_lh_aligned,Healthy,left_Healthy_sub-4024_hippocampus_lh_aligned,Healthy,0.5455
lh_Healthy_aug_0686_SPHARM_ellalign.coef,Healthy,left_Healthy_sub-4023_hippocampus_lh_aligned,Healthy,left_Healthy_sub-4024_hippocampus_lh_aligned,Healthy,0.6525
lh_Healthy_aug_0687_SPHARM_ellalign.coef,Healthy,left_Healthy_sub-4023_hippocampus_lh_aligned,Healthy,left_Healthy_sub-4024_hippocampus_lh_aligned,Healthy,0.7730
lh_Healthy_aug_0688_SPHARM_ellalign.coef,Healthy,left_Healthy_sub-4023_hippocampus_lh_aligned,Healthy,left_Healthy_sub-4024_hippocampus_lh_aligned,Healthy,0.9033
lh_Healthy_aug_0689_SPHARM_ellalign.coef,Healthy,left_Healthy_sub-29332_hippocampus_lh_aligned,Healthy,left_Healthy_sub-04216_hippocampus_lh_aligned,Healthy,0.0969
lh_Healthy_aug_0690_SPHARM_ellalign.coef,Healthy,left_Healthy_sub-29332_hippocampus_lh_aligned,Healthy,left_Healthy_sub-04216_hippocampus_lh_aligned,Healthy,0.2300
lh_Healthy_aug_0691_SPHARM_ellalign.coef,Healthy,left_Healthy_sub-29332_hippocampus_lh_aligned,Healthy,left_Healthy_sub-04216_hippocampus_lh_aligned,Healthy,0.3413
lh_Healthy_aug_0692_SPHARM_ellalign.coef,Healthy,left_Healthy_sub-29332_hippocampus_lh_aligned,Healthy,left_Healthy_sub-04216_hippocampus_lh_aligned,Healthy,0.4365
lh_Healthy_aug_0693_SPHARM_ellalign.coef,Healthy,left_Healthy_sub-29332_hippocampus_lh_aligned,Healthy,left_Healthy_sub-04216_hippocampus_lh_aligned,Healthy,0.5475
lh_Healthy_aug_0694_SPHARM_ellalign.coef,Healthy,left_Healthy_sub-29332_hippocampus_lh_aligned,Healthy,left_Healthy_sub-04216_hippocampus_lh_aligned,Healthy,0.6666
lh_Healthy_aug_0695_SPHARM_ellalign.coef,Healthy,left_Healthy_sub-29332_hippocampus_lh_aligned,Healthy,left_Healthy_sub-04216_hippocampus_lh_aligned,Healthy,0.7893
lh_Healthy_aug_0696_SPHARM_ellalign.coef,Healthy,left_Healthy_sub-29332_hippocampus_lh_aligned,Healthy,left_Healthy_sub-04216_hippocampus_lh_aligned,Healthy,0.8907
lh_Healthy_aug_0697_SPHARM_ellalign.coef,Healthy,left_Healthy_sub-37149_hippocampus_lh_aligned,Healthy,left_Healthy_sub-175_hippocampus_lh_aligned,Healthy,0.1050
lh_Healthy_aug_0698_SPHARM_ellalign.coef,Healthy,left_Healthy_sub-37149_hippocampus_lh_aligned,Healthy,left_Healthy_sub-175_hippocampus_lh_aligned,Healthy,0.2107
lh_Healthy_aug_0699_SPHARM_ellalign.coef,Healthy,left_Healthy_sub-37149_hippocampus_lh_aligned,Healthy,left_Healthy_sub-175_hippocampus_lh_aligned,Healthy,0.3307
lh_Healthy_aug_0700_SPHARM_ellalign.coef,Healthy,left_Healthy_sub-37149_hippocampus_lh_aligned,Healthy,left_Healthy_sub-175_hippocampus_lh_aligned,Healthy,0.4403
lh_Healthy_aug_0701_SPHARM_ellalign.coef,Healthy,left_Healthy_sub-37149_hippocampus_lh_aligned,Healthy,left_Healthy_sub-175_hippocampus_lh_aligned,Healthy,0.5489
lh_Healthy_aug_0702_SPHARM_ellalign.coef,Healthy,left_Healthy_sub-37149_hippocampus_lh_aligned,Healthy,left_Healthy_sub-175_hippocampus_lh_aligned,Healthy,0.6894
lh_Healthy_aug_0703_SPHARM_ellalign.coef,Healthy,left_Healthy_sub-37149_hippocampus_lh_aligned,Healthy,left_Healthy_sub-175_hippocampus_lh_aligned,Healthy,0.7963
lh_Healthy_aug_0704_SPHARM_ellalign.coef,Healthy,left_Healthy_sub-37149_hippocampus_lh_aligned,Healthy,left_Healthy_sub-175_hippocampus_lh_aligned,Healthy,0.8856
lh_Healthy_aug_0705_SPHARM_ellalign.coef,Healthy,left_Healthy_sub-402_hippocampus_lh_aligned,Healthy,left_Healthy_sub-4002_hippocampus_lh_aligned,Healthy,0.1147
lh_Healthy_aug_0706_SPHARM_ellalign.coef,Healthy,left_Healthy_sub-402_hippocampus_lh_aligned,Healthy,left_Healthy_sub-4002_hippocampus_lh_aligned,Healthy,0.2138
lh_Healthy_aug_0707_SPHARM_ellalign.coef,Healthy,left_Healthy_sub-402_hippocampus_lh_aligned,Healthy,left_Healthy_sub-4002_hippocampus_lh_aligned,Healthy,0.3444
lh_Healthy_aug_0708_SPHARM_ellalign.coef,Healthy,left_Healthy_sub-402_hippocampus_lh_aligned,Healthy,left_Healthy_sub-4002_hippocampus_lh_aligned,Healthy,0.4549
lh_Healthy_aug_0709_SPHARM_ellalign.coef,Healthy,left_Healthy_sub-402_hippocampus_lh_aligned,Healthy,left_Healthy_sub-4002_hippocampus_lh_aligned,Healthy,0.5542
lh_Healthy_aug_0710_SPHARM_ellalign.coef,Healthy,left_Healthy_sub-402_hippocampus_lh_aligned,Healthy,left_Healthy_sub-4002_hippocampus_lh_aligned,Healthy,0.6523
lh_Healthy_aug_0711_SPHARM_ellalign.coef,Healthy,left_Healthy_sub-402_hippocampus_lh_aligned,Healthy,left_Healthy_sub-4002_hippocampus_lh_aligned,Healthy,0.7765
lh_Healthy_aug_0712_SPHARM_ellalign.coef,Healthy,left_Healthy_sub-402_hippocampus_lh_aligned,Healthy,left_Healthy_sub-4002_hippocampus_lh_aligned,Healthy,0.9017
lh_Healthy_aug_0713_SPHARM_ellalign.coef,Healthy,left_Healthy_sub-325_hippocampus_lh_aligned,Healthy,left_Healthy_sub-301_hippocampus_lh_aligned,Healthy,0.1053
lh_Healthy_aug_0714_SPHARM_ellalign.coef,Healthy,left_Healthy_sub-325_hippocampus_lh_aligned,Healthy,left_Healthy_sub-301_hippocampus_lh_aligned,Healthy,0.2046
lh_Healthy_aug_0715_SPHARM_ellalign.coef,Healthy,left_Healthy_sub-325_hippocampus_lh_aligned,Healthy,left_Healthy_sub-301_hippocampus_lh_aligned,Healthy,0.3141
lh_Healthy_aug_0716_SPHARM_ellalign.coef,Healthy,left_Healthy_sub-325_hippocampus_lh_aligned,Healthy,left_Healthy_sub-301_hippocampus_lh_aligned,Healthy,0.4563
lh_Healthy_aug_0717_SPHARM_ellalign.coef,Healthy,left_Healthy_sub-325_hippocampus_lh_aligned,Healthy,left_Healthy_sub-301_hippocampus_lh_aligned,Healthy,0.5765
lh_Healthy_aug_0718_SPHARM_ellalign.coef,Healthy,left_Healthy_sub-325_hippocampus_lh_aligned,Healthy,left_Healthy_sub-301_hippocampus_lh_aligned,Healthy,0.6725
lh_Healthy_aug_0719_SPHARM_ellalign.coef,Healthy,left_Healthy_sub-325_hippocampus_lh_aligned,Healthy,left_Healthy_sub-301_hippocampus_lh_aligned,Healthy,0.7726
lh_Healthy_aug_0720_SPHARM_ellalign.coef,Healthy,left_Healthy_sub-325_hippocampus_lh_aligned,Healthy,left_Healthy_sub-301_hippocampus_lh_aligned,Healthy,0.8909
lh_Healthy_aug_0721_SPHARM_ellalign.coef,Healthy,left_Healthy_sub-334_hippocampus_lh_aligned,Healthy,left_Healthy_sub-4017_hippocampus_lh_aligned,Healthy,0.0807
lh_Healthy_aug_0722_SPHARM_ellalign.coef,Healthy,left_Healthy_sub-334_hippocampus_lh_aligned,Healthy,left_Healthy_sub-4017_hippocampus_lh_aligned,Healthy,0.2309
lh_Healthy_aug_0723_SPHARM_ellalign.coef,Healthy,left_Healthy_sub-334_hippocampus_lh_aligned,Healthy,left_Healthy_sub-4017_hippocampus_lh_aligned,Healthy,0.3133
lh_Healthy_aug_0724_SPHARM_ellalign.coef,Healthy,left_Healthy_sub-334_hippocampus_lh_aligned,Healthy,left_Healthy_sub-4017_hippocampus_lh_aligned,Healthy,0.4459
lh_Healthy_aug_0725_SPHARM_ellalign.coef,Healthy,left_Healthy_sub-334_hippocampus_lh_aligned,Healthy,left_Healthy_sub-4017_hippocampus_lh_aligned,Healthy,0.5481
lh_Healthy_aug_0726_SPHARM_ellalign.coef,Healthy,left_Healthy_sub-334_hippocampus_lh_aligned,Healthy,left_Healthy_sub-4017_hippocampus_lh_aligned,Healthy,0.6736
lh_Healthy_aug_0727_SPHARM_ellalign.coef,Healthy,left_Healthy_sub-334_hippocampus_lh_aligned,Healthy,left_Healthy_sub-4017_hippocampus_lh_aligned,Healthy,0.7918
lh_Healthy_aug_0728_SPHARM_ellalign.coef,Healthy,left_Healthy_sub-334_hippocampus_lh_aligned,Healthy,left_Healthy_sub-4017_hippocampus_lh_aligned,Healthy,0.9132
lh_Healthy_aug_0729_SPHARM_ellalign.coef,Healthy,left_Healthy_sub-31730_hippocampus_lh_aligned,Healthy,left_Healthy_sub-4054_hippocampus_lh_aligned,Healthy,0.0883
lh_Healthy_aug_0730_SPHARM_ellalign.coef,Healthy,left_Healthy_sub-31730_hippocampus_lh_aligned,Healthy,left_Healthy_sub-4054_hippocampus_lh_aligned,Healthy,0.1947
lh_Healthy_aug_0731_SPHARM_ellalign.coef,Healthy,left_Healthy_sub-31730_hippocampus_lh_aligned,Healthy,left_Healthy_sub-4054_hippocampus_lh_aligned,Healthy,0.3140
lh_Healthy_aug_0732_SPHARM_ellalign.coef,Healthy,left_Healthy_sub-31730_hippocampus_lh_aligned,Healthy,left_Healthy_sub-4054_hippocampus_lh_aligned,Healthy,0.4589
lh_Healthy_aug_0733_SPHARM_ellalign.coef,Healthy,left_Healthy_sub-31730_hippocampus_lh_aligned,Healthy,left_Healthy_sub-4054_hippocampus_lh_aligned,Healthy,0.5721
lh_Healthy_aug_0734_SPHARM_ellalign.coef,Healthy,left_Healthy_sub-31730_hippocampus_lh_aligned,Healthy,left_Healthy_sub-4054_hippocampus_lh_aligned,Healthy,0.6753
lh_Healthy_aug_0735_SPHARM_ellalign.coef,Healthy,left_Healthy_sub-31730_hippocampus_lh_aligned,Healthy,left_Healthy_sub-4054_hippocampus_lh_aligned,Healthy,0.7897
lh_Healthy_aug_0736_SPHARM_ellalign.coef,Healthy,left_Healthy_sub-31730_hippocampus_lh_aligned,Healthy,left_Healthy_sub-4054_hippocampus_lh_aligned,Healthy,0.9066
lh_Healthy_aug_0737_SPHARM_ellalign.coef,Healthy,left_Healthy_sub-32436_hippocampus_lh_aligned,Healthy,left_Healthy_sub-222_hippocampus_lh_aligned,Healthy,0.0870
lh_Healthy_aug_0738_SPHARM_ellalign.coef,Healthy,left_Healthy_sub-32436_hippocampus_lh_aligned,Healthy,left_Healthy_sub-222_hippocampus_lh_aligned,Healthy,0.2309
lh_Healthy_aug_0739_SPHARM_ellalign.coef,Healthy,left_Healthy_sub-32436_hippocampus_lh_aligned,Healthy,left_Healthy_sub-222_hippocampus_lh_aligned,Healthy,0.3253
lh_Healthy_aug_0740_SPHARM_ellalign.coef,Healthy,left_Healthy_sub-32436_hippocampus_lh_aligned,Healthy,left_Healthy_sub-222_hippocampus_lh_aligned,Healthy,0.4382
lh_Healthy_aug_0741_SPHARM_ellalign.coef,Healthy,left_Healthy_sub-32436_hippocampus_lh_aligned,Healthy,left_Healthy_sub-222_hippocampus_lh_aligned,Healthy,0.5579
lh_Healthy_aug_0742_SPHARM_ellalign.coef,Healthy,left_Healthy_sub-32436_hippocampus_lh_aligned,Healthy,left_Healthy_sub-222_hippocampus_lh_aligned,Healthy,0.6533
lh_Healthy_aug_0743_SPHARM_ellalign.coef,Healthy,left_Healthy_sub-32436_hippocampus_lh_aligned,Healthy,left_Healthy_sub-222_hippocampus_lh_aligned,Healthy,0.7724
lh_Healthy_aug_0744_SPHARM_ellalign.coef,Healthy,left_Healthy_sub-32436_hippocampus_lh_aligned,Healthy,left_Healthy_sub-222_hippocampus_lh_aligned,Healthy,0.9095
lh_Healthy_aug_0745_SPHARM_ellalign.coef,Healthy,left_Healthy_sub-4087_hippocampus_lh_aligned,Healthy,left_Healthy_sub-442_hippocampus_lh_aligned,Healthy,0.0833
lh_Healthy_aug_0746_SPHARM_ellalign.coef,Healthy,left_Healthy_sub-4087_hippocampus_lh_aligned,Healthy,left_Healthy_sub-442_hippocampus_lh_aligned,Healthy,0.2184
lh_Healthy_aug_0747_SPHARM_ellalign.coef,Healthy,left_Healthy_sub-4087_hippocampus_lh_aligned,Healthy,left_Healthy_sub-442_hippocampus_lh_aligned,Healthy,0.3184
lh_Healthy_aug_0748_SPHARM_ellalign.coef,Healthy,left_Healthy_sub-4087_hippocampus_lh_aligned,Healthy,left_Healthy_sub-442_hippocampus_lh_aligned,Healthy,0.4384
lh_Healthy_aug_0749_SPHARM_ellalign.coef,Healthy,left_Healthy_sub-4087_hippocampus_lh_aligned,Healthy,left_Healthy_sub-442_hippocampus_lh_aligned,Healthy,0.5487
lh_Healthy_aug_0750_SPHARM_ellalign.coef,Healthy,left_Healthy_sub-4087_hippocampus_lh_aligned,Healthy,left_Healthy_sub-442_hippocampus_lh_aligned,Healthy,0.6657
lh_Healthy_aug_0751_SPHARM_ellalign.coef,Healthy,left_Healthy_sub-4087_hippocampus_lh_aligned,Healthy,left_Healthy_sub-442_hippocampus_lh_aligned,Healthy,0.7945
lh_Healthy_aug_0752_SPHARM_ellalign.coef,Healthy,left_Healthy_sub-4087_hippocampus_lh_aligned,Healthy,left_Healthy_sub-442_hippocampus_lh_aligned,Healthy,0.8919
lh_Healthy_aug_0753_SPHARM_ellalign.coef,Healthy,left_Healthy_sub-04001_hippocampus_lh_aligned,Healthy,left_Healthy_sub-362_hippocampus_lh_aligned,Healthy,0.1027
lh_Healthy_aug_0754_SPHARM_ellalign.coef,Healthy,left_Healthy_sub-04001_hippocampus_lh_aligned,Healthy,left_Healthy_sub-362_hippocampus_lh_aligned,Healthy,0.2133
lh_Healthy_aug_0755_SPHARM_ellalign.coef,Healthy,left_Healthy_sub-04001_hippocampus_lh_aligned,Healthy,left_Healthy_sub-362_hippocampus_lh_aligned,Healthy,0.3351
lh_Healthy_aug_0756_SPHARM_ellalign.coef,Healthy,left_Healthy_sub-04001_hippocampus_lh_aligned,Healthy,left_Healthy_sub-362_hippocampus_lh_aligned,Healthy,0.4603
lh_Healthy_aug_0757_SPHARM_ellalign.coef,Healthy,left_Healthy_sub-04001_hippocampus_lh_aligned,Healthy,left_Healthy_sub-362_hippocampus_lh_aligned,Healthy,0.5664
lh_Healthy_aug_0758_SPHARM_ellalign.coef,Healthy,left_Healthy_sub-04001_hippocampus_lh_aligned,Healthy,left_Healthy_sub-362_hippocampus_lh_aligned,Healthy,0.6600
lh_Healthy_aug_0759_SPHARM_ellalign.coef,Healthy,left_Healthy_sub-04001_hippocampus_lh_aligned,Healthy,left_Healthy_sub-362_hippocampus_lh_aligned,Healthy,0.7670
lh_Healthy_aug_0760_SPHARM_ellalign.coef,Healthy,left_Healthy_sub-04001_hippocampus_lh_aligned,Healthy,left_Healthy_sub-362_hippocampus_lh_aligned,Healthy,0.8905
lh_TLE_aug_0761_SPHARM_ellalign.coef,TLE,left_TLE_sub-26896_hippocampus_lh_aligned,TLE,left_TLE_sub-336_hippocampus_lh_aligned,TLE,0.1038
lh_TLE_aug_0762_SPHARM_ellalign.coef,TLE,left_TLE_sub-26896_hippocampus_lh_aligned,TLE,left_TLE_sub-336_hippocampus_lh_aligned,TLE,0.1354
lh_TLE_aug_0763_SPHARM_ellalign.coef,TLE,left_TLE_sub-26896_hippocampus_lh_aligned,TLE,left_TLE_sub-336_hippocampus_lh_aligned,TLE,0.2065
lh_TLE_aug_0764_SPHARM_ellalign.coef,TLE,left_TLE_sub-26896_hippocampus_lh_aligned,TLE,left_TLE_sub-336_hippocampus_lh_aligned,TLE,0.2639
lh_TLE_aug_0765_SPHARM_ellalign.coef,TLE,left_TLE_sub-26896_hippocampus_lh_aligned,TLE,left_TLE_sub-336_hippocampus_lh_aligned,TLE,0.3067
lh_TLE_aug_0766_SPHARM_ellalign.coef,TLE,left_TLE_sub-26896_hippocampus_lh_aligned,TLE,left_TLE_sub-336_hippocampus_lh_aligned,TLE,0.3775
lh_TLE_aug_0767_SPHARM_ellalign.coef,TLE,left_TLE_sub-26896_hippocampus_lh_aligned,TLE,left_TLE_sub-336_hippocampus_lh_aligned,TLE,0.4043
lh_TLE_aug_0768_SPHARM_ellalign.coef,TLE,left_TLE_sub-26896_hippocampus_lh_aligned,TLE,left_TLE_sub-336_hippocampus_lh_aligned,TLE,0.4563
lh_TLE_aug_0769_SPHARM_ellalign.coef,TLE,left_TLE_sub-26896_hippocampus_lh_aligned,TLE,left_TLE_sub-336_hippocampus_lh_aligned,TLE,0.5358
lh_TLE_aug_0770_SPHARM_ellalign.coef,TLE,left_TLE_sub-26896_hippocampus_lh_aligned,TLE,left_TLE_sub-336_hippocampus_lh_aligned,TLE,0.5798
lh_TLE_aug_0771_SPHARM_ellalign.coef,TLE,left_TLE_sub-26896_hippocampus_lh_aligned,TLE,left_TLE_sub-336_hippocampus_lh_aligned,TLE,0.6409
lh_TLE_aug_0772_SPHARM_ellalign.coef,TLE,left_TLE_sub-26896_hippocampus_lh_aligned,TLE,left_TLE_sub-336_hippocampus_lh_aligned,TLE,0.6841
lh_TLE_aug_0773_SPHARM_ellalign.coef,TLE,left_TLE_sub-26896_hippocampus_lh_aligned,TLE,left_TLE_sub-336_hippocampus_lh_aligned,TLE,0.7299
lh_TLE_aug_0774_SPHARM_ellalign.coef,TLE,left_TLE_sub-26896_hippocampus_lh_aligned,TLE,left_TLE_sub-336_hippocampus_lh_aligned,TLE,0.8061
lh_TLE_aug_0775_SPHARM_ellalign.coef,TLE,left_TLE_sub-26896_hippocampus_lh_aligned,TLE,left_TLE_sub-336_hippocampus_lh_aligned,TLE,0.8586
lh_TLE_aug_0776_SPHARM_ellalign.coef,TLE,left_TLE_sub-26896_hippocampus_lh_aligned,TLE,left_TLE_sub-336_hippocampus_lh_aligned,TLE,0.9078
lh_TLE_aug_0777_SPHARM_ellalign.coef,TLE,left_TLE_sub-165_hippocampus_lh_aligned,TLE,left_TLE_sub-375_hippocampus_lh_aligned,TLE,0.0909
lh_TLE_aug_0778_SPHARM_ellalign.coef,TLE,left_TLE_sub-165_hippocampus_lh_aligned,TLE,left_TLE_sub-375_hippocampus_lh_aligned,TLE,0.1569
lh_TLE_aug_0779_SPHARM_ellalign.coef,TLE,left_TLE_sub-165_hippocampus_lh_aligned,TLE,left_TLE_sub-375_hippocampus_lh_aligned,TLE,0.2011
lh_TLE_aug_0780_SPHARM_ellalign.coef,TLE,left_TLE_sub-165_hippocampus_lh_aligned,TLE,left_TLE_sub-375_hippocampus_lh_aligned,TLE,0.2437
lh_TLE_aug_0781_SPHARM_ellalign.coef,TLE,left_TLE_sub-165_hippocampus_lh_aligned,TLE,left_TLE_sub-375_hippocampus_lh_aligned,TLE,0.3300
lh_TLE_aug_0782_SPHARM_ellalign.coef,TLE,left_TLE_sub-165_hippocampus_lh_aligned,TLE,left_TLE_sub-375_hippocampus_lh_aligned,TLE,0.3521
lh_TLE_aug_0783_SPHARM_ellalign.coef,TLE,left_TLE_sub-165_hippocampus_lh_aligned,TLE,left_TLE_sub-375_hippocampus_lh_aligned,TLE,0.4380
lh_TLE_aug_0784_SPHARM_ellalign.coef,TLE,left_TLE_sub-165_hippocampus_lh_aligned,TLE,left_TLE_sub-375_hippocampus_lh_aligned,TLE,0.4712
lh_TLE_aug_0785_SPHARM_ellalign.coef,TLE,left_TLE_sub-165_hippocampus_lh_aligned,TLE,left_TLE_sub-375_hippocampus_lh_aligned,TLE,0.5141
lh_TLE_aug_0786_SPHARM_ellalign.coef,TLE,left_TLE_sub-165_hippocampus_lh_aligned,TLE,left_TLE_sub-375_hippocampus_lh_aligned,TLE,0.5817
lh_TLE_aug_0787_SPHARM_ellalign.coef,TLE,left_TLE_sub-165_hippocampus_lh_aligned,TLE,left_TLE_sub-375_hippocampus_lh_aligned,TLE,0.6483
lh_TLE_aug_0788_SPHARM_ellalign.coef,TLE,left_TLE_sub-165_hippocampus_lh_aligned,TLE,left_TLE_sub-375_hippocampus_lh_aligned,TLE,0.6960
lh_TLE_aug_0789_SPHARM_ellalign.coef,TLE,left_TLE_sub-165_hippocampus_lh_aligned,TLE,left_TLE_sub-375_hippocampus_lh_aligned,TLE,0.7523
lh_TLE_aug_0790_SPHARM_ellalign.coef,TLE,left_TLE_sub-165_hippocampus_lh_aligned,TLE,left_TLE_sub-375_hippocampus_lh_aligned,TLE,0.7997
lh_TLE_aug_0791_SPHARM_ellalign.coef,TLE,left_TLE_sub-165_hippocampus_lh_aligned,TLE,left_TLE_sub-375_hippocampus_lh_aligned,TLE,0.8544
lh_TLE_aug_0792_SPHARM_ellalign.coef,TLE,left_TLE_sub-165_hippocampus_lh_aligned,TLE,left_TLE_sub-375_hippocampus_lh_aligned,TLE,0.9140
lh_TLE_aug_0793_SPHARM_ellalign.coef,TLE,left_TLE_sub-421_hippocampus_lh_aligned,TLE,left_TLE_sub-320_hippocampus_lh_aligned,TLE,0.0900
lh_TLE_aug_0794_SPHARM_ellalign.coef,TLE,left_TLE_sub-421_hippocampus_lh_aligned,TLE,left_TLE_sub-320_hippocampus_lh_aligned,TLE,0.1529
lh_TLE_aug_0795_SPHARM_ellalign.coef,TLE,left_TLE_sub-421_hippocampus_lh_aligned,TLE,left_TLE_sub-320_hippocampus_lh_aligned,TLE,0.1955
lh_TLE_aug_0796_SPHARM_ellalign.coef,TLE,left_TLE_sub-421_hippocampus_lh_aligned,TLE,left_TLE_sub-320_hippocampus_lh_aligned,TLE,0.2795
lh_TLE_aug_0797_SPHARM_ellalign.coef,TLE,left_TLE_sub-421_hippocampus_lh_aligned,TLE,left_TLE_sub-320_hippocampus_lh_aligned,TLE,0.3311
lh_TLE_aug_0798_SPHARM_ellalign.coef,TLE,left_TLE_sub-421_hippocampus_lh_aligned,TLE,left_TLE_sub-320_hippocampus_lh_aligned,TLE,0.3482
lh_TLE_aug_0799_SPHARM_ellalign.coef,TLE,left_TLE_sub-421_hippocampus_lh_aligned,TLE,left_TLE_sub-320_hippocampus_lh_aligned,TLE,0.4282
lh_TLE_aug_0800_SPHARM_ellalign.coef,TLE,left_TLE_sub-421_hippocampus_lh_aligned,TLE,left_TLE_sub-320_hippocampus_lh_aligned,TLE,0.4903
lh_TLE_aug_0801_SPHARM_ellalign.coef,TLE,left_TLE_sub-421_hippocampus_lh_aligned,TLE,left_TLE_sub-320_hippocampus_lh_aligned,TLE,0.5139
lh_TLE_aug_0802_SPHARM_ellalign.coef,TLE,left_TLE_sub-421_hippocampus_lh_aligned,TLE,left_TLE_sub-320_hippocampus_lh_aligned,TLE,0.5827
lh_TLE_aug_0803_SPHARM_ellalign.coef,TLE,left_TLE_sub-421_hippocampus_lh_aligned,TLE,left_TLE_sub-320_hippocampus_lh_aligned,TLE,0.6500
lh_TLE_aug_0804_SPHARM_ellalign.coef,TLE,left_TLE_sub-421_hippocampus_lh_aligned,TLE,left_TLE_sub-320_hippocampus_lh_aligned,TLE,0.6680
lh_TLE_aug_0805_SPHARM_ellalign.coef,TLE,left_TLE_sub-421_hippocampus_lh_aligned,TLE,left_TLE_sub-320_hippocampus_lh_aligned,TLE,0.7479
lh_TLE_aug_0806_SPHARM_ellalign.coef,TLE,left_TLE_sub-421_hippocampus_lh_aligned,TLE,left_TLE_sub-320_hippocampus_lh_aligned,TLE,0.7852
lh_TLE_aug_0807_SPHARM_ellalign.coef,TLE,left_TLE_sub-421_hippocampus_lh_aligned,TLE,left_TLE_sub-320_hippocampus_lh_aligned,TLE,0.8636
lh_TLE_aug_0808_SPHARM_ellalign.coef,TLE,left_TLE_sub-421_hippocampus_lh_aligned,TLE,left_TLE_sub-320_hippocampus_lh_aligned,TLE,0.9188
lh_TLE_aug_0809_SPHARM_ellalign.coef,TLE,left_TLE_sub-174_hippocampus_lh_aligned,TLE,left_TLE_sub-127_hippocampus_lh_aligned,TLE,0.1178
lh_TLE_aug_0810_SPHARM_ellalign.coef,TLE,left_TLE_sub-174_hippocampus_lh_aligned,TLE,left_TLE_sub-127_hippocampus_lh_aligned,TLE,0.1523
lh_TLE_aug_0811_SPHARM_ellalign.coef,TLE,left_TLE_sub-174_hippocampus_lh_aligned,TLE,left_TLE_sub-127_hippocampus_lh_aligned,TLE,0.2211
lh_TLE_aug_0812_SPHARM_ellalign.coef,TLE,left_TLE_sub-174_hippocampus_lh_aligned,TLE,left_TLE_sub-127_hippocampus_lh_aligned,TLE,0.2738
lh_TLE_aug_0813_SPHARM_ellalign.coef,TLE,left_TLE_sub-174_hippocampus_lh_aligned,TLE,left_TLE_sub-127_hippocampus_lh_aligned,TLE,0.3061
lh_TLE_aug_0814_SPHARM_ellalign.coef,TLE,left_TLE_sub-174_hippocampus_lh_aligned,TLE,left_TLE_sub-127_hippocampus_lh_aligned,TLE,0.3798
lh_TLE_aug_0815_SPHARM_ellalign.coef,TLE,left_TLE_sub-174_hippocampus_lh_aligned,TLE,left_TLE_sub-127_hippocampus_lh_aligned,TLE,0.4015
lh_TLE_aug_0816_SPHARM_ellalign.coef,TLE,left_TLE_sub-174_hippocampus_lh_aligned,TLE,left_TLE_sub-127_hippocampus_lh_aligned,TLE,0.4772
lh_TLE_aug_0817_SPHARM_ellalign.coef,TLE,left_TLE_sub-174_hippocampus_lh_aligned,TLE,left_TLE_sub-127_hippocampus_lh_aligned,TLE,0.5159
lh_TLE_aug_0818_SPHARM_ellalign.coef,TLE,left_TLE_sub-174_hippocampus_lh_aligned,TLE,left_TLE_sub-127_hippocampus_lh_aligned,TLE,0.5648
lh_TLE_aug_0819_SPHARM_ellalign.coef,TLE,left_TLE_sub-174_hippocampus_lh_aligned,TLE,left_TLE_sub-127_hippocampus_lh_aligned,TLE,0.6164
lh_TLE_aug_0820_SPHARM_ellalign.coef,TLE,left_TLE_sub-174_hippocampus_lh_aligned,TLE,left_TLE_sub-127_hippocampus_lh_aligned,TLE,0.6945
lh_TLE_aug_0821_SPHARM_ellalign.coef,TLE,left_TLE_sub-174_hippocampus_lh_aligned,TLE,left_TLE_sub-127_hippocampus_lh_aligned,TLE,0.7336
lh_TLE_aug_0822_SPHARM_ellalign.coef,TLE,left_TLE_sub-174_hippocampus_lh_aligned,TLE,left_TLE_sub-127_hippocampus_lh_aligned,TLE,0.8023
lh_TLE_aug_0823_SPHARM_ellalign.coef,TLE,left_TLE_sub-174_hippocampus_lh_aligned,TLE,left_TLE_sub-127_hippocampus_lh_aligned,TLE,0.8293
lh_TLE_aug_0824_SPHARM_ellalign.coef,TLE,left_TLE_sub-174_hippocampus_lh_aligned,TLE,left_TLE_sub-127_hippocampus_lh_aligned,TLE,0.8926
lh_TLE_aug_0825_SPHARM_ellalign.coef,TLE,left_TLE_sub-215_hippocampus_lh_aligned,TLE,left_TLE_sub-27_hippocampus_lh_aligned,TLE,0.1016
lh_TLE_aug_0826_SPHARM_ellalign.coef,TLE,left_TLE_sub-215_hippocampus_lh_aligned,TLE,left_TLE_sub-27_hippocampus_lh_aligned,TLE,0.1650
lh_TLE_aug_0827_SPHARM_ellalign.coef,TLE,left_TLE_sub-215_hippocampus_lh_aligned,TLE,left_TLE_sub-27_hippocampus_lh_aligned,TLE,0.1994
lh_TLE_aug_0828_SPHARM_ellalign.coef,TLE,left_TLE_sub-215_hippocampus_lh_aligned,TLE,left_TLE_sub-27_hippocampus_lh_aligned,TLE,0.2650
lh_TLE_aug_0829_SPHARM_ellalign.coef,TLE,left_TLE_sub-215_hippocampus_lh_aligned,TLE,left_TLE_sub-27_hippocampus_lh_aligned,TLE,0.3288
lh_TLE_aug_0830_SPHARM_ellalign.coef,TLE,left_TLE_sub-215_hippocampus_lh_aligned,TLE,left_TLE_sub-27_hippocampus_lh_aligned,TLE,0.3713
lh_TLE_aug_0831_SPHARM_ellalign.coef,TLE,left_TLE_sub-215_hippocampus_lh_aligned,TLE,left_TLE_sub-27_hippocampus_lh_aligned,TLE,0.4093
lh_TLE_aug_0832_SPHARM_ellalign.coef,TLE,left_TLE_sub-215_hippocampus_lh_aligned,TLE,left_TLE_sub-27_hippocampus_lh_aligned,TLE,0.4543
lh_TLE_aug_0833_SPHARM_ellalign.coef,TLE,left_TLE_sub-215_hippocampus_lh_aligned,TLE,left_TLE_sub-27_hippocampus_lh_aligned,TLE,0.5415
lh_TLE_aug_0834_SPHARM_ellalign.coef,TLE,left_TLE_sub-215_hippocampus_lh_aligned,TLE,left_TLE_sub-27_hippocampus_lh_aligned,TLE,0.5609
lh_TLE_aug_0835_SPHARM_ellalign.coef,TLE,left_TLE_sub-215_hippocampus_lh_aligned,TLE,left_TLE_sub-27_hippocampus_lh_aligned,TLE,0.6483
lh_TLE_aug_0836_SPHARM_ellalign.coef,TLE,left_TLE_sub-215_hippocampus_lh_aligned,TLE,left_TLE_sub-27_hippocampus_lh_aligned,TLE,0.6878
lh_TLE_aug_0837_SPHARM_ellalign.coef,TLE,left_TLE_sub-215_hippocampus_lh_aligned,TLE,left_TLE_sub-27_hippocampus_lh_aligned,TLE,0.7576
lh_TLE_aug_0838_SPHARM_ellalign.coef,TLE,left_TLE_sub-215_hippocampus_lh_aligned,TLE,left_TLE_sub-27_hippocampus_lh_aligned,TLE,0.8053
lh_TLE_aug_0839_SPHARM_ellalign.coef,TLE,left_TLE_sub-215_hippocampus_lh_aligned,TLE,left_TLE_sub-27_hippocampus_lh_aligned,TLE,0.8666
lh_TLE_aug_0840_SPHARM_ellalign.coef,TLE,left_TLE_sub-215_hippocampus_lh_aligned,TLE,left_TLE_sub-27_hippocampus_lh_aligned,TLE,0.8940
lh_TLE_aug_0841_SPHARM_ellalign.coef,TLE,left_TLE_sub-23_hippocampus_lh_aligned,TLE,left_TLE_sub-310_hippocampus_lh_aligned,TLE,0.1107
lh_TLE_aug_0842_SPHARM_ellalign.coef,TLE,left_TLE_sub-23_hippocampus_lh_aligned,TLE,left_TLE_sub-310_hippocampus_lh_aligned,TLE,0.1494
lh_TLE_aug_0843_SPHARM_ellalign.coef,TLE,left_TLE_sub-23_hippocampus_lh_aligned,TLE,left_TLE_sub-310_hippocampus_lh_aligned,TLE,0.2059
lh_TLE_aug_0844_SPHARM_ellalign.coef,TLE,left_TLE_sub-23_hippocampus_lh_aligned,TLE,left_TLE_sub-310_hippocampus_lh_aligned,TLE,0.2651
lh_TLE_aug_0845_SPHARM_ellalign.coef,TLE,left_TLE_sub-23_hippocampus_lh_aligned,TLE,left_TLE_sub-310_hippocampus_lh_aligned,TLE,0.3283
lh_TLE_aug_0846_SPHARM_ellalign.coef,TLE,left_TLE_sub-23_hippocampus_lh_aligned,TLE,left_TLE_sub-310_hippocampus_lh_aligned,TLE,0.3860
lh_TLE_aug_0847_SPHARM_ellalign.coef,TLE,left_TLE_sub-23_hippocampus_lh_aligned,TLE,left_TLE_sub-310_hippocampus_lh_aligned,TLE,0.4307
lh_TLE_aug_0848_SPHARM_ellalign.coef,TLE,left_TLE_sub-23_hippocampus_lh_aligned,TLE,left_TLE_sub-310_hippocampus_lh_aligned,TLE,0.4700
lh_TLE_aug_0849_SPHARM_ellalign.coef,TLE,left_TLE_sub-23_hippocampus_lh_aligned,TLE,left_TLE_sub-310_hippocampus_lh_aligned,TLE,0.5235
lh_TLE_aug_0850_SPHARM_ellalign.coef,TLE,left_TLE_sub-23_hippocampus_lh_aligned,TLE,left_TLE_sub-310_hippocampus_lh_aligned,TLE,0.5895
lh_TLE_aug_0851_SPHARM_ellalign.coef,TLE,left_TLE_sub-23_hippocampus_lh_aligned,TLE,left_TLE_sub-310_hippocampus_lh_aligned,TLE,0.6229
lh_TLE_aug_0852_SPHARM_ellalign.coef,TLE,left_TLE_sub-23_hippocampus_lh_aligned,TLE,left_TLE_sub-310_hippocampus_lh_aligned,TLE,0.6711
lh_TLE_aug_0853_SPHARM_ellalign.coef,TLE,left_TLE_sub-23_hippocampus_lh_aligned,TLE,left_TLE_sub-310_hippocampus_lh_aligned,TLE,0.7342
lh_TLE_aug_0854_SPHARM_ellalign.coef,TLE,left_TLE_sub-23_hippocampus_lh_aligned,TLE,left_TLE_sub-310_hippocampus_lh_aligned,TLE,0.7848
lh_TLE_aug_0855_SPHARM_ellalign.coef,TLE,left_TLE_sub-23_hippocampus_lh_aligned,TLE,left_TLE_sub-310_hippocampus_lh_aligned,TLE,0.8385
lh_TLE_aug_0856_SPHARM_ellalign.coef,TLE,left_TLE_sub-23_hippocampus_lh_aligned,TLE,left_TLE_sub-310_hippocampus_lh_aligned,TLE,0.8893
lh_TLE_aug_0857_SPHARM_ellalign.coef,TLE,left_TLE_sub-390_hippocampus_lh_aligned,TLE,left_TLE_sub-27960_hippocampus_lh_aligned,TLE,0.0817
lh_TLE_aug_0858_SPHARM_ellalign.coef,TLE,left_TLE_sub-390_hippocampus_lh_aligned,TLE,left_TLE_sub-27960_hippocampus_lh_aligned,TLE,0.1340
lh_TLE_aug_0859_SPHARM_ellalign.coef,TLE,left_TLE_sub-390_hippocampus_lh_aligned,TLE,left_TLE_sub-27960_hippocampus_lh_aligned,TLE,0.2262
lh_TLE_aug_0860_SPHARM_ellalign.coef,TLE,left_TLE_sub-390_hippocampus_lh_aligned,TLE,left_TLE_sub-27960_hippocampus_lh_aligned,TLE,0.2571
lh_TLE_aug_0861_SPHARM_ellalign.coef,TLE,left_TLE_sub-390_hippocampus_lh_aligned,TLE,left_TLE_sub-27960_hippocampus_lh_aligned,TLE,0.3087
lh_TLE_aug_0862_SPHARM_ellalign.coef,TLE,left_TLE_sub-390_hippocampus_lh_aligned,TLE,left_TLE_sub-27960_hippocampus_lh_aligned,TLE,0.3739
lh_TLE_aug_0863_SPHARM_ellalign.coef,TLE,left_TLE_sub-390_hippocampus_lh_aligned,TLE,left_TLE_sub-27960_hippocampus_lh_aligned,TLE,0.4087
lh_TLE_aug_0864_SPHARM_ellalign.coef,TLE,left_TLE_sub-390_hippocampus_lh_aligned,TLE,left_TLE_sub-27960_hippocampus_lh_aligned,TLE,0.4913
lh_TLE_aug_0865_SPHARM_ellalign.coef,TLE,left_TLE_sub-390_hippocampus_lh_aligned,TLE,left_TLE_sub-27960_hippocampus_lh_aligned,TLE,0.5381
lh_TLE_aug_0866_SPHARM_ellalign.coef,TLE,left_TLE_sub-390_hippocampus_lh_aligned,TLE,left_TLE_sub-27960_hippocampus_lh_aligned,TLE,0.5636
lh_TLE_aug_0867_SPHARM_ellalign.coef,TLE,left_TLE_sub-390_hippocampus_lh_aligned,TLE,left_TLE_sub-27960_hippocampus_lh_aligned,TLE,0.6300
lh_TLE_aug_0868_SPHARM_ellalign.coef,TLE,left_TLE_sub-390_hippocampus_lh_aligned,TLE,left_TLE_sub-27960_hippocampus_lh_aligned,TLE,0.7018
lh_TLE_aug_0869_SPHARM_ellalign.coef,TLE,left_TLE_sub-390_hippocampus_lh_aligned,TLE,left_TLE_sub-27960_hippocampus_lh_aligned,TLE,0.7578
lh_TLE_aug_0870_SPHARM_ellalign.coef,TLE,left_TLE_sub-390_hippocampus_lh_aligned,TLE,left_TLE_sub-27960_hippocampus_lh_aligned,TLE,0.7920
lh_TLE_aug_0871_SPHARM_ellalign.coef,TLE,left_TLE_sub-390_hippocampus_lh_aligned,TLE,left_TLE_sub-27960_hippocampus_lh_aligned,TLE,0.8512
lh_TLE_aug_0872_SPHARM_ellalign.coef,TLE,left_TLE_sub-390_hippocampus_lh_aligned,TLE,left_TLE_sub-27960_hippocampus_lh_aligned,TLE,0.8867
lh_TLE_aug_0873_SPHARM_ellalign.coef,TLE,left_TLE_sub-302_hippocampus_lh_aligned,TLE,left_TLE_sub-183_hippocampus_lh_aligned,TLE,0.1196
lh_TLE_aug_0874_SPHARM_ellalign.coef,TLE,left_TLE_sub-302_hippocampus_lh_aligned,TLE,left_TLE_sub-183_hippocampus_lh_aligned,TLE,0.1426
lh_TLE_aug_0875_SPHARM_ellalign.coef,TLE,left_TLE_sub-302_hippocampus_lh_aligned,TLE,left_TLE_sub-183_hippocampus_lh_aligned,TLE,0.2244
lh_TLE_aug_0876_SPHARM_ellalign.coef,TLE,left_TLE_sub-302_hippocampus_lh_aligned,TLE,left_TLE_sub-183_hippocampus_lh_aligned,TLE,0.2660
lh_TLE_aug_0877_SPHARM_ellalign.coef,TLE,left_TLE_sub-302_hippocampus_lh_aligned,TLE,left_TLE_sub-183_hippocampus_lh_aligned,TLE,0.3176
lh_TLE_aug_0878_SPHARM_ellalign.coef,TLE,left_TLE_sub-302_hippocampus_lh_aligned,TLE,left_TLE_sub-183_hippocampus_lh_aligned,TLE,0.3672
lh_TLE_aug_0879_SPHARM_ellalign.coef,TLE,left_TLE_sub-302_hippocampus_lh_aligned,TLE,left_TLE_sub-183_hippocampus_lh_aligned,TLE,0.4092
lh_TLE_aug_0880_SPHARM_ellalign.coef,TLE,left_TLE_sub-302_hippocampus_lh_aligned,TLE,left_TLE_sub-183_hippocampus_lh_aligned,TLE,0.4604
lh_TLE_aug_0881_SPHARM_ellalign.coef,TLE,left_TLE_sub-302_hippocampus_lh_aligned,TLE,left_TLE_sub-183_hippocampus_lh_aligned,TLE,0.5155
lh_TLE_aug_0882_SPHARM_ellalign.coef,TLE,left_TLE_sub-302_hippocampus_lh_aligned,TLE,left_TLE_sub-183_hippocampus_lh_aligned,TLE,0.5675
lh_TLE_aug_0883_SPHARM_ellalign.coef,TLE,left_TLE_sub-302_hippocampus_lh_aligned,TLE,left_TLE_sub-183_hippocampus_lh_aligned,TLE,0.6445
lh_TLE_aug_0884_SPHARM_ellalign.coef,TLE,left_TLE_sub-302_hippocampus_lh_aligned,TLE,left_TLE_sub-183_hippocampus_lh_aligned,TLE,0.6807
lh_TLE_aug_0885_SPHARM_ellalign.coef,TLE,left_TLE_sub-302_hippocampus_lh_aligned,TLE,left_TLE_sub-183_hippocampus_lh_aligned,TLE,0.7223
lh_TLE_aug_0886_SPHARM_ellalign.coef,TLE,left_TLE_sub-302_hippocampus_lh_aligned,TLE,left_TLE_sub-183_hippocampus_lh_aligned,TLE,0.8121
lh_TLE_aug_0887_SPHARM_ellalign.coef,TLE,left_TLE_sub-302_hippocampus_lh_aligned,TLE,left_TLE_sub-183_hippocampus_lh_aligned,TLE,0.8620
lh_TLE_aug_0888_SPHARM_ellalign.coef,TLE,left_TLE_sub-302_hippocampus_lh_aligned,TLE,left_TLE_sub-183_hippocampus_lh_aligned,TLE,0.9171
lh_TLE_aug_0889_SPHARM_ellalign.coef,TLE,left_TLE_sub-316_hippocampus_lh_aligned,TLE,left_TLE_sub-34826_hippocampus_lh_aligned,TLE,0.1198
lh_TLE_aug_0890_SPHARM_ellalign.coef,TLE,left_TLE_sub-316_hippocampus_lh_aligned,TLE,left_TLE_sub-34826_hippocampus_lh_aligned,TLE,0.1403
lh_TLE_aug_0891_SPHARM_ellalign.coef,TLE,left_TLE_sub-316_hippocampus_lh_aligned,TLE,left_TLE_sub-34826_hippocampus_lh_aligned,TLE,0.2025
lh_TLE_aug_0892_SPHARM_ellalign.coef,TLE,left_TLE_sub-316_hippocampus_lh_aligned,TLE,left_TLE_sub-34826_hippocampus_lh_aligned,TLE,0.2703
lh_TLE_aug_0893_SPHARM_ellalign.coef,TLE,left_TLE_sub-316_hippocampus_lh_aligned,TLE,left_TLE_sub-34826_hippocampus_lh_aligned,TLE,0.3212
lh_TLE_aug_0894_SPHARM_ellalign.coef,TLE,left_TLE_sub-316_hippocampus_lh_aligned,TLE,left_TLE_sub-34826_hippocampus_lh_aligned,TLE,0.3528
lh_TLE_aug_0895_SPHARM_ellalign.coef,TLE,left_TLE_sub-316_hippocampus_lh_aligned,TLE,left_TLE_sub-34826_hippocampus_lh_aligned,TLE,0.4326
lh_TLE_aug_0896_SPHARM_ellalign.coef,TLE,left_TLE_sub-316_hippocampus_lh_aligned,TLE,left_TLE_sub-34826_hippocampus_lh_aligned,TLE,0.4623
lh_TLE_aug_0897_SPHARM_ellalign.coef,TLE,left_TLE_sub-316_hippocampus_lh_aligned,TLE,left_TLE_sub-34826_hippocampus_lh_aligned,TLE,0.5156
lh_TLE_aug_0898_SPHARM_ellalign.coef,TLE,left_TLE_sub-316_hippocampus_lh_aligned,TLE,left_TLE_sub-34826_hippocampus_lh_aligned,TLE,0.5815
lh_TLE_aug_0899_SPHARM_ellalign.coef,TLE,left_TLE_sub-316_hippocampus_lh_aligned,TLE,left_TLE_sub-34826_hippocampus_lh_aligned,TLE,0.6371
lh_TLE_aug_0900_SPHARM_ellalign.coef,TLE,left_TLE_sub-316_hippocampus_lh_aligned,TLE,left_TLE_sub-34826_hippocampus_lh_aligned,TLE,0.6899
lh_TLE_aug_0901_SPHARM_ellalign.coef,TLE,left_TLE_sub-316_hippocampus_lh_aligned,TLE,left_TLE_sub-34826_hippocampus_lh_aligned,TLE,0.7237
lh_TLE_aug_0902_SPHARM_ellalign.coef,TLE,left_TLE_sub-316_hippocampus_lh_aligned,TLE,left_TLE_sub-34826_hippocampus_lh_aligned,TLE,0.8084
lh_TLE_aug_0903_SPHARM_ellalign.coef,TLE,left_TLE_sub-316_hippocampus_lh_aligned,TLE,left_TLE_sub-34826_hippocampus_lh_aligned,TLE,0.8373
lh_TLE_aug_0904_SPHARM_ellalign.coef,TLE,left_TLE_sub-316_hippocampus_lh_aligned,TLE,left_TLE_sub-34826_hippocampus_lh_aligned,TLE,0.8852
lh_TLE_aug_0905_SPHARM_ellalign.coef,TLE,left_TLE_sub-290_hippocampus_lh_aligned,TLE,left_TLE_sub-77_hippocampus_lh_aligned,TLE,0.1155
lh_TLE_aug_0906_SPHARM_ellalign.coef,TLE,left_TLE_sub-290_hippocampus_lh_aligned,TLE,left_TLE_sub-77_hippocampus_lh_aligned,TLE,0.1716
lh_TLE_aug_0907_SPHARM_ellalign.coef,TLE,left_TLE_sub-290_hippocampus_lh_aligned,TLE,left_TLE_sub-77_hippocampus_lh_aligned,TLE,0.2212
lh_TLE_aug_0908_SPHARM_ellalign.coef,TLE,left_TLE_sub-290_hippocampus_lh_aligned,TLE,left_TLE_sub-77_hippocampus_lh_aligned,TLE,0.2724
lh_TLE_aug_0909_SPHARM_ellalign.coef,TLE,left_TLE_sub-290_hippocampus_lh_aligned,TLE,left_TLE_sub-77_hippocampus_lh_aligned,TLE,0.3195
lh_TLE_aug_0910_SPHARM_ellalign.coef,TLE,left_TLE_sub-290_hippocampus_lh_aligned,TLE,left_TLE_sub-77_hippocampus_lh_aligned,TLE,0.3687
lh_TLE_aug_0911_SPHARM_ellalign.coef,TLE,left_TLE_sub-290_hippocampus_lh_aligned,TLE,left_TLE_sub-77_hippocampus_lh_aligned,TLE,0.4035
lh_TLE_aug_0912_SPHARM_ellalign.coef,TLE,left_TLE_sub-290_hippocampus_lh_aligned,TLE,left_TLE_sub-77_hippocampus_lh_aligned,TLE,0.4697
lh_TLE_aug_0913_SPHARM_ellalign.coef,TLE,left_TLE_sub-290_hippocampus_lh_aligned,TLE,left_TLE_sub-77_hippocampus_lh_aligned,TLE,0.5216
lh_TLE_aug_0914_SPHARM_ellalign.coef,TLE,left_TLE_sub-290_hippocampus_lh_aligned,TLE,left_TLE_sub-77_hippocampus_lh_aligned,TLE,0.5704
lh_TLE_aug_0915_SPHARM_ellalign.coef,TLE,left_TLE_sub-290_hippocampus_lh_aligned,TLE,left_TLE_sub-77_hippocampus_lh_aligned,TLE,0.6423
lh_TLE_aug_0916_SPHARM_ellalign.coef,TLE,left_TLE_sub-290_hippocampus_lh_aligned,TLE,left_TLE_sub-77_hippocampus_lh_aligned,TLE,0.6865
lh_TLE_aug_0917_SPHARM_ellalign.coef,TLE,left_TLE_sub-290_hippocampus_lh_aligned,TLE,left_TLE_sub-77_hippocampus_lh_aligned,TLE,0.7232
lh_TLE_aug_0918_SPHARM_ellalign.coef,TLE,left_TLE_sub-290_hippocampus_lh_aligned,TLE,left_TLE_sub-77_hippocampus_lh_aligned,TLE,0.7821
lh_TLE_aug_0919_SPHARM_ellalign.coef,TLE,left_TLE_sub-290_hippocampus_lh_aligned,TLE,left_TLE_sub-77_hippocampus_lh_aligned,TLE,0.8540
lh_TLE_aug_0920_SPHARM_ellalign.coef,TLE,left_TLE_sub-290_hippocampus_lh_aligned,TLE,left_TLE_sub-77_hippocampus_lh_aligned,TLE,0.8830
lh_TLE_aug_0921_SPHARM_ellalign.coef,TLE,left_TLE_sub-34273_hippocampus_lh_aligned,TLE,left_TLE_sub-5_hippocampus_lh_aligned,TLE,0.1140
lh_TLE_aug_0922_SPHARM_ellalign.coef,TLE,left_TLE_sub-34273_hippocampus_lh_aligned,TLE,left_TLE_sub-5_hippocampus_lh_aligned,TLE,0.1531
lh_TLE_aug_0923_SPHARM_ellalign.coef,TLE,left_TLE_sub-34273_hippocampus_lh_aligned,TLE,left_TLE_sub-5_hippocampus_lh_aligned,TLE,0.2059
lh_TLE_aug_0924_SPHARM_ellalign.coef,TLE,left_TLE_sub-34273_hippocampus_lh_aligned,TLE,left_TLE_sub-5_hippocampus_lh_aligned,TLE,0.2637
lh_TLE_aug_0925_SPHARM_ellalign.coef,TLE,left_TLE_sub-34273_hippocampus_lh_aligned,TLE,left_TLE_sub-5_hippocampus_lh_aligned,TLE,0.3263
lh_TLE_aug_0926_SPHARM_ellalign.coef,TLE,left_TLE_sub-34273_hippocampus_lh_aligned,TLE,left_TLE_sub-5_hippocampus_lh_aligned,TLE,0.3606
lh_TLE_aug_0927_SPHARM_ellalign.coef,TLE,left_TLE_sub-34273_hippocampus_lh_aligned,TLE,left_TLE_sub-5_hippocampus_lh_aligned,TLE,0.4271
lh_TLE_aug_0928_SPHARM_ellalign.coef,TLE,left_TLE_sub-34273_hippocampus_lh_aligned,TLE,left_TLE_sub-5_hippocampus_lh_aligned,TLE,0.4760
lh_TLE_aug_0929_SPHARM_ellalign.coef,TLE,left_TLE_sub-34273_hippocampus_lh_aligned,TLE,left_TLE_sub-5_hippocampus_lh_aligned,TLE,0.5173
lh_TLE_aug_0930_SPHARM_ellalign.coef,TLE,left_TLE_sub-34273_hippocampus_lh_aligned,TLE,left_TLE_sub-5_hippocampus_lh_aligned,TLE,0.5951
lh_TLE_aug_0931_SPHARM_ellalign.coef,TLE,left_TLE_sub-34273_hippocampus_lh_aligned,TLE,left_TLE_sub-5_hippocampus_lh_aligned,TLE,0.6452
lh_TLE_aug_0932_SPHARM_ellalign.coef,TLE,left_TLE_sub-34273_hippocampus_lh_aligned,TLE,left_TLE_sub-5_hippocampus_lh_aligned,TLE,0.6930
lh_TLE_aug_0933_SPHARM_ellalign.coef,TLE,left_TLE_sub-34273_hippocampus_lh_aligned,TLE,left_TLE_sub-5_hippocampus_lh_aligned,TLE,0.7540
lh_TLE_aug_0934_SPHARM_ellalign.coef,TLE,left_TLE_sub-34273_hippocampus_lh_aligned,TLE,left_TLE_sub-5_hippocampus_lh_aligned,TLE,0.8080
lh_TLE_aug_0935_SPHARM_ellalign.coef,TLE,left_TLE_sub-34273_hippocampus_lh_aligned,TLE,left_TLE_sub-5_hippocampus_lh_aligned,TLE,0.8550
lh_TLE_aug_0936_SPHARM_ellalign.coef,TLE,left_TLE_sub-34273_hippocampus_lh_aligned,TLE,left_TLE_sub-5_hippocampus_lh_aligned,TLE,0.9135
lh_TLE_aug_0937_SPHARM_ellalign.coef,TLE,left_TLE_sub-347_hippocampus_lh_aligned,TLE,left_TLE_sub-358_hippocampus_lh_aligned,TLE,0.1079
lh_TLE_aug_0938_SPHARM_ellalign.coef,TLE,left_TLE_sub-347_hippocampus_lh_aligned,TLE,left_TLE_sub-358_hippocampus_lh_aligned,TLE,0.1605
lh_TLE_aug_0939_SPHARM_ellalign.coef,TLE,left_TLE_sub-347_hippocampus_lh_aligned,TLE,left_TLE_sub-358_hippocampus_lh_aligned,TLE,0.2114
lh_TLE_aug_0940_SPHARM_ellalign.coef,TLE,left_TLE_sub-347_hippocampus_lh_aligned,TLE,left_TLE_sub-358_hippocampus_lh_aligned,TLE,0.2701
lh_TLE_aug_0941_SPHARM_ellalign.coef,TLE,left_TLE_sub-347_hippocampus_lh_aligned,TLE,left_TLE_sub-358_hippocampus_lh_aligned,TLE,0.2997
lh_TLE_aug_0942_SPHARM_ellalign.coef,TLE,left_TLE_sub-347_hippocampus_lh_aligned,TLE,left_TLE_sub-358_hippocampus_lh_aligned,TLE,0.3819
lh_TLE_aug_0943_SPHARM_ellalign.coef,TLE,left_TLE_sub-347_hippocampus_lh_aligned,TLE,left_TLE_sub-358_hippocampus_lh_aligned,TLE,0.4349
lh_TLE_aug_0944_SPHARM_ellalign.coef,TLE,left_TLE_sub-347_hippocampus_lh_aligned,TLE,left_TLE_sub-358_hippocampus_lh_aligned,TLE,0.4545
lh_TLE_aug_0945_SPHARM_ellalign.coef,TLE,left_TLE_sub-347_hippocampus_lh_aligned,TLE,left_TLE_sub-358_hippocampus_lh_aligned,TLE,0.5397
lh_TLE_aug_0946_SPHARM_ellalign.coef,TLE,left_TLE_sub-347_hippocampus_lh_aligned,TLE,left_TLE_sub-358_hippocampus_lh_aligned,TLE,0.5652
lh_TLE_aug_0947_SPHARM_ellalign.coef,TLE,left_TLE_sub-347_hippocampus_lh_aligned,TLE,left_TLE_sub-358_hippocampus_lh_aligned,TLE,0.6267
lh_TLE_aug_0948_SPHARM_ellalign.coef,TLE,left_TLE_sub-347_hippocampus_lh_aligned,TLE,left_TLE_sub-358_hippocampus_lh_aligned,TLE,0.6964
lh_TLE_aug_0949_SPHARM_ellalign.coef,TLE,left_TLE_sub-347_hippocampus_lh_aligned,TLE,left_TLE_sub-358_hippocampus_lh_aligned,TLE,0.7264
lh_TLE_aug_0950_SPHARM_ellalign.coef,TLE,left_TLE_sub-347_hippocampus_lh_aligned,TLE,left_TLE_sub-358_hippocampus_lh_aligned,TLE,0.8061
lh_TLE_aug_0951_SPHARM_ellalign.coef,TLE,left_TLE_sub-347_hippocampus_lh_aligned,TLE,left_TLE_sub-358_hippocampus_lh_aligned,TLE,0.8600
lh_TLE_aug_0952_SPHARM_ellalign.coef,TLE,left_TLE_sub-347_hippocampus_lh_aligned,TLE,left_TLE_sub-358_hippocampus_lh_aligned,TLE,0.9003
lh_TLE_aug_0953_SPHARM_ellalign.coef,TLE,left_TLE_sub-55_hippocampus_lh_aligned,TLE,left_TLE_sub-67_hippocampus_lh_aligned,TLE,0.0803
lh_TLE_aug_0954_SPHARM_ellalign.coef,TLE,left_TLE_sub-55_hippocampus_lh_aligned,TLE,left_TLE_sub-67_hippocampus_lh_aligned,TLE,0.1448
lh_TLE_aug_0955_SPHARM_ellalign.coef,TLE,left_TLE_sub-55_hippocampus_lh_aligned,TLE,left_TLE_sub-67_hippocampus_lh_aligned,TLE,0.2113
lh_TLE_aug_0956_SPHARM_ellalign.coef,TLE,left_TLE_sub-55_hippocampus_lh_aligned,TLE,left_TLE_sub-67_hippocampus_lh_aligned,TLE,0.2792
lh_TLE_aug_0957_SPHARM_ellalign.coef,TLE,left_TLE_sub-55_hippocampus_lh_aligned,TLE,left_TLE_sub-67_hippocampus_lh_aligned,TLE,0.3186
lh_TLE_aug_0958_SPHARM_ellalign.coef,TLE,left_TLE_sub-55_hippocampus_lh_aligned,TLE,left_TLE_sub-67_hippocampus_lh_aligned,TLE,0.3571
lh_TLE_aug_0959_SPHARM_ellalign.coef,TLE,left_TLE_sub-55_hippocampus_lh_aligned,TLE,left_TLE_sub-67_hippocampus_lh_aligned,TLE,0.4254
lh_TLE_aug_0960_SPHARM_ellalign.coef,TLE,left_TLE_sub-55_hippocampus_lh_aligned,TLE,left_TLE_sub-67_hippocampus_lh_aligned,TLE,0.4749
lh_TLE_aug_0961_SPHARM_ellalign.coef,TLE,left_TLE_sub-55_hippocampus_lh_aligned,TLE,left_TLE_sub-67_hippocampus_lh_aligned,TLE,0.5379
lh_TLE_aug_0962_SPHARM_ellalign.coef,TLE,left_TLE_sub-55_hippocampus_lh_aligned,TLE,left_TLE_sub-67_hippocampus_lh_aligned,TLE,0.5643
lh_TLE_aug_0963_SPHARM_ellalign.coef,TLE,left_TLE_sub-55_hippocampus_lh_aligned,TLE,left_TLE_sub-67_hippocampus_lh_aligned,TLE,0.6438
lh_TLE_aug_0964_SPHARM_ellalign.coef,TLE,left_TLE_sub-55_hippocampus_lh_aligned,TLE,left_TLE_sub-67_hippocampus_lh_aligned,TLE,0.6883
lh_TLE_aug_0965_SPHARM_ellalign.coef,TLE,left_TLE_sub-55_hippocampus_lh_aligned,TLE,left_TLE_sub-67_hippocampus_lh_aligned,TLE,0.7585
lh_TLE_aug_0966_SPHARM_ellalign.coef,TLE,left_TLE_sub-55_hippocampus_lh_aligned,TLE,left_TLE_sub-67_hippocampus_lh_aligned,TLE,0.7870
lh_TLE_aug_0967_SPHARM_ellalign.coef,TLE,left_TLE_sub-55_hippocampus_lh_aligned,TLE,left_TLE_sub-67_hippocampus_lh_aligned,TLE,0.8520
lh_TLE_aug_0968_SPHARM_ellalign.coef,TLE,left_TLE_sub-55_hippocampus_lh_aligned,TLE,left_TLE_sub-67_hippocampus_lh_aligned,TLE,0.9173
lh_TLE_aug_0969_SPHARM_ellalign.coef,TLE,left_TLE_sub-29073_hippocampus_lh_aligned,TLE,left_TLE_sub-265_hippocampus_lh_aligned,TLE,0.0841
lh_TLE_aug_0970_SPHARM_ellalign.coef,TLE,left_TLE_sub-29073_hippocampus_lh_aligned,TLE,left_TLE_sub-265_hippocampus_lh_aligned,TLE,0.1708
lh_TLE_aug_0971_SPHARM_ellalign.coef,TLE,left_TLE_sub-29073_hippocampus_lh_aligned,TLE,left_TLE_sub-265_hippocampus_lh_aligned,TLE,0.2142
lh_TLE_aug_0972_SPHARM_ellalign.coef,TLE,left_TLE_sub-29073_hippocampus_lh_aligned,TLE,left_TLE_sub-265_hippocampus_lh_aligned,TLE,0.2427
lh_TLE_aug_0973_SPHARM_ellalign.coef,TLE,left_TLE_sub-29073_hippocampus_lh_aligned,TLE,left_TLE_sub-265_hippocampus_lh_aligned,TLE,0.3054
lh_TLE_aug_0974_SPHARM_ellalign.coef,TLE,left_TLE_sub-29073_hippocampus_lh_aligned,TLE,left_TLE_sub-265_hippocampus_lh_aligned,TLE,0.3750
lh_TLE_aug_0975_SPHARM_ellalign.coef,TLE,left_TLE_sub-29073_hippocampus_lh_aligned,TLE,left_TLE_sub-265_hippocampus_lh_aligned,TLE,0.4027
lh_TLE_aug_0976_SPHARM_ellalign.coef,TLE,left_TLE_sub-29073_hippocampus_lh_aligned,TLE,left_TLE_sub-265_hippocampus_lh_aligned,TLE,0.4766
lh_TLE_aug_0977_SPHARM_ellalign.coef,TLE,left_TLE_sub-29073_hippocampus_lh_aligned,TLE,left_TLE_sub-265_hippocampus_lh_aligned,TLE,0.5205
lh_TLE_aug_0978_SPHARM_ellalign.coef,TLE,left_TLE_sub-29073_hippocampus_lh_aligned,TLE,left_TLE_sub-265_hippocampus_lh_aligned,TLE,0.5848
lh_TLE_aug_0979_SPHARM_ellalign.coef,TLE,left_TLE_sub-29073_hippocampus_lh_aligned,TLE,left_TLE_sub-265_hippocampus_lh_aligned,TLE,0.6152
lh_TLE_aug_0980_SPHARM_ellalign.coef,TLE,left_TLE_sub-29073_hippocampus_lh_aligned,TLE,left_TLE_sub-265_hippocampus_lh_aligned,TLE,0.7015
lh_TLE_aug_0981_SPHARM_ellalign.coef,TLE,left_TLE_sub-29073_hippocampus_lh_aligned,TLE,left_TLE_sub-265_hippocampus_lh_aligned,TLE,0.7589
lh_TLE_aug_0982_SPHARM_ellalign.coef,TLE,left_TLE_sub-29073_hippocampus_lh_aligned,TLE,left_TLE_sub-265_hippocampus_lh_aligned,TLE,0.8121
lh_TLE_aug_0983_SPHARM_ellalign.coef,TLE,left_TLE_sub-29073_hippocampus_lh_aligned,TLE,left_TLE_sub-265_hippocampus_lh_aligned,TLE,0.8567
lh_TLE_aug_0984_SPHARM_ellalign.coef,TLE,left_TLE_sub-29073_hippocampus_lh_aligned,TLE,left_TLE_sub-265_hippocampus_lh_aligned,TLE,0.8852
lh_TLE_aug_0985_SPHARM_ellalign.coef,TLE,left_TLE_sub-176_hippocampus_lh_aligned,TLE,left_TLE_sub-74_hippocampus_lh_aligned,TLE,0.1103
lh_TLE_aug_0986_SPHARM_ellalign.coef,TLE,left_TLE_sub-176_hippocampus_lh_aligned,TLE,left_TLE_sub-74_hippocampus_lh_aligned,TLE,0.1343
lh_TLE_aug_0987_SPHARM_ellalign.coef,TLE,left_TLE_sub-176_hippocampus_lh_aligned,TLE,left_TLE_sub-74_hippocampus_lh_aligned,TLE,0.1876
lh_TLE_aug_0988_SPHARM_ellalign.coef,TLE,left_TLE_sub-176_hippocampus_lh_aligned,TLE,left_TLE_sub-74_hippocampus_lh_aligned,TLE,0.2529
lh_TLE_aug_0989_SPHARM_ellalign.coef,TLE,left_TLE_sub-176_hippocampus_lh_aligned,TLE,left_TLE_sub-74_hippocampus_lh_aligned,TLE,0.3129
lh_TLE_aug_0990_SPHARM_ellalign.coef,TLE,left_TLE_sub-176_hippocampus_lh_aligned,TLE,left_TLE_sub-74_hippocampus_lh_aligned,TLE,0.3775
lh_TLE_aug_0991_SPHARM_ellalign.coef,TLE,left_TLE_sub-176_hippocampus_lh_aligned,TLE,left_TLE_sub-74_hippocampus_lh_aligned,TLE,0.4273
lh_TLE_aug_0992_SPHARM_ellalign.coef,TLE,left_TLE_sub-176_hippocampus_lh_aligned,TLE,left_TLE_sub-74_hippocampus_lh_aligned,TLE,0.4712
lh_TLE_aug_0993_SPHARM_ellalign.coef,TLE,left_TLE_sub-176_hippocampus_lh_aligned,TLE,left_TLE_sub-74_hippocampus_lh_aligned,TLE,0.5176
lh_TLE_aug_0994_SPHARM_ellalign.coef,TLE,left_TLE_sub-176_hippocampus_lh_aligned,TLE,left_TLE_sub-74_hippocampus_lh_aligned,TLE,0.5999
lh_TLE_aug_0995_SPHARM_ellalign.coef,TLE,left_TLE_sub-176_hippocampus_lh_aligned,TLE,left_TLE_sub-74_hippocampus_lh_aligned,TLE,0.6304
lh_TLE_aug_0996_SPHARM_ellalign.coef,TLE,left_TLE_sub-176_hippocampus_lh_aligned,TLE,left_TLE_sub-74_hippocampus_lh_aligned,TLE,0.6847
lh_TLE_aug_0997_SPHARM_ellalign.coef,TLE,left_TLE_sub-176_hippocampus_lh_aligned,TLE,left_TLE_sub-74_hippocampus_lh_aligned,TLE,0.7265
lh_TLE_aug_0998_SPHARM_ellalign.coef,TLE,left_TLE_sub-176_hippocampus_lh_aligned,TLE,left_TLE_sub-74_hippocampus_lh_aligned,TLE,0.8051
lh_TLE_aug_0999_SPHARM_ellalign.coef,TLE,left_TLE_sub-176_hippocampus_lh_aligned,TLE,left_TLE_sub-74_hippocampus_lh_aligned,TLE,0.8544
lh_TLE_aug_1000_SPHARM_ellalign.coef,TLE,left_TLE_sub-176_hippocampus_lh_aligned,TLE,left_TLE_sub-74_hippocampus_lh_aligned,TLE,0.8888
lh_TLE_aug_1001_SPHARM_ellalign.coef,TLE,left_TLE_sub-408_hippocampus_lh_aligned,TLE,left_TLE_sub-32907_hippocampus_lh_aligned,TLE,0.0833
lh_TLE_aug_1002_SPHARM_ellalign.coef,TLE,left_TLE_sub-408_hippocampus_lh_aligned,TLE,left_TLE_sub-32907_hippocampus_lh_aligned,TLE,0.1606
lh_TLE_aug_1003_SPHARM_ellalign.coef,TLE,left_TLE_sub-408_hippocampus_lh_aligned,TLE,left_TLE_sub-32907_hippocampus_lh_aligned,TLE,0.2128
lh_TLE_aug_1004_SPHARM_ellalign.coef,TLE,left_TLE_sub-408_hippocampus_lh_aligned,TLE,left_TLE_sub-32907_hippocampus_lh_aligned,TLE,0.2509
lh_TLE_aug_1005_SPHARM_ellalign.coef,TLE,left_TLE_sub-408_hippocampus_lh_aligned,TLE,left_TLE_sub-32907_hippocampus_lh_aligned,TLE,0.3314
lh_TLE_aug_1006_SPHARM_ellalign.coef,TLE,left_TLE_sub-408_hippocampus_lh_aligned,TLE,left_TLE_sub-32907_hippocampus_lh_aligned,TLE,0.3527
lh_TLE_aug_1007_SPHARM_ellalign.coef,TLE,left_TLE_sub-408_hippocampus_lh_aligned,TLE,left_TLE_sub-32907_hippocampus_lh_aligned,TLE,0.4173
lh_TLE_aug_1008_SPHARM_ellalign.coef,TLE,left_TLE_sub-408_hippocampus_lh_aligned,TLE,left_TLE_sub-32907_hippocampus_lh_aligned,TLE,0.4911
lh_TLE_aug_1009_SPHARM_ellalign.coef,TLE,left_TLE_sub-408_hippocampus_lh_aligned,TLE,left_TLE_sub-32907_hippocampus_lh_aligned,TLE,0.5235
lh_TLE_aug_1010_SPHARM_ellalign.coef,TLE,left_TLE_sub-408_hippocampus_lh_aligned,TLE,left_TLE_sub-32907_hippocampus_lh_aligned,TLE,0.5855
lh_TLE_aug_1011_SPHARM_ellalign.coef,TLE,left_TLE_sub-408_hippocampus_lh_aligned,TLE,left_TLE_sub-32907_hippocampus_lh_aligned,TLE,0.6292
lh_TLE_aug_1012_SPHARM_ellalign.coef,TLE,left_TLE_sub-408_hippocampus_lh_aligned,TLE,left_TLE_sub-32907_hippocampus_lh_aligned,TLE,0.6776
lh_TLE_aug_1013_SPHARM_ellalign.coef,TLE,left_TLE_sub-408_hippocampus_lh_aligned,TLE,left_TLE_sub-32907_hippocampus_lh_aligned,TLE,0.7594
lh_TLE_aug_1014_SPHARM_ellalign.coef,TLE,left_TLE_sub-408_hippocampus_lh_aligned,TLE,left_TLE_sub-32907_hippocampus_lh_aligned,TLE,0.7897
lh_TLE_aug_1015_SPHARM_ellalign.coef,TLE,left_TLE_sub-408_hippocampus_lh_aligned,TLE,left_TLE_sub-32907_hippocampus_lh_aligned,TLE,0.8624
lh_TLE_aug_1016_SPHARM_ellalign.coef,TLE,left_TLE_sub-408_hippocampus_lh_aligned,TLE,left_TLE_sub-32907_hippocampus_lh_aligned,TLE,0.8892
lh_TLE_aug_1017_SPHARM_ellalign.coef,TLE,left_TLE_sub-353_hippocampus_lh_aligned,TLE,left_TLE_sub-263_hippocampus_lh_aligned,TLE,0.0885
lh_TLE_aug_1018_SPHARM_ellalign.coef,TLE,left_TLE_sub-353_hippocampus_lh_aligned,TLE,left_TLE_sub-263_hippocampus_lh_aligned,TLE,0.1346
lh_TLE_aug_1019_SPHARM_ellalign.coef,TLE,left_TLE_sub-353_hippocampus_lh_aligned,TLE,left_TLE_sub-263_hippocampus_lh_aligned,TLE,0.2127
lh_TLE_aug_1020_SPHARM_ellalign.coef,TLE,left_TLE_sub-353_hippocampus_lh_aligned,TLE,left_TLE_sub-263_hippocampus_lh_aligned,TLE,0.2547
lh_TLE_aug_1021_SPHARM_ellalign.coef,TLE,left_TLE_sub-353_hippocampus_lh_aligned,TLE,left_TLE_sub-263_hippocampus_lh_aligned,TLE,0.3279
lh_TLE_aug_1022_SPHARM_ellalign.coef,TLE,left_TLE_sub-353_hippocampus_lh_aligned,TLE,left_TLE_sub-263_hippocampus_lh_aligned,TLE,0.3656
lh_TLE_aug_1023_SPHARM_ellalign.coef,TLE,left_TLE_sub-353_hippocampus_lh_aligned,TLE,left_TLE_sub-263_hippocampus_lh_aligned,TLE,0.4387
lh_TLE_aug_1024_SPHARM_ellalign.coef,TLE,left_TLE_sub-353_hippocampus_lh_aligned,TLE,left_TLE_sub-263_hippocampus_lh_aligned,TLE,0.4608
lh_TLE_aug_1025_SPHARM_ellalign.coef,TLE,left_TLE_sub-353_hippocampus_lh_aligned,TLE,left_TLE_sub-263_hippocampus_lh_aligned,TLE,0.5414
lh_TLE_aug_1026_SPHARM_ellalign.coef,TLE,left_TLE_sub-353_hippocampus_lh_aligned,TLE,left_TLE_sub-263_hippocampus_lh_aligned,TLE,0.5911
lh_TLE_aug_1027_SPHARM_ellalign.coef,TLE,left_TLE_sub-353_hippocampus_lh_aligned,TLE,left_TLE_sub-263_hippocampus_lh_aligned,TLE,0.6442
lh_TLE_aug_1028_SPHARM_ellalign.coef,TLE,left_TLE_sub-353_hippocampus_lh_aligned,TLE,left_TLE_sub-263_hippocampus_lh_aligned,TLE,0.7005
lh_TLE_aug_1029_SPHARM_ellalign.coef,TLE,left_TLE_sub-353_hippocampus_lh_aligned,TLE,left_TLE_sub-263_hippocampus_lh_aligned,TLE,0.7504
lh_TLE_aug_1030_SPHARM_ellalign.coef,TLE,left_TLE_sub-353_hippocampus_lh_aligned,TLE,left_TLE_sub-263_hippocampus_lh_aligned,TLE,0.7984
lh_TLE_aug_1031_SPHARM_ellalign.coef,TLE,left_TLE_sub-353_hippocampus_lh_aligned,TLE,left_TLE_sub-263_hippocampus_lh_aligned,TLE,0.8319
lh_TLE_aug_1032_SPHARM_ellalign.coef,TLE,left_TLE_sub-353_hippocampus_lh_aligned,TLE,left_TLE_sub-263_hippocampus_lh_aligned,TLE,0.8813
lh_TLE_aug_1033_SPHARM_ellalign.coef,TLE,left_TLE_sub-25_hippocampus_lh_aligned,TLE,left_TLE_sub-426_hippocampus_lh_aligned,TLE,0.1168
lh_TLE_aug_1034_SPHARM_ellalign.coef,TLE,left_TLE_sub-25_hippocampus_lh_aligned,TLE,left_TLE_sub-426_hippocampus_lh_aligned,TLE,0.1580
lh_TLE_aug_1035_SPHARM_ellalign.coef,TLE,left_TLE_sub-25_hippocampus_lh_aligned,TLE,left_TLE_sub-426_hippocampus_lh_aligned,TLE,0.2185
lh_TLE_aug_1036_SPHARM_ellalign.coef,TLE,left_TLE_sub-25_hippocampus_lh_aligned,TLE,left_TLE_sub-426_hippocampus_lh_aligned,TLE,0.2593
lh_TLE_aug_1037_SPHARM_ellalign.coef,TLE,left_TLE_sub-25_hippocampus_lh_aligned,TLE,left_TLE_sub-426_hippocampus_lh_aligned,TLE,0.2980
lh_TLE_aug_1038_SPHARM_ellalign.coef,TLE,left_TLE_sub-25_hippocampus_lh_aligned,TLE,left_TLE_sub-426_hippocampus_lh_aligned,TLE,0.3517
lh_TLE_aug_1039_SPHARM_ellalign.coef,TLE,left_TLE_sub-25_hippocampus_lh_aligned,TLE,left_TLE_sub-426_hippocampus_lh_aligned,TLE,0.4274
lh_TLE_aug_1040_SPHARM_ellalign.coef,TLE,left_TLE_sub-25_hippocampus_lh_aligned,TLE,left_TLE_sub-426_hippocampus_lh_aligned,TLE,0.4705
lh_TLE_aug_1041_SPHARM_ellalign.coef,TLE,left_TLE_sub-25_hippocampus_lh_aligned,TLE,left_TLE_sub-426_hippocampus_lh_aligned,TLE,0.5147
lh_TLE_aug_1042_SPHARM_ellalign.coef,TLE,left_TLE_sub-25_hippocampus_lh_aligned,TLE,left_TLE_sub-426_hippocampus_lh_aligned,TLE,0.5797
lh_TLE_aug_1043_SPHARM_ellalign.coef,TLE,left_TLE_sub-25_hippocampus_lh_aligned,TLE,left_TLE_sub-426_hippocampus_lh_aligned,TLE,0.6159
lh_TLE_aug_1044_SPHARM_ellalign.coef,TLE,left_TLE_sub-25_hippocampus_lh_aligned,TLE,left_TLE_sub-426_hippocampus_lh_aligned,TLE,0.6899
lh_TLE_aug_1045_SPHARM_ellalign.coef,TLE,left_TLE_sub-25_hippocampus_lh_aligned,TLE,left_TLE_sub-426_hippocampus_lh_aligned,TLE,0.7308
lh_TLE_aug_1046_SPHARM_ellalign.coef,TLE,left_TLE_sub-25_hippocampus_lh_aligned,TLE,left_TLE_sub-426_hippocampus_lh_aligned,TLE,0.8052
lh_TLE_aug_1047_SPHARM_ellalign.coef,TLE,left_TLE_sub-25_hippocampus_lh_aligned,TLE,left_TLE_sub-426_hippocampus_lh_aligned,TLE,0.8391
lh_TLE_aug_1048_SPHARM_ellalign.coef,TLE,left_TLE_sub-25_hippocampus_lh_aligned,TLE,left_TLE_sub-426_hippocampus_lh_aligned,TLE,0.8982
lh_TLE_aug_1049_SPHARM_ellalign.coef,TLE,left_TLE_sub-149_hippocampus_lh_aligned,TLE,left_TLE_sub-425_hippocampus_lh_aligned,TLE,0.0805
lh_TLE_aug_1050_SPHARM_ellalign.coef,TLE,left_TLE_sub-149_hippocampus_lh_aligned,TLE,left_TLE_sub-425_hippocampus_lh_aligned,TLE,0.1362
lh_TLE_aug_1051_SPHARM_ellalign.coef,TLE,left_TLE_sub-149_hippocampus_lh_aligned,TLE,left_TLE_sub-425_hippocampus_lh_aligned,TLE,0.2024
lh_TLE_aug_1052_SPHARM_ellalign.coef,TLE,left_TLE_sub-149_hippocampus_lh_aligned,TLE,left_TLE_sub-425_hippocampus_lh_aligned,TLE,0.2592
lh_TLE_aug_1053_SPHARM_ellalign.coef,TLE,left_TLE_sub-149_hippocampus_lh_aligned,TLE,left_TLE_sub-425_hippocampus_lh_aligned,TLE,0.3173
lh_TLE_aug_1054_SPHARM_ellalign.coef,TLE,left_TLE_sub-149_hippocampus_lh_aligned,TLE,left_TLE_sub-425_hippocampus_lh_aligned,TLE,0.3583
lh_TLE_aug_1055_SPHARM_ellalign.coef,TLE,left_TLE_sub-149_hippocampus_lh_aligned,TLE,left_TLE_sub-425_hippocampus_lh_aligned,TLE,0.4278
lh_TLE_aug_1056_SPHARM_ellalign.coef,TLE,left_TLE_sub-149_hippocampus_lh_aligned,TLE,left_TLE_sub-425_hippocampus_lh_aligned,TLE,0.4877
lh_TLE_aug_1057_SPHARM_ellalign.coef,TLE,left_TLE_sub-149_hippocampus_lh_aligned,TLE,left_TLE_sub-425_hippocampus_lh_aligned,TLE,0.5379
lh_TLE_aug_1058_SPHARM_ellalign.coef,TLE,left_TLE_sub-149_hippocampus_lh_aligned,TLE,left_TLE_sub-425_hippocampus_lh_aligned,TLE,0.5616
lh_TLE_aug_1059_SPHARM_ellalign.coef,TLE,left_TLE_sub-149_hippocampus_lh_aligned,TLE,left_TLE_sub-425_hippocampus_lh_aligned,TLE,0.6326
lh_TLE_aug_1060_SPHARM_ellalign.coef,TLE,left_TLE_sub-149_hippocampus_lh_aligned,TLE,left_TLE_sub-425_hippocampus_lh_aligned,TLE,0.6709
lh_TLE_aug_1061_SPHARM_ellalign.coef,TLE,left_TLE_sub-149_hippocampus_lh_aligned,TLE,left_TLE_sub-425_hippocampus_lh_aligned,TLE,0.7297
lh_TLE_aug_1062_SPHARM_ellalign.coef,TLE,left_TLE_sub-149_hippocampus_lh_aligned,TLE,left_TLE_sub-425_hippocampus_lh_aligned,TLE,0.8128
lh_TLE_aug_1063_SPHARM_ellalign.coef,TLE,left_TLE_sub-149_hippocampus_lh_aligned,TLE,left_TLE_sub-425_hippocampus_lh_aligned,TLE,0.8324
lh_TLE_aug_1064_SPHARM_ellalign.coef,TLE,left_TLE_sub-149_hippocampus_lh_aligned,TLE,left_TLE_sub-425_hippocampus_lh_aligned,TLE,0.9000
lh_TLE_aug_1065_SPHARM_ellalign.coef,TLE,left_TLE_sub-156_hippocampus_lh_aligned,TLE,left_TLE_sub-191_hippocampus_lh_aligned,TLE,0.1047
lh_TLE_aug_1066_SPHARM_ellalign.coef,TLE,left_TLE_sub-156_hippocampus_lh_aligned,TLE,left_TLE_sub-191_hippocampus_lh_aligned,TLE,0.1614
lh_TLE_aug_1067_SPHARM_ellalign.coef,TLE,left_TLE_sub-156_hippocampus_lh_aligned,TLE,left_TLE_sub-191_hippocampus_lh_aligned,TLE,0.2091
lh_TLE_aug_1068_SPHARM_ellalign.coef,TLE,left_TLE_sub-156_hippocampus_lh_aligned,TLE,left_TLE_sub-191_hippocampus_lh_aligned,TLE,0.2404
lh_TLE_aug_1069_SPHARM_ellalign.coef,TLE,left_TLE_sub-156_hippocampus_lh_aligned,TLE,left_TLE_sub-191_hippocampus_lh_aligned,TLE,0.3064
lh_TLE_aug_1070_SPHARM_ellalign.coef,TLE,left_TLE_sub-156_hippocampus_lh_aligned,TLE,left_TLE_sub-191_hippocampus_lh_aligned,TLE,0.3674
lh_TLE_aug_1071_SPHARM_ellalign.coef,TLE,left_TLE_sub-156_hippocampus_lh_aligned,TLE,left_TLE_sub-191_hippocampus_lh_aligned,TLE,0.4035
lh_TLE_aug_1072_SPHARM_ellalign.coef,TLE,left_TLE_sub-156_hippocampus_lh_aligned,TLE,left_TLE_sub-191_hippocampus_lh_aligned,TLE,0.4674
lh_TLE_aug_1073_SPHARM_ellalign.coef,TLE,left_TLE_sub-156_hippocampus_lh_aligned,TLE,left_TLE_sub-191_hippocampus_lh_aligned,TLE,0.5080
lh_TLE_aug_1074_SPHARM_ellalign.coef,TLE,left_TLE_sub-156_hippocampus_lh_aligned,TLE,left_TLE_sub-191_hippocampus_lh_aligned,TLE,0.5631
lh_TLE_aug_1075_SPHARM_ellalign.coef,TLE,left_TLE_sub-156_hippocampus_lh_aligned,TLE,left_TLE_sub-191_hippocampus_lh_aligned,TLE,0.6292
lh_TLE_aug_1076_SPHARM_ellalign.coef,TLE,left_TLE_sub-156_hippocampus_lh_aligned,TLE,left_TLE_sub-191_hippocampus_lh_aligned,TLE,0.6720
lh_TLE_aug_1077_SPHARM_ellalign.coef,TLE,left_TLE_sub-156_hippocampus_lh_aligned,TLE,left_TLE_sub-191_hippocampus_lh_aligned,TLE,0.7427
lh_TLE_aug_1078_SPHARM_ellalign.coef,TLE,left_TLE_sub-156_hippocampus_lh_aligned,TLE,left_TLE_sub-191_hippocampus_lh_aligned,TLE,0.8009
lh_TLE_aug_1079_SPHARM_ellalign.coef,TLE,left_TLE_sub-156_hippocampus_lh_aligned,TLE,left_TLE_sub-191_hippocampus_lh_aligned,TLE,0.8587
lh_TLE_aug_1080_SPHARM_ellalign.coef,TLE,left_TLE_sub-156_hippocampus_lh_aligned,TLE,left_TLE_sub-191_hippocampus_lh_aligned,TLE,0.8880
lh_TLE_aug_1081_SPHARM_ellalign.coef,TLE,left_TLE_sub-397_hippocampus_lh_aligned,TLE,left_TLE_sub-282_hippocampus_lh_aligned,TLE,0.0867
lh_TLE_aug_1082_SPHARM_ellalign.coef,TLE,left_TLE_sub-397_hippocampus_lh_aligned,TLE,left_TLE_sub-282_hippocampus_lh_aligned,TLE,0.1375
lh_TLE_aug_1083_SPHARM_ellalign.coef,TLE,left_TLE_sub-397_hippocampus_lh_aligned,TLE,left_TLE_sub-282_hippocampus_lh_aligned,TLE,0.2121
lh_TLE_aug_1084_SPHARM_ellalign.coef,TLE,left_TLE_sub-397_hippocampus_lh_aligned,TLE,left_TLE_sub-282_hippocampus_lh_aligned,TLE,0.2683
lh_TLE_aug_1085_SPHARM_ellalign.coef,TLE,left_TLE_sub-397_hippocampus_lh_aligned,TLE,left_TLE_sub-282_hippocampus_lh_aligned,TLE,0.2946
lh_TLE_aug_1086_SPHARM_ellalign.coef,TLE,left_TLE_sub-397_hippocampus_lh_aligned,TLE,left_TLE_sub-282_hippocampus_lh_aligned,TLE,0.3841
lh_TLE_aug_1087_SPHARM_ellalign.coef,TLE,left_TLE_sub-397_hippocampus_lh_aligned,TLE,left_TLE_sub-282_hippocampus_lh_aligned,TLE,0.4021
lh_TLE_aug_1088_SPHARM_ellalign.coef,TLE,left_TLE_sub-397_hippocampus_lh_aligned,TLE,left_TLE_sub-282_hippocampus_lh_aligned,TLE,0.4750
lh_TLE_aug_1089_SPHARM_ellalign.coef,TLE,left_TLE_sub-397_hippocampus_lh_aligned,TLE,left_TLE_sub-282_hippocampus_lh_aligned,TLE,0.5350
lh_TLE_aug_1090_SPHARM_ellalign.coef,TLE,left_TLE_sub-397_hippocampus_lh_aligned,TLE,left_TLE_sub-282_hippocampus_lh_aligned,TLE,0.5948
lh_TLE_aug_1091_SPHARM_ellalign.coef,TLE,left_TLE_sub-397_hippocampus_lh_aligned,TLE,left_TLE_sub-282_hippocampus_lh_aligned,TLE,0.6419
lh_TLE_aug_1092_SPHARM_ellalign.coef,TLE,left_TLE_sub-397_hippocampus_lh_aligned,TLE,left_TLE_sub-282_hippocampus_lh_aligned,TLE,0.6987
lh_TLE_aug_1093_SPHARM_ellalign.coef,TLE,left_TLE_sub-397_hippocampus_lh_aligned,TLE,left_TLE_sub-282_hippocampus_lh_aligned,TLE,0.7336
lh_TLE_aug_1094_SPHARM_ellalign.coef,TLE,left_TLE_sub-397_hippocampus_lh_aligned,TLE,left_TLE_sub-282_hippocampus_lh_aligned,TLE,0.8059
lh_TLE_aug_1095_SPHARM_ellalign.coef,TLE,left_TLE_sub-397_hippocampus_lh_aligned,TLE,left_TLE_sub-282_hippocampus_lh_aligned,TLE,0.8299
lh_TLE_aug_1096_SPHARM_ellalign.coef,TLE,left_TLE_sub-397_hippocampus_lh_aligned,TLE,left_TLE_sub-282_hippocampus_lh_aligned,TLE,0.9158
lh_TLE_aug_1097_SPHARM_ellalign.coef,TLE,left_TLE_sub-423_hippocampus_lh_aligned,TLE,left_TLE_sub-106_hippocampus_lh_aligned,TLE,0.1019
lh_TLE_aug_1098_SPHARM_ellalign.coef,TLE,left_TLE_sub-423_hippocampus_lh_aligned,TLE,left_TLE_sub-106_hippocampus_lh_aligned,TLE,0.1660
lh_TLE_aug_1099_SPHARM_ellalign.coef,TLE,left_TLE_sub-423_hippocampus_lh_aligned,TLE,left_TLE_sub-106_hippocampus_lh_aligned,TLE,0.2048
lh_TLE_aug_1100_SPHARM_ellalign.coef,TLE,left_TLE_sub-423_hippocampus_lh_aligned,TLE,left_TLE_sub-106_hippocampus_lh_aligned,TLE,0.2657
lh_TLE_aug_1101_SPHARM_ellalign.coef,TLE,left_TLE_sub-423_hippocampus_lh_aligned,TLE,left_TLE_sub-106_hippocampus_lh_aligned,TLE,0.3144
lh_TLE_aug_1102_SPHARM_ellalign.coef,TLE,left_TLE_sub-423_hippocampus_lh_aligned,TLE,left_TLE_sub-106_hippocampus_lh_aligned,TLE,0.3759
lh_TLE_aug_1103_SPHARM_ellalign.coef,TLE,left_TLE_sub-423_hippocampus_lh_aligned,TLE,left_TLE_sub-106_hippocampus_lh_aligned,TLE,0.4033
lh_TLE_aug_1104_SPHARM_ellalign.coef,TLE,left_TLE_sub-423_hippocampus_lh_aligned,TLE,left_TLE_sub-106_hippocampus_lh_aligned,TLE,0.4557
lh_TLE_aug_1105_SPHARM_ellalign.coef,TLE,left_TLE_sub-423_hippocampus_lh_aligned,TLE,left_TLE_sub-106_hippocampus_lh_aligned,TLE,0.5166
lh_TLE_aug_1106_SPHARM_ellalign.coef,TLE,left_TLE_sub-423_hippocampus_lh_aligned,TLE,left_TLE_sub-106_hippocampus_lh_aligned,TLE,0.5664
lh_TLE_aug_1107_SPHARM_ellalign.coef,TLE,left_TLE_sub-423_hippocampus_lh_aligned,TLE,left_TLE_sub-106_hippocampus_lh_aligned,TLE,0.6482
lh_TLE_aug_1108_SPHARM_ellalign.coef,TLE,left_TLE_sub-423_hippocampus_lh_aligned,TLE,left_TLE_sub-106_hippocampus_lh_aligned,TLE,0.6754
lh_TLE_aug_1109_SPHARM_ellalign.coef,TLE,left_TLE_sub-423_hippocampus_lh_aligned,TLE,left_TLE_sub-106_hippocampus_lh_aligned,TLE,0.7590
lh_TLE_aug_1110_SPHARM_ellalign.coef,TLE,left_TLE_sub-423_hippocampus_lh_aligned,TLE,left_TLE_sub-106_hippocampus_lh_aligned,TLE,0.7868
lh_TLE_aug_1111_SPHARM_ellalign.coef,TLE,left_TLE_sub-423_hippocampus_lh_aligned,TLE,left_TLE_sub-106_hippocampus_lh_aligned,TLE,0.8340
lh_TLE_aug_1112_SPHARM_ellalign.coef,TLE,left_TLE_sub-423_hippocampus_lh_aligned,TLE,left_TLE_sub-106_hippocampus_lh_aligned,TLE,0.9116
lh_TLE_aug_1113_SPHARM_ellalign.coef,TLE,left_TLE_sub-294_hippocampus_lh_aligned,TLE,left_TLE_sub-236_hippocampus_lh_aligned,TLE,0.1063
lh_TLE_aug_1114_SPHARM_ellalign.coef,TLE,left_TLE_sub-294_hippocampus_lh_aligned,TLE,left_TLE_sub-236_hippocampus_lh_aligned,TLE,0.1533
lh_TLE_aug_1115_SPHARM_ellalign.coef,TLE,left_TLE_sub-294_hippocampus_lh_aligned,TLE,left_TLE_sub-236_hippocampus_lh_aligned,TLE,0.2089
lh_TLE_aug_1116_SPHARM_ellalign.coef,TLE,left_TLE_sub-294_hippocampus_lh_aligned,TLE,left_TLE_sub-236_hippocampus_lh_aligned,TLE,0.2688
lh_TLE_aug_1117_SPHARM_ellalign.coef,TLE,left_TLE_sub-294_hippocampus_lh_aligned,TLE,left_TLE_sub-236_hippocampus_lh_aligned,TLE,0.3025
lh_TLE_aug_1118_SPHARM_ellalign.coef,TLE,left_TLE_sub-294_hippocampus_lh_aligned,TLE,left_TLE_sub-236_hippocampus_lh_aligned,TLE,0.3865
lh_TLE_aug_1119_SPHARM_ellalign.coef,TLE,left_TLE_sub-294_hippocampus_lh_aligned,TLE,left_TLE_sub-236_hippocampus_lh_aligned,TLE,0.4390
lh_TLE_aug_1120_SPHARM_ellalign.coef,TLE,left_TLE_sub-294_hippocampus_lh_aligned,TLE,left_TLE_sub-236_hippocampus_lh_aligned,TLE,0.4793
lh_TLE_aug_1121_SPHARM_ellalign.coef,TLE,left_TLE_sub-294_hippocampus_lh_aligned,TLE,left_TLE_sub-236_hippocampus_lh_aligned,TLE,0.5146
lh_TLE_aug_1122_SPHARM_ellalign.coef,TLE,left_TLE_sub-294_hippocampus_lh_aligned,TLE,left_TLE_sub-236_hippocampus_lh_aligned,TLE,0.5872
lh_TLE_aug_1123_SPHARM_ellalign.coef,TLE,left_TLE_sub-294_hippocampus_lh_aligned,TLE,left_TLE_sub-236_hippocampus_lh_aligned,TLE,0.6162
lh_TLE_aug_1124_SPHARM_ellalign.coef,TLE,left_TLE_sub-294_hippocampus_lh_aligned,TLE,left_TLE_sub-236_hippocampus_lh_aligned,TLE,0.6679
lh_TLE_aug_1125_SPHARM_ellalign.coef,TLE,left_TLE_sub-294_hippocampus_lh_aligned,TLE,left_TLE_sub-236_hippocampus_lh_aligned,TLE,0.7303
lh_TLE_aug_1126_SPHARM_ellalign.coef,TLE,left_TLE_sub-294_hippocampus_lh_aligned,TLE,left_TLE_sub-236_hippocampus_lh_aligned,TLE,0.7918
lh_TLE_aug_1127_SPHARM_ellalign.coef,TLE,left_TLE_sub-294_hippocampus_lh_aligned,TLE,left_TLE_sub-236_hippocampus_lh_aligned,TLE,0.8614
lh_TLE_aug_1128_SPHARM_ellalign.coef,TLE,left_TLE_sub-294_hippocampus_lh_aligned,TLE,left_TLE_sub-236_hippocampus_lh_aligned,TLE,0.9091
lh_TLE_aug_1129_SPHARM_ellalign.coef,TLE,left_TLE_sub-407_hippocampus_lh_aligned,TLE,left_TLE_sub-35272_hippocampus_lh_aligned,TLE,0.1097
lh_TLE_aug_1130_SPHARM_ellalign.coef,TLE,left_TLE_sub-407_hippocampus_lh_aligned,TLE,left_TLE_sub-35272_hippocampus_lh_aligned,TLE,0.1504
lh_TLE_aug_1131_SPHARM_ellalign.coef,TLE,left_TLE_sub-407_hippocampus_lh_aligned,TLE,left_TLE_sub-35272_hippocampus_lh_aligned,TLE,0.2005
lh_TLE_aug_1132_SPHARM_ellalign.coef,TLE,left_TLE_sub-407_hippocampus_lh_aligned,TLE,left_TLE_sub-35272_hippocampus_lh_aligned,TLE,0.2548
lh_TLE_aug_1133_SPHARM_ellalign.coef,TLE,left_TLE_sub-407_hippocampus_lh_aligned,TLE,left_TLE_sub-35272_hippocampus_lh_aligned,TLE,0.3328
lh_TLE_aug_1134_SPHARM_ellalign.coef,TLE,left_TLE_sub-407_hippocampus_lh_aligned,TLE,left_TLE_sub-35272_hippocampus_lh_aligned,TLE,0.3483
lh_TLE_aug_1135_SPHARM_ellalign.coef,TLE,left_TLE_sub-407_hippocampus_lh_aligned,TLE,left_TLE_sub-35272_hippocampus_lh_aligned,TLE,0.4347
lh_TLE_aug_1136_SPHARM_ellalign.coef,TLE,left_TLE_sub-407_hippocampus_lh_aligned,TLE,left_TLE_sub-35272_hippocampus_lh_aligned,TLE,0.4765
lh_TLE_aug_1137_SPHARM_ellalign.coef,TLE,left_TLE_sub-407_hippocampus_lh_aligned,TLE,left_TLE_sub-35272_hippocampus_lh_aligned,TLE,0.5242
lh_TLE_aug_1138_SPHARM_ellalign.coef,TLE,left_TLE_sub-407_hippocampus_lh_aligned,TLE,left_TLE_sub-35272_hippocampus_lh_aligned,TLE,0.5890
lh_TLE_aug_1139_SPHARM_ellalign.coef,TLE,left_TLE_sub-407_hippocampus_lh_aligned,TLE,left_TLE_sub-35272_hippocampus_lh_aligned,TLE,0.6328
lh_TLE_aug_1140_SPHARM_ellalign.coef,TLE,left_TLE_sub-407_hippocampus_lh_aligned,TLE,left_TLE_sub-35272_hippocampus_lh_aligned,TLE,0.7016
lh_TLE_aug_1141_SPHARM_ellalign.coef,TLE,left_TLE_sub-407_hippocampus_lh_aligned,TLE,left_TLE_sub-35272_hippocampus_lh_aligned,TLE,0.7560
lh_TLE_aug_1142_SPHARM_ellalign.coef,TLE,left_TLE_sub-407_hippocampus_lh_aligned,TLE,left_TLE_sub-35272_hippocampus_lh_aligned,TLE,0.7902
lh_TLE_aug_1143_SPHARM_ellalign.coef,TLE,left_TLE_sub-407_hippocampus_lh_aligned,TLE,left_TLE_sub-35272_hippocampus_lh_aligned,TLE,0.8377
lh_TLE_aug_1144_SPHARM_ellalign.coef,TLE,left_TLE_sub-407_hippocampus_lh_aligned,TLE,left_TLE_sub-35272_hippocampus_lh_aligned,TLE,0.9037
lh_TLE_aug_1145_SPHARM_ellalign.coef,TLE,left_TLE_sub-293_hippocampus_lh_aligned,TLE,left_TLE_sub-229_hippocampus_lh_aligned,TLE,0.1165
lh_TLE_aug_1146_SPHARM_ellalign.coef,TLE,left_TLE_sub-293_hippocampus_lh_aligned,TLE,left_TLE_sub-229_hippocampus_lh_aligned,TLE,0.1418
lh_TLE_aug_1147_SPHARM_ellalign.coef,TLE,left_TLE_sub-293_hippocampus_lh_aligned,TLE,left_TLE_sub-229_hippocampus_lh_aligned,TLE,0.2116
lh_TLE_aug_1148_SPHARM_ellalign.coef,TLE,left_TLE_sub-293_hippocampus_lh_aligned,TLE,left_TLE_sub-229_hippocampus_lh_aligned,TLE,0.2653
lh_TLE_aug_1149_SPHARM_ellalign.coef,TLE,left_TLE_sub-293_hippocampus_lh_aligned,TLE,left_TLE_sub-229_hippocampus_lh_aligned,TLE,0.3227
lh_TLE_aug_1150_SPHARM_ellalign.coef,TLE,left_TLE_sub-293_hippocampus_lh_aligned,TLE,left_TLE_sub-229_hippocampus_lh_aligned,TLE,0.3519
lh_TLE_aug_1151_SPHARM_ellalign.coef,TLE,left_TLE_sub-293_hippocampus_lh_aligned,TLE,left_TLE_sub-229_hippocampus_lh_aligned,TLE,0.4286
lh_TLE_aug_1152_SPHARM_ellalign.coef,TLE,left_TLE_sub-293_hippocampus_lh_aligned,TLE,left_TLE_sub-229_hippocampus_lh_aligned,TLE,0.4897
lh_TLE_aug_1153_SPHARM_ellalign.coef,TLE,left_TLE_sub-293_hippocampus_lh_aligned,TLE,left_TLE_sub-229_hippocampus_lh_aligned,TLE,0.5139
lh_TLE_aug_1154_SPHARM_ellalign.coef,TLE,left_TLE_sub-293_hippocampus_lh_aligned,TLE,left_TLE_sub-229_hippocampus_lh_aligned,TLE,0.5695
lh_TLE_aug_1155_SPHARM_ellalign.coef,TLE,left_TLE_sub-293_hippocampus_lh_aligned,TLE,left_TLE_sub-229_hippocampus_lh_aligned,TLE,0.6522
lh_TLE_aug_1156_SPHARM_ellalign.coef,TLE,left_TLE_sub-293_hippocampus_lh_aligned,TLE,left_TLE_sub-229_hippocampus_lh_aligned,TLE,0.6739
lh_TLE_aug_1157_SPHARM_ellalign.coef,TLE,left_TLE_sub-293_hippocampus_lh_aligned,TLE,left_TLE_sub-229_hippocampus_lh_aligned,TLE,0.7542
lh_TLE_aug_1158_SPHARM_ellalign.coef,TLE,left_TLE_sub-293_hippocampus_lh_aligned,TLE,left_TLE_sub-229_hippocampus_lh_aligned,TLE,0.7930
lh_TLE_aug_1159_SPHARM_ellalign.coef,TLE,left_TLE_sub-293_hippocampus_lh_aligned,TLE,left_TLE_sub-229_hippocampus_lh_aligned,TLE,0.8366
lh_TLE_aug_1160_SPHARM_ellalign.coef,TLE,left_TLE_sub-293_hippocampus_lh_aligned,TLE,left_TLE_sub-229_hippocampus_lh_aligned,TLE,0.9148
lh_TLE_aug_1161_SPHARM_ellalign.coef,TLE,left_TLE_sub-217_hippocampus_lh_aligned,TLE,left_TLE_sub-34359_hippocampus_lh_aligned,TLE,0.0978
lh_TLE_aug_1162_SPHARM_ellalign.coef,TLE,left_TLE_sub-217_hippocampus_lh_aligned,TLE,left_TLE_sub-34359_hippocampus_lh_aligned,TLE,0.1539
lh_TLE_aug_1163_SPHARM_ellalign.coef,TLE,left_TLE_sub-217_hippocampus_lh_aligned,TLE,left_TLE_sub-34359_hippocampus_lh_aligned,TLE,0.2010
lh_TLE_aug_1164_SPHARM_ellalign.coef,TLE,left_TLE_sub-217_hippocampus_lh_aligned,TLE,left_TLE_sub-34359_hippocampus_lh_aligned,TLE,0.2637
lh_TLE_aug_1165_SPHARM_ellalign.coef,TLE,left_TLE_sub-217_hippocampus_lh_aligned,TLE,left_TLE_sub-34359_hippocampus_lh_aligned,TLE,0.2999
lh_TLE_aug_1166_SPHARM_ellalign.coef,TLE,left_TLE_sub-217_hippocampus_lh_aligned,TLE,left_TLE_sub-34359_hippocampus_lh_aligned,TLE,0.3623
lh_TLE_aug_1167_SPHARM_ellalign.coef,TLE,left_TLE_sub-217_hippocampus_lh_aligned,TLE,left_TLE_sub-34359_hippocampus_lh_aligned,TLE,0.4388
lh_TLE_aug_1168_SPHARM_ellalign.coef,TLE,left_TLE_sub-217_hippocampus_lh_aligned,TLE,left_TLE_sub-34359_hippocampus_lh_aligned,TLE,0.4637
lh_TLE_aug_1169_SPHARM_ellalign.coef,TLE,left_TLE_sub-217_hippocampus_lh_aligned,TLE,left_TLE_sub-34359_hippocampus_lh_aligned,TLE,0.5329
lh_TLE_aug_1170_SPHARM_ellalign.coef,TLE,left_TLE_sub-217_hippocampus_lh_aligned,TLE,left_TLE_sub-34359_hippocampus_lh_aligned,TLE,0.5730
lh_TLE_aug_1171_SPHARM_ellalign.coef,TLE,left_TLE_sub-217_hippocampus_lh_aligned,TLE,left_TLE_sub-34359_hippocampus_lh_aligned,TLE,0.6443
lh_TLE_aug_1172_SPHARM_ellalign.coef,TLE,left_TLE_sub-217_hippocampus_lh_aligned,TLE,left_TLE_sub-34359_hippocampus_lh_aligned,TLE,0.6719
lh_TLE_aug_1173_SPHARM_ellalign.coef,TLE,left_TLE_sub-217_hippocampus_lh_aligned,TLE,left_TLE_sub-34359_hippocampus_lh_aligned,TLE,0.7588
lh_TLE_aug_1174_SPHARM_ellalign.coef,TLE,left_TLE_sub-217_hippocampus_lh_aligned,TLE,left_TLE_sub-34359_hippocampus_lh_aligned,TLE,0.7915
lh_TLE_aug_1175_SPHARM_ellalign.coef,TLE,left_TLE_sub-217_hippocampus_lh_aligned,TLE,left_TLE_sub-34359_hippocampus_lh_aligned,TLE,0.8361
lh_TLE_aug_1176_SPHARM_ellalign.coef,TLE,left_TLE_sub-217_hippocampus_lh_aligned,TLE,left_TLE_sub-34359_hippocampus_lh_aligned,TLE,0.8829
lh_TLE_aug_1177_SPHARM_ellalign.coef,TLE,left_TLE_sub-379_hippocampus_lh_aligned,TLE,left_TLE_sub-143_hippocampus_lh_aligned,TLE,0.0868
lh_TLE_aug_1178_SPHARM_ellalign.coef,TLE,left_TLE_sub-379_hippocampus_lh_aligned,TLE,left_TLE_sub-143_hippocampus_lh_aligned,TLE,0.1541
lh_TLE_aug_1179_SPHARM_ellalign.coef,TLE,left_TLE_sub-379_hippocampus_lh_aligned,TLE,left_TLE_sub-143_hippocampus_lh_aligned,TLE,0.2001
lh_TLE_aug_1180_SPHARM_ellalign.coef,TLE,left_TLE_sub-379_hippocampus_lh_aligned,TLE,left_TLE_sub-143_hippocampus_lh_aligned,TLE,0.2732
lh_TLE_aug_1181_SPHARM_ellalign.coef,TLE,left_TLE_sub-379_hippocampus_lh_aligned,TLE,left_TLE_sub-143_hippocampus_lh_aligned,TLE,0.3106
lh_TLE_aug_1182_SPHARM_ellalign.coef,TLE,left_TLE_sub-379_hippocampus_lh_aligned,TLE,left_TLE_sub-143_hippocampus_lh_aligned,TLE,0.3566
lh_TLE_aug_1183_SPHARM_ellalign.coef,TLE,left_TLE_sub-379_hippocampus_lh_aligned,TLE,left_TLE_sub-143_hippocampus_lh_aligned,TLE,0.4247
lh_TLE_aug_1184_SPHARM_ellalign.coef,TLE,left_TLE_sub-379_hippocampus_lh_aligned,TLE,left_TLE_sub-143_hippocampus_lh_aligned,TLE,0.4816
lh_TLE_aug_1185_SPHARM_ellalign.coef,TLE,left_TLE_sub-379_hippocampus_lh_aligned,TLE,left_TLE_sub-143_hippocampus_lh_aligned,TLE,0.5133
lh_TLE_aug_1186_SPHARM_ellalign.coef,TLE,left_TLE_sub-379_hippocampus_lh_aligned,TLE,left_TLE_sub-143_hippocampus_lh_aligned,TLE,0.5667
lh_TLE_aug_1187_SPHARM_ellalign.coef,TLE,left_TLE_sub-379_hippocampus_lh_aligned,TLE,left_TLE_sub-143_hippocampus_lh_aligned,TLE,0.6148
lh_TLE_aug_1188_SPHARM_ellalign.coef,TLE,left_TLE_sub-379_hippocampus_lh_aligned,TLE,left_TLE_sub-143_hippocampus_lh_aligned,TLE,0.6961
lh_TLE_aug_1189_SPHARM_ellalign.coef,TLE,left_TLE_sub-379_hippocampus_lh_aligned,TLE,left_TLE_sub-143_hippocampus_lh_aligned,TLE,0.7466
lh_TLE_aug_1190_SPHARM_ellalign.coef,TLE,left_TLE_sub-379_hippocampus_lh_aligned,TLE,left_TLE_sub-143_hippocampus_lh_aligned,TLE,0.7923
lh_TLE_aug_1191_SPHARM_ellalign.coef,TLE,left_TLE_sub-379_hippocampus_lh_aligned,TLE,left_TLE_sub-143_hippocampus_lh_aligned,TLE,0.8604
lh_TLE_aug_1192_SPHARM_ellalign.coef,TLE,left_TLE_sub-379_hippocampus_lh_aligned,TLE,left_TLE_sub-143_hippocampus_lh_aligned,TLE,0.9122
lh_TLE_aug_1193_SPHARM_ellalign.coef,TLE,left_TLE_sub-351_hippocampus_lh_aligned,TLE,left_TLE_sub-348_hippocampus_lh_aligned,TLE,0.1034
lh_TLE_aug_1194_SPHARM_ellalign.coef,TLE,left_TLE_sub-351_hippocampus_lh_aligned,TLE,left_TLE_sub-348_hippocampus_lh_aligned,TLE,0.1681
lh_TLE_aug_1195_SPHARM_ellalign.coef,TLE,left_TLE_sub-351_hippocampus_lh_aligned,TLE,left_TLE_sub-348_hippocampus_lh_aligned,TLE,0.1949
lh_TLE_aug_1196_SPHARM_ellalign.coef,TLE,left_TLE_sub-351_hippocampus_lh_aligned,TLE,left_TLE_sub-348_hippocampus_lh_aligned,TLE,0.2445
lh_TLE_aug_1197_SPHARM_ellalign.coef,TLE,left_TLE_sub-351_hippocampus_lh_aligned,TLE,left_TLE_sub-348_hippocampus_lh_aligned,TLE,0.3041
lh_TLE_aug_1198_SPHARM_ellalign.coef,TLE,left_TLE_sub-351_hippocampus_lh_aligned,TLE,left_TLE_sub-348_hippocampus_lh_aligned,TLE,0.3490
lh_TLE_aug_1199_SPHARM_ellalign.coef,TLE,left_TLE_sub-351_hippocampus_lh_aligned,TLE,left_TLE_sub-348_hippocampus_lh_aligned,TLE,0.4212
lh_TLE_aug_1200_SPHARM_ellalign.coef,TLE,left_TLE_sub-351_hippocampus_lh_aligned,TLE,left_TLE_sub-348_hippocampus_lh_aligned,TLE,0.4908
lh_TLE_aug_1201_SPHARM_ellalign.coef,TLE,left_TLE_sub-351_hippocampus_lh_aligned,TLE,left_TLE_sub-348_hippocampus_lh_aligned,TLE,0.5082
lh_TLE_aug_1202_SPHARM_ellalign.coef,TLE,left_TLE_sub-351_hippocampus_lh_aligned,TLE,left_TLE_sub-348_hippocampus_lh_aligned,TLE,0.5649
lh_TLE_aug_1203_SPHARM_ellalign.coef,TLE,left_TLE_sub-351_hippocampus_lh_aligned,TLE,left_TLE_sub-348_hippocampus_lh_aligned,TLE,0.6314
lh_TLE_aug_1204_SPHARM_ellalign.coef,TLE,left_TLE_sub-351_hippocampus_lh_aligned,TLE,left_TLE_sub-348_hippocampus_lh_aligned,TLE,0.7040
lh_TLE_aug_1205_SPHARM_ellalign.coef,TLE,left_TLE_sub-351_hippocampus_lh_aligned,TLE,left_TLE_sub-348_hippocampus_lh_aligned,TLE,0.7326
lh_TLE_aug_1206_SPHARM_ellalign.coef,TLE,left_TLE_sub-351_hippocampus_lh_aligned,TLE,left_TLE_sub-348_hippocampus_lh_aligned,TLE,0.7936
lh_TLE_aug_1207_SPHARM_ellalign.coef,TLE,left_TLE_sub-351_hippocampus_lh_aligned,TLE,left_TLE_sub-348_hippocampus_lh_aligned,TLE,0.8283
lh_TLE_aug_1208_SPHARM_ellalign.coef,TLE,left_TLE_sub-351_hippocampus_lh_aligned,TLE,left_TLE_sub-348_hippocampus_lh_aligned,TLE,0.8859
lh_TLE_aug_1209_SPHARM_ellalign.coef,TLE,left_TLE_sub-366_hippocampus_lh_aligned,TLE,left_TLE_sub-85_hippocampus_lh_aligned,TLE,0.1195
lh_TLE_aug_1210_SPHARM_ellalign.coef,TLE,left_TLE_sub-366_hippocampus_lh_aligned,TLE,left_TLE_sub-85_hippocampus_lh_aligned,TLE,0.1719
lh_TLE_aug_1211_SPHARM_ellalign.coef,TLE,left_TLE_sub-366_hippocampus_lh_aligned,TLE,left_TLE_sub-85_hippocampus_lh_aligned,TLE,0.1869
lh_TLE_aug_1212_SPHARM_ellalign.coef,TLE,left_TLE_sub-366_hippocampus_lh_aligned,TLE,left_TLE_sub-85_hippocampus_lh_aligned,TLE,0.2781
lh_TLE_aug_1213_SPHARM_ellalign.coef,TLE,left_TLE_sub-366_hippocampus_lh_aligned,TLE,left_TLE_sub-85_hippocampus_lh_aligned,TLE,0.3189
lh_TLE_aug_1214_SPHARM_ellalign.coef,TLE,left_TLE_sub-366_hippocampus_lh_aligned,TLE,left_TLE_sub-85_hippocampus_lh_aligned,TLE,0.3814
lh_TLE_aug_1215_SPHARM_ellalign.coef,TLE,left_TLE_sub-366_hippocampus_lh_aligned,TLE,left_TLE_sub-85_hippocampus_lh_aligned,TLE,0.4182
lh_TLE_aug_1216_SPHARM_ellalign.coef,TLE,left_TLE_sub-366_hippocampus_lh_aligned,TLE,left_TLE_sub-85_hippocampus_lh_aligned,TLE,0.4740
lh_TLE_aug_1217_SPHARM_ellalign.coef,TLE,left_TLE_sub-366_hippocampus_lh_aligned,TLE,left_TLE_sub-85_hippocampus_lh_aligned,TLE,0.5262
lh_TLE_aug_1218_SPHARM_ellalign.coef,TLE,left_TLE_sub-366_hippocampus_lh_aligned,TLE,left_TLE_sub-85_hippocampus_lh_aligned,TLE,0.5867
lh_TLE_aug_1219_SPHARM_ellalign.coef,TLE,left_TLE_sub-366_hippocampus_lh_aligned,TLE,left_TLE_sub-85_hippocampus_lh_aligned,TLE,0.6189
lh_TLE_aug_1220_SPHARM_ellalign.coef,TLE,left_TLE_sub-366_hippocampus_lh_aligned,TLE,left_TLE_sub-85_hippocampus_lh_aligned,TLE,0.6679
lh_TLE_aug_1221_SPHARM_ellalign.coef,TLE,left_TLE_sub-366_hippocampus_lh_aligned,TLE,left_TLE_sub-85_hippocampus_lh_aligned,TLE,0.7323
lh_TLE_aug_1222_SPHARM_ellalign.coef,TLE,left_TLE_sub-366_hippocampus_lh_aligned,TLE,left_TLE_sub-85_hippocampus_lh_aligned,TLE,0.8015
lh_TLE_aug_1223_SPHARM_ellalign.coef,TLE,left_TLE_sub-366_hippocampus_lh_aligned,TLE,left_TLE_sub-85_hippocampus_lh_aligned,TLE,0.8347
lh_TLE_aug_1224_SPHARM_ellalign.coef,TLE,left_TLE_sub-366_hippocampus_lh_aligned,TLE,left_TLE_sub-85_hippocampus_lh_aligned,TLE,0.9069
lh_TLE_aug_1225_SPHARM_ellalign.coef,TLE,left_TLE_sub-162_hippocampus_lh_aligned,TLE,left_TLE_sub-372_hippocampus_lh_aligned,TLE,0.1188
lh_TLE_aug_1226_SPHARM_ellalign.coef,TLE,left_TLE_sub-162_hippocampus_lh_aligned,TLE,left_TLE_sub-372_hippocampus_lh_aligned,TLE,0.1371
lh_TLE_aug_1227_SPHARM_ellalign.coef,TLE,left_TLE_sub-162_hippocampus_lh_aligned,TLE,left_TLE_sub-372_hippocampus_lh_aligned,TLE,0.2136
lh_TLE_aug_1228_SPHARM_ellalign.coef,TLE,left_TLE_sub-162_hippocampus_lh_aligned,TLE,left_TLE_sub-372_hippocampus_lh_aligned,TLE,0.2578
lh_TLE_aug_1229_SPHARM_ellalign.coef,TLE,left_TLE_sub-162_hippocampus_lh_aligned,TLE,left_TLE_sub-372_hippocampus_lh_aligned,TLE,0.3281
lh_TLE_aug_1230_SPHARM_ellalign.coef,TLE,left_TLE_sub-162_hippocampus_lh_aligned,TLE,left_TLE_sub-372_hippocampus_lh_aligned,TLE,0.3538
lh_TLE_aug_1231_SPHARM_ellalign.coef,TLE,left_TLE_sub-162_hippocampus_lh_aligned,TLE,left_TLE_sub-372_hippocampus_lh_aligned,TLE,0.4277
lh_TLE_aug_1232_SPHARM_ellalign.coef,TLE,left_TLE_sub-162_hippocampus_lh_aligned,TLE,left_TLE_sub-372_hippocampus_lh_aligned,TLE,0.4869
lh_TLE_aug_1233_SPHARM_ellalign.coef,TLE,left_TLE_sub-162_hippocampus_lh_aligned,TLE,left_TLE_sub-372_hippocampus_lh_aligned,TLE,0.5445
lh_TLE_aug_1234_SPHARM_ellalign.coef,TLE,left_TLE_sub-162_hippocampus_lh_aligned,TLE,left_TLE_sub-372_hippocampus_lh_aligned,TLE,0.5873
lh_TLE_aug_1235_SPHARM_ellalign.coef,TLE,left_TLE_sub-162_hippocampus_lh_aligned,TLE,left_TLE_sub-372_hippocampus_lh_aligned,TLE,0.6332
lh_TLE_aug_1236_SPHARM_ellalign.coef,TLE,left_TLE_sub-162_hippocampus_lh_aligned,TLE,left_TLE_sub-372_hippocampus_lh_aligned,TLE,0.6914
lh_TLE_aug_1237_SPHARM_ellalign.coef,TLE,left_TLE_sub-162_hippocampus_lh_aligned,TLE,left_TLE_sub-372_hippocampus_lh_aligned,TLE,0.7548
lh_TLE_aug_1238_SPHARM_ellalign.coef,TLE,left_TLE_sub-162_hippocampus_lh_aligned,TLE,left_TLE_sub-372_hippocampus_lh_aligned,TLE,0.7962
lh_TLE_aug_1239_SPHARM_ellalign.coef,TLE,left_TLE_sub-162_hippocampus_lh_aligned,TLE,left_TLE_sub-372_hippocampus_lh_aligned,TLE,0.8279
lh_TLE_aug_1240_SPHARM_ellalign.coef,TLE,left_TLE_sub-162_hippocampus_lh_aligned,TLE,left_TLE_sub-372_hippocampus_lh_aligned,TLE,0.9172
lh_TLE_aug_1241_SPHARM_ellalign.coef,TLE,left_TLE_sub-349_hippocampus_lh_aligned,TLE,left_TLE_sub-416_hippocampus_lh_aligned,TLE,0.1076
lh_TLE_aug_1242_SPHARM_ellalign.coef,TLE,left_TLE_sub-349_hippocampus_lh_aligned,TLE,left_TLE_sub-416_hippocampus_lh_aligned,TLE,0.1604
lh_TLE_aug_1243_SPHARM_ellalign.coef,TLE,left_TLE_sub-349_hippocampus_lh_aligned,TLE,left_TLE_sub-416_hippocampus_lh_aligned,TLE,0.1953
lh_TLE_aug_1244_SPHARM_ellalign.coef,TLE,left_TLE_sub-349_hippocampus_lh_aligned,TLE,left_TLE_sub-416_hippocampus_lh_aligned,TLE,0.2664
lh_TLE_aug_1245_SPHARM_ellalign.coef,TLE,left_TLE_sub-349_hippocampus_lh_aligned,TLE,left_TLE_sub-416_hippocampus_lh_aligned,TLE,0.3091
lh_TLE_aug_1246_SPHARM_ellalign.coef,TLE,left_TLE_sub-349_hippocampus_lh_aligned,TLE,left_TLE_sub-416_hippocampus_lh_aligned,TLE,0.3727
lh_TLE_aug_1247_SPHARM_ellalign.coef,TLE,left_TLE_sub-349_hippocampus_lh_aligned,TLE,left_TLE_sub-416_hippocampus_lh_aligned,TLE,0.4043
lh_TLE_aug_1248_SPHARM_ellalign.coef,TLE,left_TLE_sub-349_hippocampus_lh_aligned,TLE,left_TLE_sub-416_hippocampus_lh_aligned,TLE,0.4796
lh_TLE_aug_1249_SPHARM_ellalign.coef,TLE,left_TLE_sub-349_hippocampus_lh_aligned,TLE,left_TLE_sub-416_hippocampus_lh_aligned,TLE,0.5466
lh_TLE_aug_1250_SPHARM_ellalign.coef,TLE,left_TLE_sub-349_hippocampus_lh_aligned,TLE,left_TLE_sub-416_hippocampus_lh_aligned,TLE,0.5619
lh_TLE_aug_1251_SPHARM_ellalign.coef,TLE,left_TLE_sub-349_hippocampus_lh_aligned,TLE,left_TLE_sub-416_hippocampus_lh_aligned,TLE,0.6524
lh_TLE_aug_1252_SPHARM_ellalign.coef,TLE,left_TLE_sub-349_hippocampus_lh_aligned,TLE,left_TLE_sub-416_hippocampus_lh_aligned,TLE,0.6829
lh_TLE_aug_1253_SPHARM_ellalign.coef,TLE,left_TLE_sub-349_hippocampus_lh_aligned,TLE,left_TLE_sub-416_hippocampus_lh_aligned,TLE,0.7548
lh_TLE_aug_1254_SPHARM_ellalign.coef,TLE,left_TLE_sub-349_hippocampus_lh_aligned,TLE,left_TLE_sub-416_hippocampus_lh_aligned,TLE,0.8046
lh_TLE_aug_1255_SPHARM_ellalign.coef,TLE,left_TLE_sub-349_hippocampus_lh_aligned,TLE,left_TLE_sub-416_hippocampus_lh_aligned,TLE,0.8493
lh_TLE_aug_1256_SPHARM_ellalign.coef,TLE,left_TLE_sub-349_hippocampus_lh_aligned,TLE,left_TLE_sub-416_hippocampus_lh_aligned,TLE,0.9095
lh_TLE_aug_1257_SPHARM_ellalign.coef,TLE,left_TLE_sub-275_hippocampus_lh_aligned,TLE,left_TLE_sub-461_hippocampus_lh_aligned,TLE,0.1151
lh_TLE_aug_1258_SPHARM_ellalign.coef,TLE,left_TLE_sub-275_hippocampus_lh_aligned,TLE,left_TLE_sub-461_hippocampus_lh_aligned,TLE,0.1495
lh_TLE_aug_1259_SPHARM_ellalign.coef,TLE,left_TLE_sub-275_hippocampus_lh_aligned,TLE,left_TLE_sub-461_hippocampus_lh_aligned,TLE,0.1997
lh_TLE_aug_1260_SPHARM_ellalign.coef,TLE,left_TLE_sub-275_hippocampus_lh_aligned,TLE,left_TLE_sub-461_hippocampus_lh_aligned,TLE,0.2667
lh_TLE_aug_1261_SPHARM_ellalign.coef,TLE,left_TLE_sub-275_hippocampus_lh_aligned,TLE,left_TLE_sub-461_hippocampus_lh_aligned,TLE,0.3256
lh_TLE_aug_1262_SPHARM_ellalign.coef,TLE,left_TLE_sub-275_hippocampus_lh_aligned,TLE,left_TLE_sub-461_hippocampus_lh_aligned,TLE,0.3772
lh_TLE_aug_1263_SPHARM_ellalign.coef,TLE,left_TLE_sub-275_hippocampus_lh_aligned,TLE,left_TLE_sub-461_hippocampus_lh_aligned,TLE,0.4319
lh_TLE_aug_1264_SPHARM_ellalign.coef,TLE,left_TLE_sub-275_hippocampus_lh_aligned,TLE,left_TLE_sub-461_hippocampus_lh_aligned,TLE,0.4708
lh_TLE_aug_1265_SPHARM_ellalign.coef,TLE,left_TLE_sub-275_hippocampus_lh_aligned,TLE,left_TLE_sub-461_hippocampus_lh_aligned,TLE,0.5394
lh_TLE_aug_1266_SPHARM_ellalign.coef,TLE,left_TLE_sub-275_hippocampus_lh_aligned,TLE,left_TLE_sub-461_hippocampus_lh_aligned,TLE,0.5648
lh_TLE_aug_1267_SPHARM_ellalign.coef,TLE,left_TLE_sub-275_hippocampus_lh_aligned,TLE,left_TLE_sub-461_hippocampus_lh_aligned,TLE,0.6351
lh_TLE_aug_1268_SPHARM_ellalign.coef,TLE,left_TLE_sub-275_hippocampus_lh_aligned,TLE,left_TLE_sub-461_hippocampus_lh_aligned,TLE,0.6669
lh_TLE_aug_1269_SPHARM_ellalign.coef,TLE,left_TLE_sub-275_hippocampus_lh_aligned,TLE,left_TLE_sub-461_hippocampus_lh_aligned,TLE,0.7330
lh_TLE_aug_1270_SPHARM_ellalign.coef,TLE,left_TLE_sub-275_hippocampus_lh_aligned,TLE,left_TLE_sub-461_hippocampus_lh_aligned,TLE,0.7880
lh_TLE_aug_1271_SPHARM_ellalign.coef,TLE,left_TLE_sub-275_hippocampus_lh_aligned,TLE,left_TLE_sub-461_hippocampus_lh_aligned,TLE,0.8425
lh_TLE_aug_1272_SPHARM_ellalign.coef,TLE,left_TLE_sub-275_hippocampus_lh_aligned,TLE,left_TLE_sub-461_hippocampus_lh_aligned,TLE,0.9078
lh_TLE_aug_1273_SPHARM_ellalign.coef,TLE,left_TLE_sub-445_hippocampus_lh_aligned,TLE,left_TLE_sub-444_hippocampus_lh_aligned,TLE,0.0955
lh_TLE_aug_1274_SPHARM_ellalign.coef,TLE,left_TLE_sub-445_hippocampus_lh_aligned,TLE,left_TLE_sub-444_hippocampus_lh_aligned,TLE,0.1513
lh_TLE_aug_1275_SPHARM_ellalign.coef,TLE,left_TLE_sub-445_hippocampus_lh_aligned,TLE,left_TLE_sub-444_hippocampus_lh_aligned,TLE,0.1962
lh_TLE_aug_1276_SPHARM_ellalign.coef,TLE,left_TLE_sub-445_hippocampus_lh_aligned,TLE,left_TLE_sub-444_hippocampus_lh_aligned,TLE,0.2549
lh_TLE_aug_1277_SPHARM_ellalign.coef,TLE,left_TLE_sub-445_hippocampus_lh_aligned,TLE,left_TLE_sub-444_hippocampus_lh_aligned,TLE,0.3024
lh_TLE_aug_1278_SPHARM_ellalign.coef,TLE,left_TLE_sub-445_hippocampus_lh_aligned,TLE,left_TLE_sub-444_hippocampus_lh_aligned,TLE,0.3496
lh_TLE_aug_1279_SPHARM_ellalign.coef,TLE,left_TLE_sub-445_hippocampus_lh_aligned,TLE,left_TLE_sub-444_hippocampus_lh_aligned,TLE,0.4241
lh_TLE_aug_1280_SPHARM_ellalign.coef,TLE,left_TLE_sub-445_hippocampus_lh_aligned,TLE,left_TLE_sub-444_hippocampus_lh_aligned,TLE,0.4801
lh_TLE_aug_1281_SPHARM_ellalign.coef,TLE,left_TLE_sub-445_hippocampus_lh_aligned,TLE,left_TLE_sub-444_hippocampus_lh_aligned,TLE,0.5314
lh_TLE_aug_1282_SPHARM_ellalign.coef,TLE,left_TLE_sub-445_hippocampus_lh_aligned,TLE,left_TLE_sub-444_hippocampus_lh_aligned,TLE,0.5785
lh_TLE_aug_1283_SPHARM_ellalign.coef,TLE,left_TLE_sub-445_hippocampus_lh_aligned,TLE,left_TLE_sub-444_hippocampus_lh_aligned,TLE,0.6285
lh_TLE_aug_1284_SPHARM_ellalign.coef,TLE,left_TLE_sub-445_hippocampus_lh_aligned,TLE,left_TLE_sub-444_hippocampus_lh_aligned,TLE,0.7012
lh_TLE_aug_1285_SPHARM_ellalign.coef,TLE,left_TLE_sub-445_hippocampus_lh_aligned,TLE,left_TLE_sub-444_hippocampus_lh_aligned,TLE,0.7408
lh_TLE_aug_1286_SPHARM_ellalign.coef,TLE,left_TLE_sub-445_hippocampus_lh_aligned,TLE,left_TLE_sub-444_hippocampus_lh_aligned,TLE,0.7925
lh_TLE_aug_1287_SPHARM_ellalign.coef,TLE,left_TLE_sub-445_hippocampus_lh_aligned,TLE,left_TLE_sub-444_hippocampus_lh_aligned,TLE,0.8277
lh_TLE_aug_1288_SPHARM_ellalign.coef,TLE,left_TLE_sub-445_hippocampus_lh_aligned,TLE,left_TLE_sub-444_hippocampus_lh_aligned,TLE,0.8936
lh_TLE_aug_1289_SPHARM_ellalign.coef,TLE,left_TLE_sub-368_hippocampus_lh_aligned,TLE,left_TLE_sub-418_hippocampus_lh_aligned,TLE,0.0952
lh_TLE_aug_1290_SPHARM_ellalign.coef,TLE,left_TLE_sub-368_hippocampus_lh_aligned,TLE,left_TLE_sub-418_hippocampus_lh_aligned,TLE,0.1493
lh_TLE_aug_1291_SPHARM_ellalign.coef,TLE,left_TLE_sub-368_hippocampus_lh_aligned,TLE,left_TLE_sub-418_hippocampus_lh_aligned,TLE,0.2099
lh_TLE_aug_1292_SPHARM_ellalign.coef,TLE,left_TLE_sub-368_hippocampus_lh_aligned,TLE,left_TLE_sub-418_hippocampus_lh_aligned,TLE,0.2613
lh_TLE_aug_1293_SPHARM_ellalign.coef,TLE,left_TLE_sub-368_hippocampus_lh_aligned,TLE,left_TLE_sub-418_hippocampus_lh_aligned,TLE,0.3176
lh_TLE_aug_1294_SPHARM_ellalign.coef,TLE,left_TLE_sub-368_hippocampus_lh_aligned,TLE,left_TLE_sub-418_hippocampus_lh_aligned,TLE,0.3773
lh_TLE_aug_1295_SPHARM_ellalign.coef,TLE,left_TLE_sub-368_hippocampus_lh_aligned,TLE,left_TLE_sub-418_hippocampus_lh_aligned,TLE,0.4325
lh_TLE_aug_1296_SPHARM_ellalign.coef,TLE,left_TLE_sub-368_hippocampus_lh_aligned,TLE,left_TLE_sub-418_hippocampus_lh_aligned,TLE,0.4821
lh_TLE_aug_1297_SPHARM_ellalign.coef,TLE,left_TLE_sub-368_hippocampus_lh_aligned,TLE,left_TLE_sub-418_hippocampus_lh_aligned,TLE,0.5449
lh_TLE_aug_1298_SPHARM_ellalign.coef,TLE,left_TLE_sub-368_hippocampus_lh_aligned,TLE,left_TLE_sub-418_hippocampus_lh_aligned,TLE,0.5607
lh_TLE_aug_1299_SPHARM_ellalign.coef,TLE,left_TLE_sub-368_hippocampus_lh_aligned,TLE,left_TLE_sub-418_hippocampus_lh_aligned,TLE,0.6212
lh_TLE_aug_1300_SPHARM_ellalign.coef,TLE,left_TLE_sub-368_hippocampus_lh_aligned,TLE,left_TLE_sub-418_hippocampus_lh_aligned,TLE,0.6670
lh_TLE_aug_1301_SPHARM_ellalign.coef,TLE,left_TLE_sub-368_hippocampus_lh_aligned,TLE,left_TLE_sub-418_hippocampus_lh_aligned,TLE,0.7459
lh_TLE_aug_1302_SPHARM_ellalign.coef,TLE,left_TLE_sub-368_hippocampus_lh_aligned,TLE,left_TLE_sub-418_hippocampus_lh_aligned,TLE,0.8093
lh_TLE_aug_1303_SPHARM_ellalign.coef,TLE,left_TLE_sub-368_hippocampus_lh_aligned,TLE,left_TLE_sub-418_hippocampus_lh_aligned,TLE,0.8364
lh_TLE_aug_1304_SPHARM_ellalign.coef,TLE,left_TLE_sub-368_hippocampus_lh_aligned,TLE,left_TLE_sub-418_hippocampus_lh_aligned,TLE,0.9171
lh_TLE_aug_1305_SPHARM_ellalign.coef,TLE,left_TLE_sub-270_hippocampus_lh_aligned,TLE,left_TLE_sub-354_hippocampus_lh_aligned,TLE,0.0824
lh_TLE_aug_1306_SPHARM_ellalign.coef,TLE,left_TLE_sub-270_hippocampus_lh_aligned,TLE,left_TLE_sub-354_hippocampus_lh_aligned,TLE,0.1707
lh_TLE_aug_1307_SPHARM_ellalign.coef,TLE,left_TLE_sub-270_hippocampus_lh_aligned,TLE,left_TLE_sub-354_hippocampus_lh_aligned,TLE,0.2007
lh_TLE_aug_1308_SPHARM_ellalign.coef,TLE,left_TLE_sub-270_hippocampus_lh_aligned,TLE,left_TLE_sub-354_hippocampus_lh_aligned,TLE,0.2441
lh_TLE_aug_1309_SPHARM_ellalign.coef,TLE,left_TLE_sub-270_hippocampus_lh_aligned,TLE,left_TLE_sub-354_hippocampus_lh_aligned,TLE,0.3128
lh_TLE_aug_1310_SPHARM_ellalign.coef,TLE,left_TLE_sub-270_hippocampus_lh_aligned,TLE,left_TLE_sub-354_hippocampus_lh_aligned,TLE,0.3569
lh_TLE_aug_1311_SPHARM_ellalign.coef,TLE,left_TLE_sub-270_hippocampus_lh_aligned,TLE,left_TLE_sub-354_hippocampus_lh_aligned,TLE,0.4114
lh_TLE_aug_1312_SPHARM_ellalign.coef,TLE,left_TLE_sub-270_hippocampus_lh_aligned,TLE,left_TLE_sub-354_hippocampus_lh_aligned,TLE,0.4656
lh_TLE_aug_1313_SPHARM_ellalign.coef,TLE,left_TLE_sub-270_hippocampus_lh_aligned,TLE,left_TLE_sub-354_hippocampus_lh_aligned,TLE,0.5388
lh_TLE_aug_1314_SPHARM_ellalign.coef,TLE,left_TLE_sub-270_hippocampus_lh_aligned,TLE,left_TLE_sub-354_hippocampus_lh_aligned,TLE,0.5816
lh_TLE_aug_1315_SPHARM_ellalign.coef,TLE,left_TLE_sub-270_hippocampus_lh_aligned,TLE,left_TLE_sub-354_hippocampus_lh_aligned,TLE,0.6258
lh_TLE_aug_1316_SPHARM_ellalign.coef,TLE,left_TLE_sub-270_hippocampus_lh_aligned,TLE,left_TLE_sub-354_hippocampus_lh_aligned,TLE,0.6911
lh_TLE_aug_1317_SPHARM_ellalign.coef,TLE,left_TLE_sub-270_hippocampus_lh_aligned,TLE,left_TLE_sub-354_hippocampus_lh_aligned,TLE,0.7486
lh_TLE_aug_1318_SPHARM_ellalign.coef,TLE,left_TLE_sub-270_hippocampus_lh_aligned,TLE,left_TLE_sub-354_hippocampus_lh_aligned,TLE,0.7842
lh_TLE_aug_1319_SPHARM_ellalign.coef,TLE,left_TLE_sub-270_hippocampus_lh_aligned,TLE,left_TLE_sub-354_hippocampus_lh_aligned,TLE,0.8432
lh_TLE_aug_1320_SPHARM_ellalign.coef,TLE,left_TLE_sub-270_hippocampus_lh_aligned,TLE,left_TLE_sub-354_hippocampus_lh_aligned,TLE,0.8849
lh_TLE_aug_1321_SPHARM_ellalign.coef,TLE,left_TLE_sub-279_hippocampus_lh_aligned,TLE,left_TLE_sub-27872_hippocampus_lh_aligned,TLE,0.0872
lh_TLE_aug_1322_SPHARM_ellalign.coef,TLE,left_TLE_sub-279_hippocampus_lh_aligned,TLE,left_TLE_sub-27872_hippocampus_lh_aligned,TLE,0.1606
lh_TLE_aug_1323_SPHARM_ellalign.coef,TLE,left_TLE_sub-279_hippocampus_lh_aligned,TLE,left_TLE_sub-27872_hippocampus_lh_aligned,TLE,0.1939
lh_TLE_aug_1324_SPHARM_ellalign.coef,TLE,left_TLE_sub-279_hippocampus_lh_aligned,TLE,left_TLE_sub-27872_hippocampus_lh_aligned,TLE,0.2610
lh_TLE_aug_1325_SPHARM_ellalign.coef,TLE,left_TLE_sub-279_hippocampus_lh_aligned,TLE,left_TLE_sub-27872_hippocampus_lh_aligned,TLE,0.3217
lh_TLE_aug_1326_SPHARM_ellalign.coef,TLE,left_TLE_sub-279_hippocampus_lh_aligned,TLE,left_TLE_sub-27872_hippocampus_lh_aligned,TLE,0.3509
lh_TLE_aug_1327_SPHARM_ellalign.coef,TLE,left_TLE_sub-279_hippocampus_lh_aligned,TLE,left_TLE_sub-27872_hippocampus_lh_aligned,TLE,0.4227
lh_TLE_aug_1328_SPHARM_ellalign.coef,TLE,left_TLE_sub-279_hippocampus_lh_aligned,TLE,left_TLE_sub-27872_hippocampus_lh_aligned,TLE,0.4636
lh_TLE_aug_1329_SPHARM_ellalign.coef,TLE,left_TLE_sub-279_hippocampus_lh_aligned,TLE,left_TLE_sub-27872_hippocampus_lh_aligned,TLE,0.5452
lh_TLE_aug_1330_SPHARM_ellalign.coef,TLE,left_TLE_sub-279_hippocampus_lh_aligned,TLE,left_TLE_sub-27872_hippocampus_lh_aligned,TLE,0.5793
lh_TLE_aug_1331_SPHARM_ellalign.coef,TLE,left_TLE_sub-279_hippocampus_lh_aligned,TLE,left_TLE_sub-27872_hippocampus_lh_aligned,TLE,0.6456
lh_TLE_aug_1332_SPHARM_ellalign.coef,TLE,left_TLE_sub-279_hippocampus_lh_aligned,TLE,left_TLE_sub-27872_hippocampus_lh_aligned,TLE,0.6887
lh_TLE_aug_1333_SPHARM_ellalign.coef,TLE,left_TLE_sub-279_hippocampus_lh_aligned,TLE,left_TLE_sub-27872_hippocampus_lh_aligned,TLE,0.7217
lh_TLE_aug_1334_SPHARM_ellalign.coef,TLE,left_TLE_sub-279_hippocampus_lh_aligned,TLE,left_TLE_sub-27872_hippocampus_lh_aligned,TLE,0.7987
lh_TLE_aug_1335_SPHARM_ellalign.coef,TLE,left_TLE_sub-279_hippocampus_lh_aligned,TLE,left_TLE_sub-27872_hippocampus_lh_aligned,TLE,0.8647
lh_TLE_aug_1336_SPHARM_ellalign.coef,TLE,left_TLE_sub-279_hippocampus_lh_aligned,TLE,left_TLE_sub-27872_hippocampus_lh_aligned,TLE,0.9041
lh_TLE_aug_1337_SPHARM_ellalign.coef,TLE,left_TLE_sub-264_hippocampus_lh_aligned,TLE,left_TLE_sub-227_hippocampus_lh_aligned,TLE,0.1128
lh_TLE_aug_1338_SPHARM_ellalign.coef,TLE,left_TLE_sub-264_hippocampus_lh_aligned,TLE,left_TLE_sub-227_hippocampus_lh_aligned,TLE,0.1687
lh_TLE_aug_1339_SPHARM_ellalign.coef,TLE,left_TLE_sub-264_hippocampus_lh_aligned,TLE,left_TLE_sub-227_hippocampus_lh_aligned,TLE,0.1958
lh_TLE_aug_1340_SPHARM_ellalign.coef,TLE,left_TLE_sub-264_hippocampus_lh_aligned,TLE,left_TLE_sub-227_hippocampus_lh_aligned,TLE,0.2485
lh_TLE_aug_1341_SPHARM_ellalign.coef,TLE,left_TLE_sub-264_hippocampus_lh_aligned,TLE,left_TLE_sub-227_hippocampus_lh_aligned,TLE,0.3178
lh_TLE_aug_1342_SPHARM_ellalign.coef,TLE,left_TLE_sub-264_hippocampus_lh_aligned,TLE,left_TLE_sub-227_hippocampus_lh_aligned,TLE,0.3631
lh_TLE_aug_1343_SPHARM_ellalign.coef,TLE,left_TLE_sub-264_hippocampus_lh_aligned,TLE,left_TLE_sub-227_hippocampus_lh_aligned,TLE,0.4336
lh_TLE_aug_1344_SPHARM_ellalign.coef,TLE,left_TLE_sub-264_hippocampus_lh_aligned,TLE,left_TLE_sub-227_hippocampus_lh_aligned,TLE,0.4893
lh_TLE_aug_1345_SPHARM_ellalign.coef,TLE,left_TLE_sub-264_hippocampus_lh_aligned,TLE,left_TLE_sub-227_hippocampus_lh_aligned,TLE,0.5208
lh_TLE_aug_1346_SPHARM_ellalign.coef,TLE,left_TLE_sub-264_hippocampus_lh_aligned,TLE,left_TLE_sub-227_hippocampus_lh_aligned,TLE,0.5695
lh_TLE_aug_1347_SPHARM_ellalign.coef,TLE,left_TLE_sub-264_hippocampus_lh_aligned,TLE,left_TLE_sub-227_hippocampus_lh_aligned,TLE,0.6446
lh_TLE_aug_1348_SPHARM_ellalign.coef,TLE,left_TLE_sub-264_hippocampus_lh_aligned,TLE,left_TLE_sub-227_hippocampus_lh_aligned,TLE,0.6777
lh_TLE_aug_1349_SPHARM_ellalign.coef,TLE,left_TLE_sub-264_hippocampus_lh_aligned,TLE,left_TLE_sub-227_hippocampus_lh_aligned,TLE,0.7529
lh_TLE_aug_1350_SPHARM_ellalign.coef,TLE,left_TLE_sub-264_hippocampus_lh_aligned,TLE,left_TLE_sub-227_hippocampus_lh_aligned,TLE,0.7903
lh_TLE_aug_1351_SPHARM_ellalign.coef,TLE,left_TLE_sub-264_hippocampus_lh_aligned,TLE,left_TLE_sub-227_hippocampus_lh_aligned,TLE,0.8534
lh_TLE_aug_1352_SPHARM_ellalign.coef,TLE,left_TLE_sub-264_hippocampus_lh_aligned,TLE,left_TLE_sub-227_hippocampus_lh_aligned,TLE,0.8838
lh_TLE_aug_1353_SPHARM_ellalign.coef,TLE,left_TLE_sub-220_hippocampus_lh_aligned,TLE,left_TLE_sub-337_hippocampus_lh_aligned,TLE,0.1050
lh_TLE_aug_1354_SPHARM_ellalign.coef,TLE,left_TLE_sub-220_hippocampus_lh_aligned,TLE,left_TLE_sub-337_hippocampus_lh_aligned,TLE,0.1514
lh_TLE_aug_1355_SPHARM_ellalign.coef,TLE,left_TLE_sub-220_hippocampus_lh_aligned,TLE,left_TLE_sub-337_hippocampus_lh_aligned,TLE,0.2101
lh_TLE_aug_1356_SPHARM_ellalign.coef,TLE,left_TLE_sub-220_hippocampus_lh_aligned,TLE,left_TLE_sub-337_hippocampus_lh_aligned,TLE,0.2467
lh_TLE_aug_1357_SPHARM_ellalign.coef,TLE,left_TLE_sub-220_hippocampus_lh_aligned,TLE,left_TLE_sub-337_hippocampus_lh_aligned,TLE,0.3228
lh_TLE_aug_1358_SPHARM_ellalign.coef,TLE,left_TLE_sub-220_hippocampus_lh_aligned,TLE,left_TLE_sub-337_hippocampus_lh_aligned,TLE,0.3812
lh_TLE_aug_1359_SPHARM_ellalign.coef,TLE,left_TLE_sub-220_hippocampus_lh_aligned,TLE,left_TLE_sub-337_hippocampus_lh_aligned,TLE,0.4087
lh_TLE_aug_1360_SPHARM_ellalign.coef,TLE,left_TLE_sub-220_hippocampus_lh_aligned,TLE,left_TLE_sub-337_hippocampus_lh_aligned,TLE,0.4572
lh_TLE_aug_1361_SPHARM_ellalign.coef,TLE,left_TLE_sub-220_hippocampus_lh_aligned,TLE,left_TLE_sub-337_hippocampus_lh_aligned,TLE,0.5076
lh_TLE_aug_1362_SPHARM_ellalign.coef,TLE,left_TLE_sub-220_hippocampus_lh_aligned,TLE,left_TLE_sub-337_hippocampus_lh_aligned,TLE,0.5857
lh_TLE_aug_1363_SPHARM_ellalign.coef,TLE,left_TLE_sub-220_hippocampus_lh_aligned,TLE,left_TLE_sub-337_hippocampus_lh_aligned,TLE,0.6376
lh_TLE_aug_1364_SPHARM_ellalign.coef,TLE,left_TLE_sub-220_hippocampus_lh_aligned,TLE,left_TLE_sub-337_hippocampus_lh_aligned,TLE,0.6885
lh_TLE_aug_1365_SPHARM_ellalign.coef,TLE,left_TLE_sub-220_hippocampus_lh_aligned,TLE,left_TLE_sub-337_hippocampus_lh_aligned,TLE,0.7293
lh_TLE_aug_1366_SPHARM_ellalign.coef,TLE,left_TLE_sub-220_hippocampus_lh_aligned,TLE,left_TLE_sub-337_hippocampus_lh_aligned,TLE,0.7890
lh_TLE_aug_1367_SPHARM_ellalign.coef,TLE,left_TLE_sub-220_hippocampus_lh_aligned,TLE,left_TLE_sub-337_hippocampus_lh_aligned,TLE,0.8504
lh_TLE_aug_1368_SPHARM_ellalign.coef,TLE,left_TLE_sub-220_hippocampus_lh_aligned,TLE,left_TLE_sub-337_hippocampus_lh_aligned,TLE,0.8999
lh_TLE_aug_1369_SPHARM_ellalign.coef,TLE,left_TLE_sub-251_hippocampus_lh_aligned,TLE,left_TLE_sub-118_hippocampus_lh_aligned,TLE,0.1195
lh_TLE_aug_1370_SPHARM_ellalign.coef,TLE,left_TLE_sub-251_hippocampus_lh_aligned,TLE,left_TLE_sub-118_hippocampus_lh_aligned,TLE,0.1388
lh_TLE_aug_1371_SPHARM_ellalign.coef,TLE,left_TLE_sub-251_hippocampus_lh_aligned,TLE,left_TLE_sub-118_hippocampus_lh_aligned,TLE,0.2145
lh_TLE_aug_1372_SPHARM_ellalign.coef,TLE,left_TLE_sub-251_hippocampus_lh_aligned,TLE,left_TLE_sub-118_hippocampus_lh_aligned,TLE,0.2562
lh_TLE_aug_1373_SPHARM_ellalign.coef,TLE,left_TLE_sub-251_hippocampus_lh_aligned,TLE,left_TLE_sub-118_hippocampus_lh_aligned,TLE,0.3105
lh_TLE_aug_1374_SPHARM_ellalign.coef,TLE,left_TLE_sub-251_hippocampus_lh_aligned,TLE,left_TLE_sub-118_hippocampus_lh_aligned,TLE,0.3754
lh_TLE_aug_1375_SPHARM_ellalign.coef,TLE,left_TLE_sub-251_hippocampus_lh_aligned,TLE,left_TLE_sub-118_hippocampus_lh_aligned,TLE,0.4277
lh_TLE_aug_1376_SPHARM_ellalign.coef,TLE,left_TLE_sub-251_hippocampus_lh_aligned,TLE,left_TLE_sub-118_hippocampus_lh_aligned,TLE,0.4930
lh_TLE_aug_1377_SPHARM_ellalign.coef,TLE,left_TLE_sub-251_hippocampus_lh_aligned,TLE,left_TLE_sub-118_hippocampus_lh_aligned,TLE,0.5118
lh_TLE_aug_1378_SPHARM_ellalign.coef,TLE,left_TLE_sub-251_hippocampus_lh_aligned,TLE,left_TLE_sub-118_hippocampus_lh_aligned,TLE,0.5642
lh_TLE_aug_1379_SPHARM_ellalign.coef,TLE,left_TLE_sub-251_hippocampus_lh_aligned,TLE,left_TLE_sub-118_hippocampus_lh_aligned,TLE,0.6423
lh_TLE_aug_1380_SPHARM_ellalign.coef,TLE,left_TLE_sub-251_hippocampus_lh_aligned,TLE,left_TLE_sub-118_hippocampus_lh_aligned,TLE,0.6898
lh_TLE_aug_1381_SPHARM_ellalign.coef,TLE,left_TLE_sub-251_hippocampus_lh_aligned,TLE,left_TLE_sub-118_hippocampus_lh_aligned,TLE,0.7310
lh_TLE_aug_1382_SPHARM_ellalign.coef,TLE,left_TLE_sub-251_hippocampus_lh_aligned,TLE,left_TLE_sub-118_hippocampus_lh_aligned,TLE,0.7765
lh_TLE_aug_1383_SPHARM_ellalign.coef,TLE,left_TLE_sub-251_hippocampus_lh_aligned,TLE,left_TLE_sub-118_hippocampus_lh_aligned,TLE,0.8301
lh_TLE_aug_1384_SPHARM_ellalign.coef,TLE,left_TLE_sub-251_hippocampus_lh_aligned,TLE,left_TLE_sub-118_hippocampus_lh_aligned,TLE,0.9158
lh_TLE_aug_1385_SPHARM_ellalign.coef,TLE,left_TLE_sub-401_hippocampus_lh_aligned,TLE,left_TLE_sub-154_hippocampus_lh_aligned,TLE,0.0877
lh_TLE_aug_1386_SPHARM_ellalign.coef,TLE,left_TLE_sub-401_hippocampus_lh_aligned,TLE,left_TLE_sub-154_hippocampus_lh_aligned,TLE,0.1463
lh_TLE_aug_1387_SPHARM_ellalign.coef,TLE,left_TLE_sub-401_hippocampus_lh_aligned,TLE,left_TLE_sub-154_hippocampus_lh_aligned,TLE,0.1957
lh_TLE_aug_1388_SPHARM_ellalign.coef,TLE,left_TLE_sub-401_hippocampus_lh_aligned,TLE,left_TLE_sub-154_hippocampus_lh_aligned,TLE,0.2542
lh_TLE_aug_1389_SPHARM_ellalign.coef,TLE,left_TLE_sub-401_hippocampus_lh_aligned,TLE,left_TLE_sub-154_hippocampus_lh_aligned,TLE,0.2961
lh_TLE_aug_1390_SPHARM_ellalign.coef,TLE,left_TLE_sub-401_hippocampus_lh_aligned,TLE,left_TLE_sub-154_hippocampus_lh_aligned,TLE,0.3674
lh_TLE_aug_1391_SPHARM_ellalign.coef,TLE,left_TLE_sub-401_hippocampus_lh_aligned,TLE,left_TLE_sub-154_hippocampus_lh_aligned,TLE,0.4027
lh_TLE_aug_1392_SPHARM_ellalign.coef,TLE,left_TLE_sub-401_hippocampus_lh_aligned,TLE,left_TLE_sub-154_hippocampus_lh_aligned,TLE,0.4853
lh_TLE_aug_1393_SPHARM_ellalign.coef,TLE,left_TLE_sub-401_hippocampus_lh_aligned,TLE,left_TLE_sub-154_hippocampus_lh_aligned,TLE,0.5160
lh_TLE_aug_1394_SPHARM_ellalign.coef,TLE,left_TLE_sub-401_hippocampus_lh_aligned,TLE,left_TLE_sub-154_hippocampus_lh_aligned,TLE,0.5816
lh_TLE_aug_1395_SPHARM_ellalign.coef,TLE,left_TLE_sub-401_hippocampus_lh_aligned,TLE,left_TLE_sub-154_hippocampus_lh_aligned,TLE,0.6485
lh_TLE_aug_1396_SPHARM_ellalign.coef,TLE,left_TLE_sub-401_hippocampus_lh_aligned,TLE,left_TLE_sub-154_hippocampus_lh_aligned,TLE,0.6927
lh_TLE_aug_1397_SPHARM_ellalign.coef,TLE,left_TLE_sub-401_hippocampus_lh_aligned,TLE,left_TLE_sub-154_hippocampus_lh_aligned,TLE,0.7413
lh_TLE_aug_1398_SPHARM_ellalign.coef,TLE,left_TLE_sub-401_hippocampus_lh_aligned,TLE,left_TLE_sub-154_hippocampus_lh_aligned,TLE,0.7863
lh_TLE_aug_1399_SPHARM_ellalign.coef,TLE,left_TLE_sub-401_hippocampus_lh_aligned,TLE,left_TLE_sub-154_hippocampus_lh_aligned,TLE,0.8400
lh_TLE_aug_1400_SPHARM_ellalign.coef,TLE,left_TLE_sub-401_hippocampus_lh_aligned,TLE,left_TLE_sub-154_hippocampus_lh_aligned,TLE,0.9068
lh_TLE_aug_1401_SPHARM_ellalign.coef,TLE,left_TLE_sub-452_hippocampus_lh_aligned,TLE,left_TLE_sub-71_hippocampus_lh_aligned,TLE,0.1198
lh_TLE_aug_1402_SPHARM_ellalign.coef,TLE,left_TLE_sub-452_hippocampus_lh_aligned,TLE,left_TLE_sub-71_hippocampus_lh_aligned,TLE,0.1598
lh_TLE_aug_1403_SPHARM_ellalign.coef,TLE,left_TLE_sub-452_hippocampus_lh_aligned,TLE,left_TLE_sub-71_hippocampus_lh_aligned,TLE,0.2090
lh_TLE_aug_1404_SPHARM_ellalign.coef,TLE,left_TLE_sub-452_hippocampus_lh_aligned,TLE,left_TLE_sub-71_hippocampus_lh_aligned,TLE,0.2692
lh_TLE_aug_1405_SPHARM_ellalign.coef,TLE,left_TLE_sub-452_hippocampus_lh_aligned,TLE,left_TLE_sub-71_hippocampus_lh_aligned,TLE,0.3119
lh_TLE_aug_1406_SPHARM_ellalign.coef,TLE,left_TLE_sub-452_hippocampus_lh_aligned,TLE,left_TLE_sub-71_hippocampus_lh_aligned,TLE,0.3491
lh_TLE_aug_1407_SPHARM_ellalign.coef,TLE,left_TLE_sub-452_hippocampus_lh_aligned,TLE,left_TLE_sub-71_hippocampus_lh_aligned,TLE,0.4225
lh_TLE_aug_1408_SPHARM_ellalign.coef,TLE,left_TLE_sub-452_hippocampus_lh_aligned,TLE,left_TLE_sub-71_hippocampus_lh_aligned,TLE,0.4916
lh_TLE_aug_1409_SPHARM_ellalign.coef,TLE,left_TLE_sub-452_hippocampus_lh_aligned,TLE,left_TLE_sub-71_hippocampus_lh_aligned,TLE,0.5137
lh_TLE_aug_1410_SPHARM_ellalign.coef,TLE,left_TLE_sub-452_hippocampus_lh_aligned,TLE,left_TLE_sub-71_hippocampus_lh_aligned,TLE,0.5876
lh_TLE_aug_1411_SPHARM_ellalign.coef,TLE,left_TLE_sub-452_hippocampus_lh_aligned,TLE,left_TLE_sub-71_hippocampus_lh_aligned,TLE,0.6214
lh_TLE_aug_1412_SPHARM_ellalign.coef,TLE,left_TLE_sub-452_hippocampus_lh_aligned,TLE,left_TLE_sub-71_hippocampus_lh_aligned,TLE,0.6881
lh_TLE_aug_1413_SPHARM_ellalign.coef,TLE,left_TLE_sub-452_hippocampus_lh_aligned,TLE,left_TLE_sub-71_hippocampus_lh_aligned,TLE,0.7239
lh_TLE_aug_1414_SPHARM_ellalign.coef,TLE,left_TLE_sub-452_hippocampus_lh_aligned,TLE,left_TLE_sub-71_hippocampus_lh_aligned,TLE,0.7913
lh_TLE_aug_1415_SPHARM_ellalign.coef,TLE,left_TLE_sub-452_hippocampus_lh_aligned,TLE,left_TLE_sub-71_hippocampus_lh_aligned,TLE,0.8569
lh_TLE_aug_1416_SPHARM_ellalign.coef,TLE,left_TLE_sub-452_hippocampus_lh_aligned,TLE,left_TLE_sub-71_hippocampus_lh_aligned,TLE,0.8939
lh_TLE_aug_1417_SPHARM_ellalign.coef,TLE,left_TLE_sub-93_hippocampus_lh_aligned,TLE,left_TLE_sub-186_hippocampus_lh_aligned,TLE,0.1066
lh_TLE_aug_1418_SPHARM_ellalign.coef,TLE,left_TLE_sub-93_hippocampus_lh_aligned,TLE,left_TLE_sub-186_hippocampus_lh_aligned,TLE,0.1652
lh_TLE_aug_1419_SPHARM_ellalign.coef,TLE,left_TLE_sub-93_hippocampus_lh_aligned,TLE,left_TLE_sub-186_hippocampus_lh_aligned,TLE,0.2238
lh_TLE_aug_1420_SPHARM_ellalign.coef,TLE,left_TLE_sub-93_hippocampus_lh_aligned,TLE,left_TLE_sub-186_hippocampus_lh_aligned,TLE,0.2494
lh_TLE_aug_1421_SPHARM_ellalign.coef,TLE,left_TLE_sub-93_hippocampus_lh_aligned,TLE,left_TLE_sub-186_hippocampus_lh_aligned,TLE,0.3093
lh_TLE_aug_1422_SPHARM_ellalign.coef,TLE,left_TLE_sub-93_hippocampus_lh_aligned,TLE,left_TLE_sub-186_hippocampus_lh_aligned,TLE,0.3528
lh_TLE_aug_1423_SPHARM_ellalign.coef,TLE,left_TLE_sub-93_hippocampus_lh_aligned,TLE,left_TLE_sub-186_hippocampus_lh_aligned,TLE,0.4397
lh_TLE_aug_1424_SPHARM_ellalign.coef,TLE,left_TLE_sub-93_hippocampus_lh_aligned,TLE,left_TLE_sub-186_hippocampus_lh_aligned,TLE,0.4904
lh_TLE_aug_1425_SPHARM_ellalign.coef,TLE,left_TLE_sub-93_hippocampus_lh_aligned,TLE,left_TLE_sub-186_hippocampus_lh_aligned,TLE,0.5283
lh_TLE_aug_1426_SPHARM_ellalign.coef,TLE,left_TLE_sub-93_hippocampus_lh_aligned,TLE,left_TLE_sub-186_hippocampus_lh_aligned,TLE,0.5937
lh_TLE_aug_1427_SPHARM_ellalign.coef,TLE,left_TLE_sub-93_hippocampus_lh_aligned,TLE,left_TLE_sub-186_hippocampus_lh_aligned,TLE,0.6342
lh_TLE_aug_1428_SPHARM_ellalign.coef,TLE,left_TLE_sub-93_hippocampus_lh_aligned,TLE,left_TLE_sub-186_hippocampus_lh_aligned,TLE,0.6916
lh_TLE_aug_1429_SPHARM_ellalign.coef,TLE,left_TLE_sub-93_hippocampus_lh_aligned,TLE,left_TLE_sub-186_hippocampus_lh_aligned,TLE,0.7236
lh_TLE_aug_1430_SPHARM_ellalign.coef,TLE,left_TLE_sub-93_hippocampus_lh_aligned,TLE,left_TLE_sub-186_hippocampus_lh_aligned,TLE,0.8035
lh_TLE_aug_1431_SPHARM_ellalign.coef,TLE,left_TLE_sub-93_hippocampus_lh_aligned,TLE,left_TLE_sub-186_hippocampus_lh_aligned,TLE,0.8318
lh_TLE_aug_1432_SPHARM_ellalign.coef,TLE,left_TLE_sub-93_hippocampus_lh_aligned,TLE,left_TLE_sub-186_hippocampus_lh_aligned,TLE,0.9130
lh_TLE_aug_1433_SPHARM_ellalign.coef,TLE,left_TLE_sub-196_hippocampus_lh_aligned,TLE,left_TLE_sub-420_hippocampus_lh_aligned,TLE,0.1113
lh_TLE_aug_1434_SPHARM_ellalign.coef,TLE,left_TLE_sub-196_hippocampus_lh_aligned,TLE,left_TLE_sub-420_hippocampus_lh_aligned,TLE,0.1617
lh_TLE_aug_1435_SPHARM_ellalign.coef,TLE,left_TLE_sub-196_hippocampus_lh_aligned,TLE,left_TLE_sub-420_hippocampus_lh_aligned,TLE,0.1881
lh_TLE_aug_1436_SPHARM_ellalign.coef,TLE,left_TLE_sub-196_hippocampus_lh_aligned,TLE,left_TLE_sub-420_hippocampus_lh_aligned,TLE,0.2521
lh_TLE_aug_1437_SPHARM_ellalign.coef,TLE,left_TLE_sub-196_hippocampus_lh_aligned,TLE,left_TLE_sub-420_hippocampus_lh_aligned,TLE,0.3039
lh_TLE_aug_1438_SPHARM_ellalign.coef,TLE,left_TLE_sub-196_hippocampus_lh_aligned,TLE,left_TLE_sub-420_hippocampus_lh_aligned,TLE,0.3611
lh_TLE_aug_1439_SPHARM_ellalign.coef,TLE,left_TLE_sub-196_hippocampus_lh_aligned,TLE,left_TLE_sub-420_hippocampus_lh_aligned,TLE,0.4035
lh_TLE_aug_1440_SPHARM_ellalign.coef,TLE,left_TLE_sub-196_hippocampus_lh_aligned,TLE,left_TLE_sub-420_hippocampus_lh_aligned,TLE,0.4908
lh_TLE_aug_1441_SPHARM_ellalign.coef,TLE,left_TLE_sub-196_hippocampus_lh_aligned,TLE,left_TLE_sub-420_hippocampus_lh_aligned,TLE,0.5288
lh_TLE_aug_1442_SPHARM_ellalign.coef,TLE,left_TLE_sub-196_hippocampus_lh_aligned,TLE,left_TLE_sub-420_hippocampus_lh_aligned,TLE,0.5722
lh_TLE_aug_1443_SPHARM_ellalign.coef,TLE,left_TLE_sub-196_hippocampus_lh_aligned,TLE,left_TLE_sub-420_hippocampus_lh_aligned,TLE,0.6292
lh_TLE_aug_1444_SPHARM_ellalign.coef,TLE,left_TLE_sub-196_hippocampus_lh_aligned,TLE,left_TLE_sub-420_hippocampus_lh_aligned,TLE,0.6846
lh_TLE_aug_1445_SPHARM_ellalign.coef,TLE,left_TLE_sub-196_hippocampus_lh_aligned,TLE,left_TLE_sub-420_hippocampus_lh_aligned,TLE,0.7440
lh_TLE_aug_1446_SPHARM_ellalign.coef,TLE,left_TLE_sub-196_hippocampus_lh_aligned,TLE,left_TLE_sub-420_hippocampus_lh_aligned,TLE,0.7940
lh_TLE_aug_1447_SPHARM_ellalign.coef,TLE,left_TLE_sub-196_hippocampus_lh_aligned,TLE,left_TLE_sub-420_hippocampus_lh_aligned,TLE,0.8634
lh_TLE_aug_1448_SPHARM_ellalign.coef,TLE,left_TLE_sub-196_hippocampus_lh_aligned,TLE,left_TLE_sub-420_hippocampus_lh_aligned,TLE,0.8999
lh_TLE_aug_1449_SPHARM_ellalign.coef,TLE,left_TLE_sub-267_hippocampus_lh_aligned,TLE,left_TLE_sub-273_hippocampus_lh_aligned,TLE,0.1197
lh_TLE_aug_1450_SPHARM_ellalign.coef,TLE,left_TLE_sub-267_hippocampus_lh_aligned,TLE,left_TLE_sub-273_hippocampus_lh_aligned,TLE,0.1674
lh_TLE_aug_1451_SPHARM_ellalign.coef,TLE,left_TLE_sub-267_hippocampus_lh_aligned,TLE,left_TLE_sub-273_hippocampus_lh_aligned,TLE,0.1950
lh_TLE_aug_1452_SPHARM_ellalign.coef,TLE,left_TLE_sub-267_hippocampus_lh_aligned,TLE,left_TLE_sub-273_hippocampus_lh_aligned,TLE,0.2772
lh_TLE_aug_1453_SPHARM_ellalign.coef,TLE,left_TLE_sub-267_hippocampus_lh_aligned,TLE,left_TLE_sub-273_hippocampus_lh_aligned,TLE,0.2980
lh_TLE_aug_1454_SPHARM_ellalign.coef,TLE,left_TLE_sub-267_hippocampus_lh_aligned,TLE,left_TLE_sub-273_hippocampus_lh_aligned,TLE,0.3794
lh_TLE_aug_1455_SPHARM_ellalign.coef,TLE,left_TLE_sub-267_hippocampus_lh_aligned,TLE,left_TLE_sub-273_hippocampus_lh_aligned,TLE,0.4152
lh_TLE_aug_1456_SPHARM_ellalign.coef,TLE,left_TLE_sub-267_hippocampus_lh_aligned,TLE,left_TLE_sub-273_hippocampus_lh_aligned,TLE,0.4885
lh_TLE_aug_1457_SPHARM_ellalign.coef,TLE,left_TLE_sub-267_hippocampus_lh_aligned,TLE,left_TLE_sub-273_hippocampus_lh_aligned,TLE,0.5414
lh_TLE_aug_1458_SPHARM_ellalign.coef,TLE,left_TLE_sub-267_hippocampus_lh_aligned,TLE,left_TLE_sub-273_hippocampus_lh_aligned,TLE,0.5922
lh_TLE_aug_1459_SPHARM_ellalign.coef,TLE,left_TLE_sub-267_hippocampus_lh_aligned,TLE,left_TLE_sub-273_hippocampus_lh_aligned,TLE,0.6449
lh_TLE_aug_1460_SPHARM_ellalign.coef,TLE,left_TLE_sub-267_hippocampus_lh_aligned,TLE,left_TLE_sub-273_hippocampus_lh_aligned,TLE,0.6789
lh_TLE_aug_1461_SPHARM_ellalign.coef,TLE,left_TLE_sub-267_hippocampus_lh_aligned,TLE,left_TLE_sub-273_hippocampus_lh_aligned,TLE,0.7232
lh_TLE_aug_1462_SPHARM_ellalign.coef,TLE,left_TLE_sub-267_hippocampus_lh_aligned,TLE,left_TLE_sub-273_hippocampus_lh_aligned,TLE,0.7895
lh_TLE_aug_1463_SPHARM_ellalign.coef,TLE,left_TLE_sub-267_hippocampus_lh_aligned,TLE,left_TLE_sub-273_hippocampus_lh_aligned,TLE,0.8336
lh_TLE_aug_1464_SPHARM_ellalign.coef,TLE,left_TLE_sub-267_hippocampus_lh_aligned,TLE,left_TLE_sub-273_hippocampus_lh_aligned,TLE,0.9078
lh_TLE_aug_1465_SPHARM_ellalign.coef,TLE,left_TLE_sub-27974_hippocampus_lh_aligned,TLE,left_TLE_sub-205_hippocampus_lh_aligned,TLE,0.0938
lh_TLE_aug_1466_SPHARM_ellalign.coef,TLE,left_TLE_sub-27974_hippocampus_lh_aligned,TLE,left_TLE_sub-205_hippocampus_lh_aligned,TLE,0.1724
lh_TLE_aug_1467_SPHARM_ellalign.coef,TLE,left_TLE_sub-27974_hippocampus_lh_aligned,TLE,left_TLE_sub-205_hippocampus_lh_aligned,TLE,0.2123
lh_TLE_aug_1468_SPHARM_ellalign.coef,TLE,left_TLE_sub-27974_hippocampus_lh_aligned,TLE,left_TLE_sub-205_hippocampus_lh_aligned,TLE,0.2729
lh_TLE_aug_1469_SPHARM_ellalign.coef,TLE,left_TLE_sub-27974_hippocampus_lh_aligned,TLE,left_TLE_sub-205_hippocampus_lh_aligned,TLE,0.2986
lh_TLE_aug_1470_SPHARM_ellalign.coef,TLE,left_TLE_sub-27974_hippocampus_lh_aligned,TLE,left_TLE_sub-205_hippocampus_lh_aligned,TLE,0.3811
lh_TLE_aug_1471_SPHARM_ellalign.coef,TLE,left_TLE_sub-27974_hippocampus_lh_aligned,TLE,left_TLE_sub-205_hippocampus_lh_aligned,TLE,0.4369
lh_TLE_aug_1472_SPHARM_ellalign.coef,TLE,left_TLE_sub-27974_hippocampus_lh_aligned,TLE,left_TLE_sub-205_hippocampus_lh_aligned,TLE,0.4728
lh_TLE_aug_1473_SPHARM_ellalign.coef,TLE,left_TLE_sub-27974_hippocampus_lh_aligned,TLE,left_TLE_sub-205_hippocampus_lh_aligned,TLE,0.5309
lh_TLE_aug_1474_SPHARM_ellalign.coef,TLE,left_TLE_sub-27974_hippocampus_lh_aligned,TLE,left_TLE_sub-205_hippocampus_lh_aligned,TLE,0.5906
lh_TLE_aug_1475_SPHARM_ellalign.coef,TLE,left_TLE_sub-27974_hippocampus_lh_aligned,TLE,left_TLE_sub-205_hippocampus_lh_aligned,TLE,0.6203
lh_TLE_aug_1476_SPHARM_ellalign.coef,TLE,left_TLE_sub-27974_hippocampus_lh_aligned,TLE,left_TLE_sub-205_hippocampus_lh_aligned,TLE,0.6868
lh_TLE_aug_1477_SPHARM_ellalign.coef,TLE,left_TLE_sub-27974_hippocampus_lh_aligned,TLE,left_TLE_sub-205_hippocampus_lh_aligned,TLE,0.7359
lh_TLE_aug_1478_SPHARM_ellalign.coef,TLE,left_TLE_sub-27974_hippocampus_lh_aligned,TLE,left_TLE_sub-205_hippocampus_lh_aligned,TLE,0.7792
lh_TLE_aug_1479_SPHARM_ellalign.coef,TLE,left_TLE_sub-27974_hippocampus_lh_aligned,TLE,left_TLE_sub-205_hippocampus_lh_aligned,TLE,0.8414
lh_TLE_aug_1480_SPHARM_ellalign.coef,TLE,left_TLE_sub-27974_hippocampus_lh_aligned,TLE,left_TLE_sub-205_hippocampus_lh_aligned,TLE,0.8827
lh_TLE_aug_1481_SPHARM_ellalign.coef,TLE,left_TLE_sub-35353_hippocampus_lh_aligned,TLE,left_TLE_sub-167_hippocampus_lh_aligned,TLE,0.0810
lh_TLE_aug_1482_SPHARM_ellalign.coef,TLE,left_TLE_sub-35353_hippocampus_lh_aligned,TLE,left_TLE_sub-167_hippocampus_lh_aligned,TLE,0.1387
lh_TLE_aug_1483_SPHARM_ellalign.coef,TLE,left_TLE_sub-35353_hippocampus_lh_aligned,TLE,left_TLE_sub-167_hippocampus_lh_aligned,TLE,0.2252
lh_TLE_aug_1484_SPHARM_ellalign.coef,TLE,left_TLE_sub-35353_hippocampus_lh_aligned,TLE,left_TLE_sub-167_hippocampus_lh_aligned,TLE,0.2620
lh_TLE_aug_1485_SPHARM_ellalign.coef,TLE,left_TLE_sub-35353_hippocampus_lh_aligned,TLE,left_TLE_sub-167_hippocampus_lh_aligned,TLE,0.3320
lh_TLE_aug_1486_SPHARM_ellalign.coef,TLE,left_TLE_sub-35353_hippocampus_lh_aligned,TLE,left_TLE_sub-167_hippocampus_lh_aligned,TLE,0.3640
lh_TLE_aug_1487_SPHARM_ellalign.coef,TLE,left_TLE_sub-35353_hippocampus_lh_aligned,TLE,left_TLE_sub-167_hippocampus_lh_aligned,TLE,0.4125
lh_TLE_aug_1488_SPHARM_ellalign.coef,TLE,left_TLE_sub-35353_hippocampus_lh_aligned,TLE,left_TLE_sub-167_hippocampus_lh_aligned,TLE,0.4736
lh_TLE_aug_1489_SPHARM_ellalign.coef,TLE,left_TLE_sub-35353_hippocampus_lh_aligned,TLE,left_TLE_sub-167_hippocampus_lh_aligned,TLE,0.5242
lh_TLE_aug_1490_SPHARM_ellalign.coef,TLE,left_TLE_sub-35353_hippocampus_lh_aligned,TLE,left_TLE_sub-167_hippocampus_lh_aligned,TLE,0.5642
lh_TLE_aug_1491_SPHARM_ellalign.coef,TLE,left_TLE_sub-35353_hippocampus_lh_aligned,TLE,left_TLE_sub-167_hippocampus_lh_aligned,TLE,0.6390
lh_TLE_aug_1492_SPHARM_ellalign.coef,TLE,left_TLE_sub-35353_hippocampus_lh_aligned,TLE,left_TLE_sub-167_hippocampus_lh_aligned,TLE,0.6753
lh_TLE_aug_1493_SPHARM_ellalign.coef,TLE,left_TLE_sub-35353_hippocampus_lh_aligned,TLE,left_TLE_sub-167_hippocampus_lh_aligned,TLE,0.7448
lh_TLE_aug_1494_SPHARM_ellalign.coef,TLE,left_TLE_sub-35353_hippocampus_lh_aligned,TLE,left_TLE_sub-167_hippocampus_lh_aligned,TLE,0.7993
lh_TLE_aug_1495_SPHARM_ellalign.coef,TLE,left_TLE_sub-35353_hippocampus_lh_aligned,TLE,left_TLE_sub-167_hippocampus_lh_aligned,TLE,0.8327
lh_TLE_aug_1496_SPHARM_ellalign.coef,TLE,left_TLE_sub-35353_hippocampus_lh_aligned,TLE,left_TLE_sub-167_hippocampus_lh_aligned,TLE,0.8825
lh_TLE_aug_1497_SPHARM_ellalign.coef,TLE,left_TLE_sub-36737_hippocampus_lh_aligned,TLE,left_TLE_sub-36866_hippocampus_lh_aligned,TLE,0.1112
lh_TLE_aug_1498_SPHARM_ellalign.coef,TLE,left_TLE_sub-36737_hippocampus_lh_aligned,TLE,left_TLE_sub-36866_hippocampus_lh_aligned,TLE,0.1517
lh_TLE_aug_1499_SPHARM_ellalign.coef,TLE,left_TLE_sub-36737_hippocampus_lh_aligned,TLE,left_TLE_sub-36866_hippocampus_lh_aligned,TLE,0.1890
lh_TLE_aug_1500_SPHARM_ellalign.coef,TLE,left_TLE_sub-36737_hippocampus_lh_aligned,TLE,left_TLE_sub-36866_hippocampus_lh_aligned,TLE,0.2798
lh_TLE_aug_1501_SPHARM_ellalign.coef,TLE,left_TLE_sub-36737_hippocampus_lh_aligned,TLE,left_TLE_sub-36866_hippocampus_lh_aligned,TLE,0.2956
lh_TLE_aug_1502_SPHARM_ellalign.coef,TLE,left_TLE_sub-36737_hippocampus_lh_aligned,TLE,left_TLE_sub-36866_hippocampus_lh_aligned,TLE,0.3745
lh_TLE_aug_1503_SPHARM_ellalign.coef,TLE,left_TLE_sub-36737_hippocampus_lh_aligned,TLE,left_TLE_sub-36866_hippocampus_lh_aligned,TLE,0.4393
lh_TLE_aug_1504_SPHARM_ellalign.coef,TLE,left_TLE_sub-36737_hippocampus_lh_aligned,TLE,left_TLE_sub-36866_hippocampus_lh_aligned,TLE,0.4629
lh_TLE_aug_1505_SPHARM_ellalign.coef,TLE,left_TLE_sub-36737_hippocampus_lh_aligned,TLE,left_TLE_sub-36866_hippocampus_lh_aligned,TLE,0.5124
lh_TLE_aug_1506_SPHARM_ellalign.coef,TLE,left_TLE_sub-36737_hippocampus_lh_aligned,TLE,left_TLE_sub-36866_hippocampus_lh_aligned,TLE,0.5649
lh_TLE_aug_1507_SPHARM_ellalign.coef,TLE,left_TLE_sub-36737_hippocampus_lh_aligned,TLE,left_TLE_sub-36866_hippocampus_lh_aligned,TLE,0.6255
lh_TLE_aug_1508_SPHARM_ellalign.coef,TLE,left_TLE_sub-36737_hippocampus_lh_aligned,TLE,left_TLE_sub-36866_hippocampus_lh_aligned,TLE,0.6707
lh_TLE_aug_1509_SPHARM_ellalign.coef,TLE,left_TLE_sub-36737_hippocampus_lh_aligned,TLE,left_TLE_sub-36866_hippocampus_lh_aligned,TLE,0.7477
lh_TLE_aug_1510_SPHARM_ellalign.coef,TLE,left_TLE_sub-36737_hippocampus_lh_aligned,TLE,left_TLE_sub-36866_hippocampus_lh_aligned,TLE,0.7758
lh_TLE_aug_1511_SPHARM_ellalign.coef,TLE,left_TLE_sub-36737_hippocampus_lh_aligned,TLE,left_TLE_sub-36866_hippocampus_lh_aligned,TLE,0.8470
lh_TLE_aug_1512_SPHARM_ellalign.coef,TLE,left_TLE_sub-36737_hippocampus_lh_aligned,TLE,left_TLE_sub-36866_hippocampus_lh_aligned,TLE,0.9199
lh_TLE_aug_1513_SPHARM_ellalign.coef,TLE,left_TLE_sub-68_hippocampus_lh_aligned,TLE,left_TLE_sub-34736_hippocampus_lh_aligned,TLE,0.1126
lh_TLE_aug_1514_SPHARM_ellalign.coef,TLE,left_TLE_sub-68_hippocampus_lh_aligned,TLE,left_TLE_sub-34736_hippocampus_lh_aligned,TLE,0.1579
lh_TLE_aug_1515_SPHARM_ellalign.coef,TLE,left_TLE_sub-68_hippocampus_lh_aligned,TLE,left_TLE_sub-34736_hippocampus_lh_aligned,TLE,0.1989
lh_TLE_aug_1516_SPHARM_ellalign.coef,TLE,left_TLE_sub-68_hippocampus_lh_aligned,TLE,left_TLE_sub-34736_hippocampus_lh_aligned,TLE,0.2650
lh_TLE_aug_1517_SPHARM_ellalign.coef,TLE,left_TLE_sub-68_hippocampus_lh_aligned,TLE,left_TLE_sub-34736_hippocampus_lh_aligned,TLE,0.3144
lh_TLE_aug_1518_SPHARM_ellalign.coef,TLE,left_TLE_sub-68_hippocampus_lh_aligned,TLE,left_TLE_sub-34736_hippocampus_lh_aligned,TLE,0.3637
lh_TLE_aug_1519_SPHARM_ellalign.coef,TLE,left_TLE_sub-68_hippocampus_lh_aligned,TLE,left_TLE_sub-34736_hippocampus_lh_aligned,TLE,0.4052
lh_TLE_aug_1520_SPHARM_ellalign.coef,TLE,left_TLE_sub-68_hippocampus_lh_aligned,TLE,left_TLE_sub-34736_hippocampus_lh_aligned,TLE,0.4888
lh_TLE_aug_1521_SPHARM_ellalign.coef,TLE,left_TLE_sub-68_hippocampus_lh_aligned,TLE,left_TLE_sub-34736_hippocampus_lh_aligned,TLE,0.5247
lh_TLE_aug_1522_SPHARM_ellalign.coef,TLE,left_TLE_sub-68_hippocampus_lh_aligned,TLE,left_TLE_sub-34736_hippocampus_lh_aligned,TLE,0.5678
lh_TLE_aug_1523_SPHARM_ellalign.coef,TLE,left_TLE_sub-68_hippocampus_lh_aligned,TLE,left_TLE_sub-34736_hippocampus_lh_aligned,TLE,0.6280
lh_TLE_aug_1524_SPHARM_ellalign.coef,TLE,left_TLE_sub-68_hippocampus_lh_aligned,TLE,left_TLE_sub-34736_hippocampus_lh_aligned,TLE,0.6832
lh_TLE_aug_1525_SPHARM_ellalign.coef,TLE,left_TLE_sub-68_hippocampus_lh_aligned,TLE,left_TLE_sub-34736_hippocampus_lh_aligned,TLE,0.7531
lh_TLE_aug_1526_SPHARM_ellalign.coef,TLE,left_TLE_sub-68_hippocampus_lh_aligned,TLE,left_TLE_sub-34736_hippocampus_lh_aligned,TLE,0.8027
lh_TLE_aug_1527_SPHARM_ellalign.coef,TLE,left_TLE_sub-68_hippocampus_lh_aligned,TLE,left_TLE_sub-34736_hippocampus_lh_aligned,TLE,0.8574
lh_TLE_aug_1528_SPHARM_ellalign.coef,TLE,left_TLE_sub-68_hippocampus_lh_aligned,TLE,left_TLE_sub-34736_hippocampus_lh_aligned,TLE,0.8804
lh_TLE_aug_1529_SPHARM_ellalign.coef,TLE,left_TLE_sub-37348_hippocampus_lh_aligned,TLE,left_TLE_sub-32159_hippocampus_lh_aligned,TLE,0.0966
lh_TLE_aug_1530_SPHARM_ellalign.coef,TLE,left_TLE_sub-37348_hippocampus_lh_aligned,TLE,left_TLE_sub-32159_hippocampus_lh_aligned,TLE,0.1526
lh_TLE_aug_1531_SPHARM_ellalign.coef,TLE,left_TLE_sub-37348_hippocampus_lh_aligned,TLE,left_TLE_sub-32159_hippocampus_lh_aligned,TLE,0.1874
lh_TLE_aug_1532_SPHARM_ellalign.coef,TLE,left_TLE_sub-37348_hippocampus_lh_aligned,TLE,left_TLE_sub-32159_hippocampus_lh_aligned,TLE,0.2504
lh_TLE_aug_1533_SPHARM_ellalign.coef,TLE,left_TLE_sub-37348_hippocampus_lh_aligned,TLE,left_TLE_sub-32159_hippocampus_lh_aligned,TLE,0.3237
lh_TLE_aug_1534_SPHARM_ellalign.coef,TLE,left_TLE_sub-37348_hippocampus_lh_aligned,TLE,left_TLE_sub-32159_hippocampus_lh_aligned,TLE,0.3522
lh_TLE_aug_1535_SPHARM_ellalign.coef,TLE,left_TLE_sub-37348_hippocampus_lh_aligned,TLE,left_TLE_sub-32159_hippocampus_lh_aligned,TLE,0.4214
lh_TLE_aug_1536_SPHARM_ellalign.coef,TLE,left_TLE_sub-37348_hippocampus_lh_aligned,TLE,left_TLE_sub-32159_hippocampus_lh_aligned,TLE,0.4619
lh_TLE_aug_1537_SPHARM_ellalign.coef,TLE,left_TLE_sub-37348_hippocampus_lh_aligned,TLE,left_TLE_sub-32159_hippocampus_lh_aligned,TLE,0.5072
lh_TLE_aug_1538_SPHARM_ellalign.coef,TLE,left_TLE_sub-37348_hippocampus_lh_aligned,TLE,left_TLE_sub-32159_hippocampus_lh_aligned,TLE,0.5696
lh_TLE_aug_1539_SPHARM_ellalign.coef,TLE,left_TLE_sub-37348_hippocampus_lh_aligned,TLE,left_TLE_sub-32159_hippocampus_lh_aligned,TLE,0.6524
lh_TLE_aug_1540_SPHARM_ellalign.coef,TLE,left_TLE_sub-37348_hippocampus_lh_aligned,TLE,left_TLE_sub-32159_hippocampus_lh_aligned,TLE,0.6987
lh_TLE_aug_1541_SPHARM_ellalign.coef,TLE,left_TLE_sub-37348_hippocampus_lh_aligned,TLE,left_TLE_sub-32159_hippocampus_lh_aligned,TLE,0.7584
lh_TLE_aug_1542_SPHARM_ellalign.coef,TLE,left_TLE_sub-37348_hippocampus_lh_aligned,TLE,left_TLE_sub-32159_hippocampus_lh_aligned,TLE,0.7928
lh_TLE_aug_1543_SPHARM_ellalign.coef,TLE,left_TLE_sub-37348_hippocampus_lh_aligned,TLE,left_TLE_sub-32159_hippocampus_lh_aligned,TLE,0.8311
lh_TLE_aug_1544_SPHARM_ellalign.coef,TLE,left_TLE_sub-37348_hippocampus_lh_aligned,TLE,left_TLE_sub-32159_hippocampus_lh_aligned,TLE,0.9019
lh_TLE_aug_1545_SPHARM_ellalign.coef,TLE,left_TLE_sub-46_hippocampus_lh_aligned,TLE,left_TLE_sub-27934_hippocampus_lh_aligned,TLE,0.0982
lh_TLE_aug_1546_SPHARM_ellalign.coef,TLE,left_TLE_sub-46_hippocampus_lh_aligned,TLE,left_TLE_sub-27934_hippocampus_lh_aligned,TLE,0.1709
lh_TLE_aug_1547_SPHARM_ellalign.coef,TLE,left_TLE_sub-46_hippocampus_lh_aligned,TLE,left_TLE_sub-27934_hippocampus_lh_aligned,TLE,0.1982
lh_TLE_aug_1548_SPHARM_ellalign.coef,TLE,left_TLE_sub-46_hippocampus_lh_aligned,TLE,left_TLE_sub-27934_hippocampus_lh_aligned,TLE,0.2710
lh_TLE_aug_1549_SPHARM_ellalign.coef,TLE,left_TLE_sub-46_hippocampus_lh_aligned,TLE,left_TLE_sub-27934_hippocampus_lh_aligned,TLE,0.3146
lh_TLE_aug_1550_SPHARM_ellalign.coef,TLE,left_TLE_sub-46_hippocampus_lh_aligned,TLE,left_TLE_sub-27934_hippocampus_lh_aligned,TLE,0.3787
lh_TLE_aug_1551_SPHARM_ellalign.coef,TLE,left_TLE_sub-46_hippocampus_lh_aligned,TLE,left_TLE_sub-27934_hippocampus_lh_aligned,TLE,0.4524
lh_TLE_aug_1552_SPHARM_ellalign.coef,TLE,left_TLE_sub-46_hippocampus_lh_aligned,TLE,left_TLE_sub-27934_hippocampus_lh_aligned,TLE,0.4990
lh_TLE_aug_1553_SPHARM_ellalign.coef,TLE,left_TLE_sub-46_hippocampus_lh_aligned,TLE,left_TLE_sub-27934_hippocampus_lh_aligned,TLE,0.5522
lh_TLE_aug_1554_SPHARM_ellalign.coef,TLE,left_TLE_sub-46_hippocampus_lh_aligned,TLE,left_TLE_sub-27934_hippocampus_lh_aligned,TLE,0.6101
lh_TLE_aug_1555_SPHARM_ellalign.coef,TLE,left_TLE_sub-46_hippocampus_lh_aligned,TLE,left_TLE_sub-27934_hippocampus_lh_aligned,TLE,0.6698
lh_TLE_aug_1556_SPHARM_ellalign.coef,TLE,left_TLE_sub-46_hippocampus_lh_aligned,TLE,left_TLE_sub-27934_hippocampus_lh_aligned,TLE,0.7400
lh_TLE_aug_1557_SPHARM_ellalign.coef,TLE,left_TLE_sub-46_hippocampus_lh_aligned,TLE,left_TLE_sub-27934_hippocampus_lh_aligned,TLE,0.8014
lh_TLE_aug_1558_SPHARM_ellalign.coef,TLE,left_TLE_sub-46_hippocampus_lh_aligned,TLE,left_TLE_sub-27934_hippocampus_lh_aligned,TLE,0.8611
lh_TLE_aug_1559_SPHARM_ellalign.coef,TLE,left_TLE_sub-46_hippocampus_lh_aligned,TLE,left_TLE_sub-27934_hippocampus_lh_aligned,TLE,0.9115
lh_TLE_aug_1560_SPHARM_ellalign.coef,TLE,left_TLE_sub-361_hippocampus_lh_aligned,TLE,left_TLE_sub-430_hippocampus_lh_aligned,TLE,0.0926
lh_TLE_aug_1561_SPHARM_ellalign.coef,TLE,left_TLE_sub-361_hippocampus_lh_aligned,TLE,left_TLE_sub-430_hippocampus_lh_aligned,TLE,0.1647
lh_TLE_aug_1562_SPHARM_ellalign.coef,TLE,left_TLE_sub-361_hippocampus_lh_aligned,TLE,left_TLE_sub-430_hippocampus_lh_aligned,TLE,0.2118
lh_TLE_aug_1563_SPHARM_ellalign.coef,TLE,left_TLE_sub-361_hippocampus_lh_aligned,TLE,left_TLE_sub-430_hippocampus_lh_aligned,TLE,0.2616
lh_TLE_aug_1564_SPHARM_ellalign.coef,TLE,left_TLE_sub-361_hippocampus_lh_aligned,TLE,left_TLE_sub-430_hippocampus_lh_aligned,TLE,0.3422
lh_TLE_aug_1565_SPHARM_ellalign.coef,TLE,left_TLE_sub-361_hippocampus_lh_aligned,TLE,left_TLE_sub-430_hippocampus_lh_aligned,TLE,0.3673
lh_TLE_aug_1566_SPHARM_ellalign.coef,TLE,left_TLE_sub-361_hippocampus_lh_aligned,TLE,left_TLE_sub-430_hippocampus_lh_aligned,TLE,0.4589
lh_TLE_aug_1567_SPHARM_ellalign.coef,TLE,left_TLE_sub-361_hippocampus_lh_aligned,TLE,left_TLE_sub-430_hippocampus_lh_aligned,TLE,0.4985
lh_TLE_aug_1568_SPHARM_ellalign.coef,TLE,left_TLE_sub-361_hippocampus_lh_aligned,TLE,left_TLE_sub-430_hippocampus_lh_aligned,TLE,0.5626
lh_TLE_aug_1569_SPHARM_ellalign.coef,TLE,left_TLE_sub-361_hippocampus_lh_aligned,TLE,left_TLE_sub-430_hippocampus_lh_aligned,TLE,0.6207
lh_TLE_aug_1570_SPHARM_ellalign.coef,TLE,left_TLE_sub-361_hippocampus_lh_aligned,TLE,left_TLE_sub-430_hippocampus_lh_aligned,TLE,0.6872
lh_TLE_aug_1571_SPHARM_ellalign.coef,TLE,left_TLE_sub-361_hippocampus_lh_aligned,TLE,left_TLE_sub-430_hippocampus_lh_aligned,TLE,0.7340
lh_TLE_aug_1572_SPHARM_ellalign.coef,TLE,left_TLE_sub-361_hippocampus_lh_aligned,TLE,left_TLE_sub-430_hippocampus_lh_aligned,TLE,0.7903
lh_TLE_aug_1573_SPHARM_ellalign.coef,TLE,left_TLE_sub-361_hippocampus_lh_aligned,TLE,left_TLE_sub-430_hippocampus_lh_aligned,TLE,0.8255
lh_TLE_aug_1574_SPHARM_ellalign.coef,TLE,left_TLE_sub-361_hippocampus_lh_aligned,TLE,left_TLE_sub-430_hippocampus_lh_aligned,TLE,0.9007
lh_TLE_aug_1575_SPHARM_ellalign.coef,TLE,left_TLE_sub-454_hippocampus_lh_aligned,TLE,left_TLE_sub-125_hippocampus_lh_aligned,TLE,0.0860
lh_TLE_aug_1576_SPHARM_ellalign.coef,TLE,left_TLE_sub-454_hippocampus_lh_aligned,TLE,left_TLE_sub-125_hippocampus_lh_aligned,TLE,0.1666
lh_TLE_aug_1577_SPHARM_ellalign.coef,TLE,left_TLE_sub-454_hippocampus_lh_aligned,TLE,left_TLE_sub-125_hippocampus_lh_aligned,TLE,0.2148
lh_TLE_aug_1578_SPHARM_ellalign.coef,TLE,left_TLE_sub-454_hippocampus_lh_aligned,TLE,left_TLE_sub-125_hippocampus_lh_aligned,TLE,0.2786
lh_TLE_aug_1579_SPHARM_ellalign.coef,TLE,left_TLE_sub-454_hippocampus_lh_aligned,TLE,left_TLE_sub-125_hippocampus_lh_aligned,TLE,0.3102
lh_TLE_aug_1580_SPHARM_ellalign.coef,TLE,left_TLE_sub-454_hippocampus_lh_aligned,TLE,left_TLE_sub-125_hippocampus_lh_aligned,TLE,0.3691
lh_TLE_aug_1581_SPHARM_ellalign.coef,TLE,left_TLE_sub-454_hippocampus_lh_aligned,TLE,left_TLE_sub-125_hippocampus_lh_aligned,TLE,0.4515
lh_TLE_aug_1582_SPHARM_ellalign.coef,TLE,left_TLE_sub-454_hippocampus_lh_aligned,TLE,left_TLE_sub-125_hippocampus_lh_aligned,TLE,0.4829
lh_TLE_aug_1583_SPHARM_ellalign.coef,TLE,left_TLE_sub-454_hippocampus_lh_aligned,TLE,left_TLE_sub-125_hippocampus_lh_aligned,TLE,0.5400
lh_TLE_aug_1584_SPHARM_ellalign.coef,TLE,left_TLE_sub-454_hippocampus_lh_aligned,TLE,left_TLE_sub-125_hippocampus_lh_aligned,TLE,0.5948
lh_TLE_aug_1585_SPHARM_ellalign.coef,TLE,left_TLE_sub-454_hippocampus_lh_aligned,TLE,left_TLE_sub-125_hippocampus_lh_aligned,TLE,0.6897
lh_TLE_aug_1586_SPHARM_ellalign.coef,TLE,left_TLE_sub-454_hippocampus_lh_aligned,TLE,left_TLE_sub-125_hippocampus_lh_aligned,TLE,0.7381
lh_TLE_aug_1587_SPHARM_ellalign.coef,TLE,left_TLE_sub-454_hippocampus_lh_aligned,TLE,left_TLE_sub-125_hippocampus_lh_aligned,TLE,0.7798
lh_TLE_aug_1588_SPHARM_ellalign.coef,TLE,left_TLE_sub-454_hippocampus_lh_aligned,TLE,left_TLE_sub-125_hippocampus_lh_aligned,TLE,0.8347
lh_TLE_aug_1589_SPHARM_ellalign.coef,TLE,left_TLE_sub-454_hippocampus_lh_aligned,TLE,left_TLE_sub-125_hippocampus_lh_aligned,TLE,0.8940
lh_TLE_aug_1590_SPHARM_ellalign.coef,TLE,left_TLE_sub-199_hippocampus_lh_aligned,TLE,left_TLE_sub-39_hippocampus_lh_aligned,TLE,0.1110
lh_TLE_aug_1591_SPHARM_ellalign.coef,TLE,left_TLE_sub-199_hippocampus_lh_aligned,TLE,left_TLE_sub-39_hippocampus_lh_aligned,TLE,0.1636
lh_TLE_aug_1592_SPHARM_ellalign.coef,TLE,left_TLE_sub-199_hippocampus_lh_aligned,TLE,left_TLE_sub-39_hippocampus_lh_aligned,TLE,0.2017
lh_TLE_aug_1593_SPHARM_ellalign.coef,TLE,left_TLE_sub-199_hippocampus_lh_aligned,TLE,left_TLE_sub-39_hippocampus_lh_aligned,TLE,0.2584
lh_TLE_aug_1594_SPHARM_ellalign.coef,TLE,left_TLE_sub-199_hippocampus_lh_aligned,TLE,left_TLE_sub-39_hippocampus_lh_aligned,TLE,0.3125
lh_TLE_aug_1595_SPHARM_ellalign.coef,TLE,left_TLE_sub-199_hippocampus_lh_aligned,TLE,left_TLE_sub-39_hippocampus_lh_aligned,TLE,0.3921
lh_TLE_aug_1596_SPHARM_ellalign.coef,TLE,left_TLE_sub-199_hippocampus_lh_aligned,TLE,left_TLE_sub-39_hippocampus_lh_aligned,TLE,0.4534
lh_TLE_aug_1597_SPHARM_ellalign.coef,TLE,left_TLE_sub-199_hippocampus_lh_aligned,TLE,left_TLE_sub-39_hippocampus_lh_aligned,TLE,0.4906
lh_TLE_aug_1598_SPHARM_ellalign.coef,TLE,left_TLE_sub-199_hippocampus_lh_aligned,TLE,left_TLE_sub-39_hippocampus_lh_aligned,TLE,0.5380
lh_TLE_aug_1599_SPHARM_ellalign.coef,TLE,left_TLE_sub-199_hippocampus_lh_aligned,TLE,left_TLE_sub-39_hippocampus_lh_aligned,TLE,0.5976
lh_TLE_aug_1600_SPHARM_ellalign.coef,TLE,left_TLE_sub-199_hippocampus_lh_aligned,TLE,left_TLE_sub-39_hippocampus_lh_aligned,TLE,0.6901
lh_TLE_aug_1601_SPHARM_ellalign.coef,TLE,left_TLE_sub-199_hippocampus_lh_aligned,TLE,left_TLE_sub-39_hippocampus_lh_aligned,TLE,0.7204
lh_TLE_aug_1602_SPHARM_ellalign.coef,TLE,left_TLE_sub-199_hippocampus_lh_aligned,TLE,left_TLE_sub-39_hippocampus_lh_aligned,TLE,0.7965
lh_TLE_aug_1603_SPHARM_ellalign.coef,TLE,left_TLE_sub-199_hippocampus_lh_aligned,TLE,left_TLE_sub-39_hippocampus_lh_aligned,TLE,0.8478
lh_TLE_aug_1604_SPHARM_ellalign.coef,TLE,left_TLE_sub-199_hippocampus_lh_aligned,TLE,left_TLE_sub-39_hippocampus_lh_aligned,TLE,0.8953
