# vtk DataFile Version 5.1
vtk output
ASCII
DATASET POLYDATA
POINTS 3280 float
-0.0842733 -0.0739354 0.104276 -0.0842733 -0.0739354 0.104276 -0.0842733 -0.0739354 0.104276 
-0.0842733 -0.0739354 0.104276 -0.0842733 -0.0739354 0.104276 -0.0842733 -0.0739354 0.104276 
-0.0842733 -0.0739354 0.104276 -0.0842733 -0.0739354 0.104276 -0.0842733 -0.0739354 0.104276 
-0.0842733 -0.0739354 0.104276 -0.0842733 -0.0739354 0.104276 -0.0842733 -0.0739354 0.104276 
-0.0842733 -0.0739354 0.104276 -0.0842733 -0.0739354 0.104276 -0.0842733 -0.0739354 0.104276 
-0.0842733 -0.0739354 0.104276 -0.0842733 -0.0739354 0.104276 -0.0842733 -0.0739354 0.104276 
-0.0842733 -0.0739354 0.104276 -0.0842733 -0.0739354 0.104276 -0.0842733 -0.0739354 0.104276 
-0.0842733 -0.0739354 0.104276 -0.0842733 -0.0739354 0.104276 -0.0842733 -0.0739354 0.104276 
-0.0842733 -0.0739354 0.104276 -0.0842733 -0.0739354 0.104276 -0.0842733 -0.0739354 0.104276 
-0.0842733 -0.0739354 0.104276 -0.0842733 -0.0739354 0.104276 -0.0842733 -0.0739354 0.104276 
-0.0842733 -0.0739354 0.104276 -0.0842733 -0.0739354 0.104276 -0.0842733 -0.0739354 0.104276 
-0.0842733 -0.0739354 0.104276 -0.0842733 -0.0739354 0.104276 -0.0842733 -0.0739354 0.104276 
-0.0842733 -0.0739354 0.104276 -0.0842733 -0.0739354 0.104276 -0.0842733 -0.0739354 0.104276 
-0.0842733 -0.0739354 0.104276 -0.0842733 -0.0739354 0.104276 -0.0842733 -0.0739354 0.104276 
-0.0842733 -0.0739354 0.104276 -0.0842733 -0.0739354 0.104276 -0.0842733 -0.0739354 0.104276 
-0.0842733 -0.0739354 0.104276 -0.0842733 -0.0739354 0.104276 -0.0842733 -0.0739354 0.104276 
-0.0842733 -0.0739354 0.104276 -0.0842733 -0.0739354 0.104276 -0.0842733 -0.0739354 0.104276 
-0.0842733 -0.0739354 0.104276 -0.0842733 -0.0739354 0.104276 -0.0842733 -0.0739354 0.104276 
-0.0842733 -0.0739354 0.104276 -0.0842733 -0.0739354 0.104276 -0.0842733 -0.0739354 0.104276 
-0.0842733 -0.0739354 0.104276 -0.0842733 -0.0739354 0.104276 -0.0842733 -0.0739354 0.104276 
-0.0842733 -0.0739354 0.104276 -0.0842733 -0.0739354 0.104276 -0.0842733 -0.0739354 0.104276 
-0.0842733 -0.0739354 0.104276 -0.0842733 -0.0739354 0.104276 -0.0842733 -0.0739354 0.104276 
-0.0842733 -0.0739354 0.104276 -0.0842733 -0.0739354 0.104276 -0.0842733 -0.0739354 0.104276 
-0.0842733 -0.0739354 0.104276 -0.0842733 -0.0739354 0.104276 -0.0842733 -0.0739354 0.104276 
-0.0842733 -0.0739354 0.104276 -0.0842733 -0.0739354 0.104276 -0.0842733 -0.0739354 0.104276 
-0.0842733 -0.0739354 0.104276 -0.0842733 -0.0739354 0.104276 -0.0842733 -0.0739354 0.104276 
-0.0842733 -0.0739354 0.104276 -0.0842733 -0.0739354 0.104276 -0.0562725 -0.0926617 0.183189 
-0.0587283 -0.092732 0.182882 -0.0613708 -0.0927236 0.182127 -0.0641786 -0.0926405 0.180928 
-0.0671283 -0.092485 0.179291 -0.0701954 -0.0922584 0.177225 -0.0733542 -0.0919601 0.174739 
-0.0765783 -0.0915886 0.171844 -0.0798407 -0.0911412 0.168554 -0.0831143 -0.0906145 0.164884 
-0.0863722 -0.0900047 0.16085 -0.0895878 -0.089308 0.156471 -0.0927356 -0.088521 0.151768 
-0.0957908 -0.0876407 0.146763 -0.0987303 -0.0866656 0.141481 -0.101532 -0.0855953 0.13595 
-0.104177 -0.0844307 0.130198 -0.106646 -0.0831747 0.124257 -0.108925 -0.0818317 0.11816 
-0.110998 -0.0804079 0.111942 -0.112856 -0.078911 0.105641 -0.114489 -0.0773504 0.099296 
-0.115891 -0.0757365 0.0929461 -0.117058 -0.0740811 0.0866326 -0.117987 -0.0723966 0.0803969 
-0.11868 -0.0706962 0.0742808 -0.119138 -0.0689934 0.0683258 -0.119367 -0.0673019 0.0625728 
-0.119371 -0.0656351 0.0570618 -0.119159 -0.0640062 0.0518312 -0.118739 -0.0624282 0.0469177 
-0.118121 -0.0609131 0.0423561 -0.117316 -0.0594723 0.0381786 -0.116334 -0.0581167 0.0344149 
-0.115188 -0.0568559 0.0310916 -0.113888 -0.055699 0.0282324 -0.112446 -0.054654 0.0258579 
-0.110875 -0.0537283 0.023985 -0.109184 -0.0529283 0.0226274 -0.107384 -0.0522596 0.0217952 
-0.105486 -0.0517271 0.021495 -0.103498 -0.0513351 0.0217295 -0.101429 -0.0510871 0.0224981 
-0.0992867 -0.0509857 0.0237962 -0.097079 -0.051033 0.0256157 -0.0948124 -0.0512302 0.0279447 
-0.0924932 -0.0515776 0.030768 -0.0901273 -0.0520748 0.0340665 -0.0877207 -0.0527202 0.0378177 
-0.0852793 -0.0535112 0.0419959 -0.0828092 -0.0544442 0.0465721 -0.0803171 -0.0555141 0.0515144 
-0.0778104 -0.0567147 0.0567882 -0.0752975 -0.0580383 0.0623561 -0.0727877 -0.0594758 0.068179 
-0.0702917 -0.0610167 0.0742158 -0.0678216 -0.062649 0.0804242 -0.0653908 -0.0643594 0.0867608 
-0.0630141 -0.0661333 0.0931818 -0.0607075 -0.0679551 0.0996434 -0.0584884 -0.0698083 0.106102 
-0.0563747 -0.0716755 0.112515 -0.0543853 -0.0735392 0.118841 -0.0525393 -0.0753819 0.12504 
-0.0508557 -0.0771862 0.131074 -0.0493531 -0.0789356 0.136906 -0.0480494 -0.0806148 0.142504 
-0.0469614 -0.0822096 0.147835 -0.0461043 -0.083708 0.152872 -0.0454914 -0.0850997 0.157586 
-0.0451341 -0.0863768 0.161956 -0.0450414 -0.0875339 0.165958 -0.0452196 -0.0885676 0.169576 
-0.0456727 -0.0894772 0.172792 -0.0464017 -0.0902639 0.175594 -0.0474046 -0.0909307 0.177968 
-0.048677 -0.0914825 0.179906 -0.0502114 -0.0919249 0.181401 -0.0519977 -0.0922645 0.182449 
-0.0540232 -0.0925079 0.183045 -0.023761 -0.106223 0.254392 -0.0290696 -0.105685 0.253655 
-0.0348139 -0.105171 0.252126 -0.0409417 -0.104705 0.249819 -0.0473965 -0.104299 0.246746 
-0.0541174 -0.10395 0.242924 -0.0610406 -0.103642 0.238369 -0.0680994 -0.103349 0.233096 
-0.075226 -0.103034 0.227123 -0.0823523 -0.102655 0.220466 -0.0894109 -0.102165 0.213142 
-0.0963363 -0.10152 0.20517 -0.103066 -0.100676 0.196571 -0.10954 -0.0995982 0.187369 
-0.115704 -0.0982578 0.177592 -0.121508 -0.0966363 0.167275 -0.126908 -0.0947254 0.156459 
-0.131862 -0.0925267 0.145192 -0.136339 -0.0900512 0.13353 -0.14031 -0.0873184 0.121539 
-0.143755 -0.0843549 0.109291 -0.146658 -0.0811928 0.096864 -0.149012 -0.0778681 0.0843451 
-0.150814 -0.0744199 0.0718243 -0.152072 -0.0708885 0.0593954 -0.152795 -0.0673145 0.0471538 
-0.153003 -0.0637377 0.0351948 -0.152719 -0.0601964 0.0236122 -0.151971 -0.0567264 0.0124962 
-0.15079 -0.0533606 0.00193272 -0.149212 -0.050128 -0.00799819 -0.147272 -0.0470541 -0.0172228 
-0.145009 -0.04416 -0.0256742 -0.142458 -0.041463 -0.0332927 -0.139656 -0.0389766 -0.0400259 
-0.136637 -0.036711 -0.045828 -0.133435 -0.0346738 -0.0506604 -0.13008 -0.0328705 -0.054491 
-0.1266 -0.0313057 -0.0572937 -0.12302 -0.0299832 -0.0590491 -0.119363 -0.0289072 -0.0597434 
-0.115647 -0.0280822 -0.059369 -0.111886 -0.0275138 -0.0579244 -0.108093 -0.0272085 -0.0554143 
-0.104274 -0.0271736 -0.0518499 -0.10043 -0.0274171 -0.047249 -0.0965605 -0.0279471 -0.0416363 
-0.0926584 -0.0287716 -0.035044 -0.0887143 -0.0298978 -0.027512 -0.0847156 -0.0313317 -0.0190882 
-0.0806484 -0.0330775 -0.00982926 -0.0764988 -0.0351368 0.00019997 -0.0722543 -0.0375085 0.0109259 
-0.0679055 -0.0401875 0.0222667 -0.0634479 -0.0431648 0.034133 -0.0588838 -0.0464259 0.0464292 
-0.0542229 -0.0499509 0.0590545 -0.049484 -0.0537136 0.0719048 -0.0446949 -0.0576812 0.0848751 
-0.0398926 -0.0618137 0.097861 -0.0351225 -0.0660647 0.110761 -0.0304375 -0.0703814 0.123479 
-0.0258961 -0.0747059 0.135925 -0.0215607 -0.0789763 0.148015 -0.0174951 -0.0831288 0.159677 
-0.013763 -0.0870997 0.170843 -0.0104254 -0.0908281 0.181456 -0.00753882 -0.0942584 0.191467 
-0.0051542 -0.0973425 0.200833 -0.00331534 -0.100043 0.209519 -0.00205837 -0.102333 0.217493 
-0.00141126 -0.104202 0.224732 -0.0013937 -0.105651 0.231214 -0.00201731 -0.106695 0.236921 
-0.00328585 -0.107364 0.24184 -0.00519564 -0.107698 0.245959 -0.00773596 -0.107747 0.249271 
-0.0108894 -0.107566 0.251771 -0.0146323 -0.107213 0.253456 -0.0189347 -0.106748 0.254328 
0.0102526 -0.114478 0.317705 0.00196416 -0.112471 0.316389 -0.00703619 -0.110846 0.313974 
-0.0166697 -0.109673 0.310492 -0.026846 -0.108979 0.305981 -0.0374642 -0.108747 0.300483 
-0.0484136 -0.108914 0.294035 -0.0595769 -0.109378 0.286672 -0.0708328 -0.110008 0.278416 
-0.0820599 -0.110655 0.269285 -0.09314 -0.111163 0.259286 -0.103961 -0.111382 0.248419 
-0.11442 -0.111183 0.236682 -0.124422 -0.110462 0.224074 -0.133884 -0.109151 0.210601 
-0.142732 -0.107215 0.196278 -0.1509 -0.104653 0.181139 -0.158332 -0.101492 0.16523 
-0.164977 -0.0977833 0.148622 -0.17079 -0.0935921 0.131402 -0.175735 -0.0889938 0.113679 
-0.179784 -0.0840676 0.0955787 -0.182917 -0.078893 0.0772414 -0.185129 -0.0735475 0.0588198 
-0.186426 -0.0681056 0.0404742 -0.186831 -0.0626387 0.0223678 -0.18638 -0.0572148 0.00466244 
-0.185124 -0.0518979 -0.0124857 -0.183125 -0.0467472 -0.0289301 -0.180455 -0.041816 -0.0445371 
-0.177189 -0.0371495 -0.0591873 -0.173405 -0.0327835 -0.0727763 -0.169179 -0.0287435 -0.0852145 
-0.164583 -0.0250441 -0.0964258 -0.159682 -0.0216896 -0.106345 -0.154539 -0.0186756 -0.114918 
-0.149209 -0.0159914 -0.122096 -0.143742 -0.013623 -0.127838 -0.138188 -0.0115558 -0.132108 
-0.132593 -0.0097782 -0.134878 -0.127 -0.00828326 -0.136121 -0.12145 -0.00707073 -0.13582 
-0.115977 -0.00614763 -0.133963 -0.11061 -0.00552787 -0.130548 -0.105367 -0.00523133 -0.125579 
-0.100255 -0.00528219 -0.119068 -0.0952661 -0.00570721 -0.111037 -0.0903792 -0.00653401 -0.101518 
-0.0855579 -0.00778975 -0.0905522 -0.0807529 -0.00950011 -0.0781929 -0.0759035 -0.0116888 -0.0645084 
-0.0709421 -0.014377 -0.0495839 -0.0657979 -0.0175829 -0.033524 -0.0604035 -0.0213211 -0.0164548 
-0.0547007 -0.0256006 0.00147603 -0.0486469 -0.0304231 0.0201004 -0.0422213 -0.0357801 0.0392339 
-0.0354293 -0.0416498 0.0586809 -0.0283055 -0.047994 0.078242 -0.0209145 -0.0547558 0.0977214 
-0.013349 -0.0618573 0.116935 -0.00572535 -0.0691993 0.135716 0.00182197 -0.0766621 0.153919 
0.00914817 -0.0841085 0.171424 0.0161057 -0.0913877 0.188134 0.0225518 -0.0983415 0.203975 
0.0283546 -0.104812 0.218892 0.0333985 -0.110649 0.232845 0.037587 -0.115721 0.245804 
0.0408441 -0.11992 0.257748 0.0431147 -0.123172 0.26866 0.0443631 -0.125442 0.278524 
0.0445705 -0.126736 0.287326 0.043733 -0.127101 0.29505 0.0418583 -0.126626 0.301679 
0.0389635 -0.125435 0.307197 0.035073 -0.123678 0.311588 0.0302174 -0.121526 0.314838 
0.0244328 -0.119159 0.316941 0.0177614 -0.116754 0.317894 0.0434755 -0.118173 0.375739 
0.0323307 -0.114031 0.373803 0.0201654 -0.110847 0.370387 0.00707087 -0.108773 0.365568 
-0.00683334 -0.107867 0.359441 -0.0213992 -0.108088 0.352112 -0.0364537 -0.109291 0.343679 
-0.0518058 -0.111243 0.334225 -0.067256 -0.113637 0.323802 -0.0826066 -0.116126 0.312432 
-0.0976722 -0.118352 0.300102 -0.112288 -0.119989 0.286774 -0.126314 -0.12077 0.272396 
-0.139639 -0.120511 0.256913 -0.152174 -0.11912 0.240285 -0.163849 -0.1166 0.222491 
-0.174609 -0.113026 0.203543 -0.184399 -0.108532 0.183487 -0.193165 -0.103279 0.162406 
-0.200846 -0.0974346 0.140416 -0.207377 -0.0911522 0.117664 -0.212692 -0.0845622 0.0943248 
-0.21673 -0.0777687 0.0705969 -0.219448 -0.0708543 0.0466968 -0.220824 -0.0638881 0.022854 
-0.22087 -0.0569349 -0.000696714 -0.219634 -0.0500627 -0.0237235 -0.217197 -0.0433456 -0.0460069 
-0.21367 -0.0368627 -0.0673475 -0.209187 -0.0306939 -0.0875726 -0.203891 -0.0249119 -0.106539 
-0.197923 -0.0195757 -0.124131 -0.191412 -0.0147235 -0.140258 -0.18447 -0.0103702 -0.154848 
-0.177189 -0.00650649 -0.167838 -0.169644 -0.0031021 -0.17917 -0.161895 -0.000111731 -0.188786 
-0.154001 0.00251749 -0.196626 -0.146024 0.0048376 -0.202626 -0.13803 0.00689185 -0.206724 
-0.130099 0.00870825 -0.208862 -0.122315 0.0102955 -0.208993 -0.114762 0.0116415 -0.207081 
-0.107518 0.0127155 -0.203109 -0.100646 0.0134718 -0.197075 -0.094184 0.0138558 -0.188993 
-0.0881406 0.01381 -0.178886 -0.0824918 0.0132789 -0.166789 -0.0771787 0.0122123 -0.152738 
-0.0721085 0.0105656 -0.13678 -0.0671567 0.00829832 -0.118971 -0.0621722 0.00537079 -0.0993873 
-0.0569849 0.0017417 -0.0781408 -0.0514173 -0.00263322 -0.0553861 -0.0452989 -0.00779959 -0.0313306 
-0.0384837 -0.0137997 -0.00623598 -0.0308679 -0.020665 0.0195884 -0.0224065 -0.0284071 0.0458008 
-0.0131246 -0.037008 0.0720485 -0.00312161 -0.0464121 0.0979918 0.00743232 -0.0565202 0.123327 
0.0183084 -0.067186 0.147803 0.0292373 -0.0782169 0.171232 0.0399313 -0.0893774 0.193487 
0.0501054 -0.100397 0.214497 0.0594971 -0.110979 0.234234 0.0678805 -0.12082 0.252696 
0.0750748 -0.129622 0.269897 0.0809471 -0.137113 0.285852 0.0854111 -0.143071 0.300575 
0.0884217 -0.147338 0.314068 0.0899683 -0.149835 0.326324 0.090066 -0.150569 0.337328 
0.0887482 -0.149638 0.347053 0.0860579 -0.147221 0.355463 0.0820414 -0.143565 0.362513 
0.0767429 -0.138975 0.368154 0.0702021 -0.133788 0.372334 0.0624542 -0.128361 0.375009 
0.0535328 -0.123046 0.376147 0.0752501 -0.117886 0.431079 0.0614047 -0.111499 0.428727 
0.0461618 -0.106706 0.424401 0.0296104 -0.103772 0.418235 0.0119015 -0.102823 0.41042 
-0.00675087 -0.103819 0.401172 -0.0260774 -0.106536 0.390701 -0.0457708 -0.110568 0.379173 
-0.0655087 -0.11536 0.366686 -0.0849785 -0.120267 0.353258 -0.103902 -0.124633 0.338831 
-0.122052 -0.127865 0.323294 -0.139266 -0.129516 0.306505 -0.155443 -0.129327 0.288329 
-0.170538 -0.127252 0.268667 -0.18454 -0.123432 0.247473 -0.197458 -0.118155 0.224768 
-0.20929 -0.11179 0.200633 -0.220008 -0.104711 0.1752 -0.229543 -0.0972454 0.148639 
-0.237786 -0.0896277 0.121144 -0.244597 -0.0819924 0.0929271 -0.249822 -0.074384 0.0642192 
-0.253321 -0.0667889 0.0352703 -0.254991 -0.0591726 0.00635179 -0.254792 -0.0515159 -0.0222488 
-0.25276 -0.0438388 -0.0502394 -0.249009 -0.0362095 -0.0773412 -0.243722 -0.0287381 -0.103307 
-0.237133 -0.0215595 -0.127936 -0.229496 -0.0148108 -0.151078 -0.221056 -0.00860929 -0.172631 
-0.212023 -0.00303577 -0.192525 -0.202559 0.00187469 -0.210706 -0.192766 0.00613401 -0.227118 
-0.182703 0.00979566 -0.241688 -0.172398 0.0129441 -0.25432 -0.161882 0.0156809 -0.264895 
-0.151204 0.0181096 -0.273276 -0.140452 0.0203207 -0.279321 -0.129755 0.0223775 -0.282893 
-0.119276 0.024307 -0.283877 -0.109191 0.0260954 -0.282195 -0.0996688 0.02769 -0.27781 
-0.0908502 0.0290085 -0.270735 -0.0828287 0.0299522 -0.261022 -0.0756445 0.0304221 -0.248746 
-0.0692814 0.0303316 -0.23399 -0.0636682 0.0296135 -0.216821 -0.0586791 0.0282193 -0.197283 
-0.0541337 0.0261101 -0.1754 -0.0497952 0.0232435 -0.151194 -0.0453735 0.0195605 -0.124728 
-0.0405358 0.0149776 -0.0961386 -0.0349299 0.00938926 -0.0656731 -0.0282204 0.00267892 -0.0337087 
-0.0201333 -0.00526065 -0.000741726 -0.010502 -0.0145041 0.0326473 0.000696682 -0.0250719 0.0658505 
0.0133247 -0.0369143 0.0982985 0.027089 -0.0499041 0.12952 0.0415718 -0.0638358 0.159182 
0.0562773 -0.0784307 0.187103 0.0706876 -0.0933442 0.213239 0.0843144 -0.108176 0.237649 
0.0967393 -0.122483 0.260446 0.107637 -0.135796 0.281757 0.11678 -0.147644 0.301688 
0.124037 -0.157589 0.320307 0.129351 -0.165262 0.337641 0.132728 -0.170401 0.353683 
0.134216 -0.172878 0.368405 0.133892 -0.172721 0.381766 0.13185 -0.170106 0.393718 
0.128183 -0.165342 0.4042 0.122975 -0.158843 0.413138 0.116292 -0.15109 0.420436 
0.108173 -0.1426 0.425986 0.0986312 -0.133898 0.429672 0.0876602 -0.125498 0.431391 
0.106321 -0.113399 0.483941 0.0897079 -0.105347 0.48167 0.0712275 -0.0993415 0.476873 
0.050965 -0.0957926 0.469737 0.02912 -0.0949662 0.460571 0.00600748 -0.0969049 0.449738 
-0.0179607 -0.101361 0.437593 -0.0423105 -0.107776 0.424401 -0.0665497 -0.115311 0.410297 
-0.0902144 -0.122946 0.395262 -0.11291 -0.129621 0.37914 -0.134345 -0.134396 0.361683 
-0.154343 -0.136597 0.342614 -0.172847 -0.13591 0.321689 -0.189901 -0.132412 0.298757 
-0.205614 -0.126525 0.273793 -0.220119 -0.118906 0.246899 -0.233523 -0.110302 0.218287 
-0.245867 -0.101403 0.188227 -0.257094 -0.0927256 0.157 -0.267046 -0.0845449 0.124861 
-0.275477 -0.0768966 0.0920265 -0.282087 -0.0696279 0.0586888 -0.286579 -0.0624866 0.0250508 
-0.288704 -0.0552183 -0.00864308 -0.288321 -0.0476466 -0.0420931 -0.28542 -0.0397189 -0.0749573 
-0.280144 -0.0315136 -0.106889 -0.27277 -0.0232127 -0.137581 -0.263674 -0.0150549 -0.166803 
-0.253281 -0.00728421 -0.194415 -0.241998 -0.000108106 -0.220348 -0.230163 0.00632844 -0.24457 
-0.218003 0.0119523 -0.267048 -0.205623 0.0167588 -0.287707 -0.193025 0.0208016 -0.30642 
-0.180152 0.0241803 -0.322999 -0.166951 0.0270263 -0.337214 -0.153426 0.0294878 -0.348803 
-0.139679 0.0317114 -0.357496 -0.125917 0.0338202 -0.363037 -0.11243 0.0358919 -0.365207 
-0.0995401 0.0379419 -0.363853 -0.0875481 0.039917 -0.358915 -0.0766862 0.0417046 -0.350439 
-0.0670932 0.0431565 -0.338568 -0.0588139 0.044121 -0.323517 -0.051817 0.0444745 -0.305512 
-0.0460168 0.0441402 -0.284736 -0.0412831 0.0430873 -0.261276 -0.0374323 0.0413077 -0.235112 
-0.0342016 0.0387805 -0.206152 -0.0312182 0.0354343 -0.174305 -0.027986 0.0311252 -0.139592 
-0.0239051 0.0256396 -0.102241 -0.0183343 0.0187261 -0.0627526 -0.0106881 0.0101472 -0.021894 
-0.000548996 -0.000263851 0.0193734 0.0122352 -0.0125571 0.0600256 0.027498 -0.0266447 0.0991314 
0.044761 -0.0423065 0.135989 0.0633015 -0.059215 0.170209 0.0822636 -0.0769662 0.201728 
0.100784 -0.0951039 0.230744 0.1181 -0.11313 0.257614 0.133623 -0.130502 0.282727 
0.146962 -0.146636 0.306409 0.157904 -0.160919 0.328857 0.166379 -0.172751 0.350132 
0.172405 -0.181604 0.370185 0.176058 -0.187099 0.388909 0.177444 -0.189067 0.406186 
0.17669 -0.187588 0.421929 0.173933 -0.182981 0.436081 0.169311 -0.175759 0.448607 
0.162949 -0.166555 0.459461 0.154935 -0.156044 0.468558 0.145306 -0.144886 0.475753 
0.134042 -0.133689 0.480851 0.121076 -0.123017 0.483639 0.137634 -0.103975 0.532207 
0.117853 -0.095312 0.530679 0.0956712 -0.088782 0.52614 0.0711936 -0.0849494 0.5188 
0.0447073 -0.0843041 0.509074 0.0166729 -0.0870943 0.497482 -0.0123156 -0.0931704 0.484515 
-0.0415916 -0.101899 0.470521 -0.070485 -0.112182 0.455628 -0.0983869 -0.122596 0.43973 
-0.124802 -0.131619 0.422523 -0.149385 -0.1379 0.403583 -0.171959 -0.140502 0.382457 
-0.192517 -0.139066 0.358773 -0.211197 -0.133852 0.332323 -0.228239 -0.125658 0.303133 
-0.243925 -0.115614 0.271467 -0.258501 -0.104938 0.237779 -0.272108 -0.0946768 0.202606 
-0.284728 -0.0855155 0.166442 -0.296166 -0.0776913 0.129639 -0.306067 -0.0710199 0.0923718 
-0.31397 -0.0650217 0.0546893 -0.319388 -0.059102 0.0166171 -0.321895 -0.0527311 -0.0217296 
-0.321207 -0.0455778 -0.0600829 -0.317242 -0.0375665 -0.0980357 -0.310148 -0.0288566 -0.135125 
-0.300295 -0.0197659 -0.170942 -0.288223 -0.0106715 -0.205216 -0.274571 -0.00192299 -0.237836 
-0.259966 0.00621091 -0.268804 -0.24493 0.0135569 -0.298143 -0.229798 0.0200233 -0.325815 
-0.214685 0.0255766 -0.351666 -0.199509 0.0302239 -0.375424 -0.184072 0.0340109 -0.39674 
-0.168172 0.0370306 -0.415225 -0.151725 0.0394312 -0.430491 -0.13484 0.0414112 -0.442163 
-0.117837 0.0431915 -0.449886 -0.1012 0.0449698 -0.453337 -0.0854679 0.0468684 -0.452264 
-0.0711146 0.0488963 -0.44654 -0.0584569 0.0509412 -0.43622 -0.0476174 0.0528004 -0.42156 
-0.0385543 0.054242 -0.402982 -0.0311375 0.0550744 -0.380979 -0.0252309 0.0551984 -0.355973 
-0.0207373 0.054616 -0.328188 -0.0175776 0.0533893 -0.297581 -0.0156074 0.0515597 -0.263867 
-0.0145012 0.0490603 -0.226667 -0.0136599 0.0456578 -0.185721 -0.0121934 0.040954 -0.141117 
-0.00900956 0.0344573 -0.0934525 -0.00300246 0.0257037 -0.0438537 0.0067062 0.0143882 0.00615463 
0.0205439 0.000460838 0.0549138 0.0383535 -0.0158482 0.100949 0.0593945 -0.0340772 0.143246 
0.0824815 -0.0536343 0.18141 0.106218 -0.0739045 0.215652 0.129252 -0.0943199 0.246635 
0.150489 -0.114368 0.275219 0.169198 -0.133544 0.302207 0.185009 -0.151284 0.32815 
0.197831 -0.166928 0.353269 0.207727 -0.179736 0.377476 0.214813 -0.188996 0.400489 
0.219194 -0.19416 0.421965 0.220958 -0.194989 0.441624 0.220198 -0.191641 0.459317 
0.217038 -0.184661 0.475044 0.211635 -0.174883 0.488902 0.204161 -0.163266 0.501007 
0.194753 -0.150729 0.511406 0.183474 -0.13803 0.520009 0.170286 -0.125733 0.526574 
0.155063 -0.114257 0.530758 0.169035 -0.0893027 0.57369 0.145457 -0.081126 0.57349 
0.11897 -0.0747837 0.569956 0.0897533 -0.0709662 0.563269 0.0582424 -0.0704411 0.553922 
0.025089 -0.0737688 0.542552 -0.00891785 -0.0810204 0.529732 -0.0429507 -0.0916004 0.515815 
-0.0762335 -0.104238 0.500862 -0.108106 -0.117164 0.484664 -0.138059 -0.128432 0.466813 
-0.165749 -0.136297 0.446779 -0.191003 -0.139567 0.423994 -0.213819 -0.137833 0.397943 
-0.234359 -0.131527 0.36829 -0.252919 -0.121789 0.335011 -0.269869 -0.110192 0.298475 
-0.285565 -0.0983675 0.259414 -0.300248 -0.0876535 0.218754 -0.31396 -0.0788277 0.177358 
-0.326504 -0.0720061 0.135783 -0.337452 -0.0667172 0.0941677 -0.346219 -0.0621212 0.052315 
-0.352163 -0.0572999 0.00992773 -0.354703 -0.0515263 -0.0331215 -0.353421 -0.0444376 -0.07662 
-0.348147 -0.0360729 -0.12003 -0.339001 -0.0267862 -0.162668 -0.3264 -0.0170846 -0.203951 
-0.311016 -0.00746122 -0.243569 -0.293687 0.00171964 -0.281514 -0.275289 0.0102551 -0.31794 
-0.256579 0.0180637 -0.352962 -0.238065 0.0251084 -0.386484 -0.219918 0.0313301 -0.41814 
-0.201981 0.0366252 -0.447366 -0.183882 0.0408789 -0.47354 -0.165215 0.0440353 -0.496111 
-0.145743 0.0461687 -0.514654 -0.12556 0.0475178 -0.528842 -0.105129 0.0484573 -0.538366 
-0.0852037 0.0494095 -0.542881 -0.0666284 0.0507224 -0.542026 -0.0501137 0.0525602 -0.535521 
-0.0360554 0.054848 -0.523316 -0.0244748 0.0573007 -0.505697 -0.0151014 0.0595278 -0.48329 
-0.00756012 0.0611779 -0.456932 -0.00157708 0.0620645 -0.427424 0.0028926 0.0622149 -0.395261 
0.00568617 0.0618134 -0.360438 0.00661186 0.0610508 -0.322443 0.00572272 0.0599381 -0.280457 
0.00357301 0.0581658 -0.233736 0.0013358 0.055082 -0.182045 0.000702069 0.0498177 -0.125987 
0.00355994 0.041529 -0.067098 0.0115387 0.0296713 -0.00764148 0.0255623 0.0141986 0.0498512 
0.0455655 -0.00439185 0.103153 0.0704723 -0.0251905 0.150842 0.0984496 -0.0471271 0.192562 
0.127346 -0.0692388 0.228972 0.155173 -0.090841 0.261414 0.180463 -0.111538 0.291435 
0.202422 -0.131079 0.320322 0.220848 -0.149141 0.34881 0.235903 -0.165155 0.376999 
0.24785 -0.178272 0.404483 0.256855 -0.187504 0.430595 0.262926 -0.191994 0.45466 
0.265968 -0.191314 0.4762 0.265898 -0.185663 0.495036 0.262743 -0.17588 0.51129 
0.256671 -0.163266 0.525301 0.247943 -0.149276 0.537487 0.236816 -0.135185 0.548178 
0.223441 -0.121867 0.557467 0.207807 -0.109739 0.565148 0.189751 -0.0988869 0.57075 
0.198788 -0.0704283 0.608688 0.1708 -0.0634491 0.610083 0.139529 -0.0578016 0.607971 
0.10531 -0.0542278 0.602461 0.0687993 -0.053744 0.594094 0.030878 -0.0572321 0.583557 
-0.0074893 -0.0650276 0.57138 -0.0454071 -0.0766543 0.557774 -0.082152 -0.0907935 0.542651 
-0.117203 -0.105497 0.525779 -0.15021 -0.118578 0.50689 -0.180934 -0.128065 0.485685 
-0.209206 -0.132611 0.461736 -0.234937 -0.131751 0.434426 -0.258152 -0.12597 0.403067 
-0.279029 -0.116553 0.367188 -0.297882 -0.105258 0.326877 -0.315093 -0.0938958 0.28295 
-0.330973 -0.083906 0.236781 -0.345641 -0.0760494 0.189843 -0.358937 -0.0702958 0.143166 
-0.370425 -0.0659405 0.0970045 -0.379465 -0.0619061 0.0509005 -0.385346 -0.0571277 0.00411282 
-0.387414 -0.0508906 -0.0438326 -0.385184 -0.0430132 -0.0927735 -0.378419 -0.0338261 -0.141921 
-0.367183 -0.0239803 -0.190216 -0.351866 -0.0141762 -0.236822 -0.33317 -0.00492798 -0.281446 
-0.31205 0.00355143 -0.324347 -0.289588 0.0113151 -0.36601 -0.266801 0.0185352 -0.406717 
-0.244439 0.0253239 -0.446231 -0.22282 0.0316082 -0.483764 -0.201782 0.0371163 -0.518219 
-0.180792 0.0414784 -0.548554 -0.159196 0.0444004 -0.574074 -0.136537 0.0458337 -0.594508 
-0.112827 0.0460689 -0.609863 -0.0886611 0.0457066 -0.62016 -0.0651147 0.0455053 -0.625213 
-0.0434416 0.0461549 -0.624577 -0.0246901 0.0480525 -0.617709 -0.00938211 0.0511679 -0.604253 
0.00260635 0.0550541 -0.584324 0.0119071 0.0590117 -0.558626 0.0193163 0.0623513 -0.528326 
0.0253902 0.0646546 -0.494694 0.0301636 0.0659185 -0.458639 0.0331342 0.0665089 -0.420324 
0.0335521 0.0669194 -0.379043 0.0309221 0.0674248 -0.333459 0.0255228 0.067776 -0.282162 
0.0187172 0.0670886 -0.224375 0.0128849 0.0640079 -0.160541 0.010946 0.0571171 -0.0925577 
0.0156048 0.0454427 -0.0235122 0.0285644 0.0288491 0.0430149 0.0499949 0.00815234 0.103862 
0.0784542 -0.0151099 0.157094 0.111295 -0.0391611 0.202406 0.145406 -0.0625202 0.241013 
0.178021 -0.084358 0.275066 0.207294 -0.10453 0.30686 0.232484 -0.123286 0.338123 
0.253729 -0.140802 0.369632 0.271573 -0.156767 0.401208 0.286482 -0.170231 0.432016 
0.298548 -0.179791 0.460988 0.307465 -0.184053 0.487181 0.31273 -0.182177 0.510004 
0.313928 -0.174269 0.529297 0.31094 -0.161465 0.545307 0.30399 -0.145654 0.558604 
0.293536 -0.128967 0.569929 0.280062 -0.113213 0.579978 0.263891 -0.0994765 0.589159 
0.245088 -0.0880264 0.597414 0.22348 -0.078522 0.604202 0.224257 -0.0499926 0.640632 
0.191474 -0.0443179 0.643484 0.155264 -0.0395543 0.642667 0.116184 -0.0363946 0.638228 
0.0751645 -0.0359763 0.630771 0.0333414 -0.03937 0.620972 -0.00818149 -0.0470785 0.609128 
-0.0485544 -0.0587358 0.595054 -0.0872997 -0.0730956 0.578382 -0.124277 -0.0882857 0.559019 
-0.159519 -0.10222 0.537358 -0.193031 -0.113036 0.51404 -0.224658 -0.119448 0.489356 
-0.254093 -0.120959 0.462732 -0.281009 -0.117903 0.4327 -0.305233 -0.11133 0.397519 
-0.326852 -0.102741 0.356125 -0.346173 -0.0937261 0.308857 -0.363567 -0.0855684 0.257485 
-0.379254 -0.0789292 0.204464 -0.393158 -0.0737165 0.151828 -0.404873 -0.0691952 0.100349 
-0.413757 -0.0643148 0.0494541 -0.419095 -0.0581386 -0.00210794 -0.420249 -0.0502122 -0.0552587 
-0.416763 -0.0407259 -0.109876 -0.408409 -0.0304149 -0.164773 -0.395212 -0.0202508 -0.218342 
-0.377478 -0.0110644 -0.269432 -0.355826 -0.00326362 -0.317908 -0.331192 0.00324344 -0.364575 
-0.304751 0.00890357 -0.410531 -0.277741 0.0142343 -0.456344 -0.251197 0.0195342 -0.501531 
-0.22569 0.0247161 -0.544601 -0.20117 0.0293286 -0.583615 -0.177022 0.0327537 -0.616927 
-0.152342 0.034496 -0.643721 -0.126372 0.0344488 -0.664106 -0.0989327 0.0330328 -0.678768 
-0.0706609 0.0311489 -0.688398 -0.0429425 0.0299514 -0.693207 -0.0175211 0.0305058 -0.692753 
0.0040743 0.0334412 -0.686149 0.0210532 0.0387178 -0.672538 0.033612 0.0456046 -0.651613 
0.042781 0.0529008 -0.623924 0.0499166 0.0593424 -0.590822 0.0560433 0.0640566 -0.554023 
0.0613346 0.0668793 -0.514947 0.0649839 0.0683803 -0.474085 0.0655691 0.069546 -0.430692 
0.0618086 0.0712195 -0.38298 0.0534257 0.0735244 -0.328811 0.0417592 0.0755472 -0.266687 
0.0298204 0.0754655 -0.196664 0.0216911 0.0711251 -0.120802 0.0214204 0.060857 -0.0429161 
0.0317944 0.0441915 0.0323442 0.0534398 0.0221424 0.10079 0.0846151 -0.00308529 0.159871 
0.12178 -0.0288559 0.209276 0.16072 -0.0530035 0.250752 0.197788 -0.0744756 0.287221 
0.23077 -0.0934401 0.32162 0.259093 -0.110824 0.355933 0.283379 -0.127518 0.390772 
0.304626 -0.143623 0.425557 0.323437 -0.158112 0.459084 0.339622 -0.169045 0.490114 
0.3523 -0.174266 0.517753 0.360342 -0.172272 0.541536 0.362902 -0.162881 0.561364 
0.359751 -0.147422 0.577451 0.351299 -0.128388 0.590335 0.338346 -0.108685 0.600866 
0.321718 -0.0907955 0.610053 0.301973 -0.0761615 0.618724 0.279277 -0.0650103 0.627139 
0.253467 -0.0566367 0.6348 0.243239 -0.031531 0.674231 0.20558 -0.0267299 0.678105 
0.164629 -0.0227182 0.677969 0.121172 -0.020062 0.673876 0.0764043 -0.0198419 0.66662 
0.0316998 -0.0230804 0.656875 -0.0117196 -0.0302255 0.64448 -0.0531101 -0.0409036 0.628471 
-0.092369 -0.0540042 0.607927 -0.129931 -0.0679986 0.583054 -0.166428 -0.0813216 0.555632 
-0.202258 -0.092663 0.528321 -0.2373 -0.101114 0.503085 -0.270906 -0.106199 0.479692 
-0.302185 -0.107871 0.455332 -0.330395 -0.106488 0.425747 -0.355253 -0.102763 0.387332 
-0.376969 -0.0976213 0.339015 -0.396026 -0.0919566 0.282794 -0.412834 -0.0863426 0.222631 
-0.427447 -0.0808333 0.162392 -0.439482 -0.0749736 0.104067 -0.448248 -0.0680509 0.0472875 
-0.452982 -0.0594985 -0.00971959 -0.453067 -0.0492604 -0.0684492 -0.448137 -0.037936 -0.128847 
-0.438079 -0.0266217 -0.18921 -0.422979 -0.0165162 -0.24723 -0.403108 -0.00847386 -0.301432 
-0.378965 -0.0027148 -0.352047 -0.351354 0.00118205 -0.400789 -0.3214 0.00401263 -0.449692 
-0.290437 0.00654498 -0.499744 -0.259748 0.00916835 -0.550093 -0.230213 0.0117452 -0.598258 
-0.202023 0.0137165 -0.641156 -0.174605 0.0144008 -0.676362 -0.146865 0.0133571 -0.702953 
-0.11769 0.0106697 -0.721584 -0.0865603 0.0070567 -0.733863 -0.0539806 0.00376339 -0.741401 
-0.021534 0.00227037 -0.745014 0.00853506 0.00388764 -0.744401 0.034067 0.00934107 -0.738386 
0.053766 0.0184732 -0.725558 0.067668 0.0301744 -0.705019 0.0770689 0.042617 -0.676909 
0.0839107 0.0537728 -0.642491 0.0898664 0.0620741 -0.603732 0.0955126 0.0669756 -0.562521 
0.0999766 0.069157 -0.519815 0.101266 0.0702115 -0.475093 0.0972176 0.0718763 -0.426383 
0.0867302 0.0750963 -0.370974 0.0707747 0.0793442 -0.306603 0.0527147 0.0825603 -0.232692 
0.0376963 0.081821 -0.151114 0.031232 0.0744985 -0.0660793 0.0374656 0.059414 0.0169017 
0.0577864 0.0374444 0.092654 0.0903695 0.0112777 0.157917 0.130853 -0.0155981 0.21221 
0.173883 -0.0402162 0.25762 0.214864 -0.061156 0.297632 0.251205 -0.078807 0.335576 
0.28256 -0.0947761 0.37342 0.310101 -0.110744 0.411402 0.33527 -0.127334 0.448516 
0.358672 -0.143518 0.483431 0.379612 -0.156837 0.515228 0.396396 -0.164314 0.543606 
0.407139 -0.163651 0.56859 0.410579 -0.154195 0.590142 0.406513 -0.137281 0.608064 
0.39571 -0.115837 0.622299 0.379441 -0.0934465 0.63334 0.358926 -0.0732592 0.642327 
0.334952 -0.0571633 0.650619 0.307779 -0.045509 0.659047 0.277285 -0.037424 0.667347 
0.255047 -0.0181652 0.712452 0.212647 -0.0135442 0.716886 0.167405 -0.00989315 0.716614 
0.120234 -0.00764717 0.711824 0.0724529 -0.00770269 0.703771 0.0255988 -0.0108157 0.693293 
-0.0189763 -0.0171326 0.679591 -0.0605717 -0.0260875 0.660416 -0.0994264 -0.0366709 0.633801 
-0.136608 -0.0478656 0.600234 -0.173479 -0.0589716 0.563594 -0.210972 -0.0696441 0.529825 
-0.249051 -0.0796733 0.50379 -0.28666 -0.0887059 0.486129 -0.322177 -0.0961313 0.472134 
-0.354142 -0.101227 0.453592 -0.381843 -0.103469 0.422684 -0.405467 -0.102786 0.375746 
-0.425782 -0.0995719 0.314764 -0.443558 -0.094446 0.245836 -0.459071 -0.087897 0.175691 
-0.471912 -0.0800638 0.108426 -0.481176 -0.0707966 0.0443093 -0.485842 -0.0599703 -0.0189467 
-0.485142 -0.0478504 -0.083579 -0.478749 -0.0352674 -0.149698 -0.466742 -0.0234673 -0.215036 
-0.449453 -0.0136962 -0.276507 -0.427324 -0.00673761 -0.332356 -0.40088 -0.00265081 -0.383419 
-0.370804 -0.00084528 -0.432652 -0.338054 -0.000443387 -0.483296 -0.303877 -0.000732976 -0.536822 
-0.269634 -0.00147757 -0.591885 -0.236455 -0.00294103 -0.644798 -0.204832 -0.00563752 -0.691163 
-0.174376 -0.00994814 -0.72771 -0.143918 -0.0157885 -0.753418 -0.112003 -0.0224601 -0.769515 
-0.07764 -0.0287184 -0.778531 -0.040974 -0.0330057 -0.783002 -0.00356575 -0.0337683 -0.78442 
0.0319377 -0.029795 -0.782805 0.062655 -0.0205415 -0.776934 0.0865119 -0.00639611 -0.765047 
0.103018 0.0111991 -0.7457 0.113412 0.0298926 -0.718445 0.120073 0.0469138 -0.684105 
0.125423 0.0598571 -0.644512 0.130767 0.0675148 -0.601783 0.135598 0.0703903 -0.557372 
0.137717 0.070562 -0.511281 0.134205 0.0708187 -0.461818 0.122954 0.0733486 -0.406103 
0.104137 0.0785534 -0.34127 0.0809656 0.0845921 -0.265934 0.059278 0.0879653 -0.181323 
0.0459606 0.084956 -0.0914896 0.0467178 0.0732913 -0.00236608 0.0640809 0.0532327 0.0800617 
0.0965215 0.0275504 0.151723 0.139099 0.000379661 0.211683 0.185382 -0.0244943 0.262028 
0.229783 -0.0450948 0.306489 0.269251 -0.0617728 0.348524 0.303616 -0.0765836 0.389867 
0.334563 -0.0918779 0.430257 0.363908 -0.108823 0.468334 0.392124 -0.126557 0.502978 
0.41784 -0.142349 0.534171 0.43844 -0.152633 0.562831 0.451286 -0.15444 0.589856 
0.454831 -0.14659 0.61519 0.449085 -0.130178 0.637684 0.435304 -0.108211 0.655927 
0.415246 -0.0845962 0.669433 0.39044 -0.0629137 0.679259 0.361811 -0.0454459 0.687492 
0.329698 -0.0327974 0.695904 0.294118 -0.0241794 0.704724 0.260627 -0.0113387 0.754634 
0.213675 -0.00628249 0.759414 0.164719 -0.00245065 0.75836 0.114544 -0.000231364 0.751911 
0.0643085 -0.000354352 0.742195 0.0155433 -0.0032534 0.730586 -0.0302205 -0.00864545 0.71562 
-0.0721147 -0.0156027 0.69324 -0.110487 -0.0230757 0.659722 -0.146915 -0.0305234 0.615473 
-0.183527 -0.038221 0.566861 -0.221915 -0.0470104 0.524209 -0.262242 -0.0576138 0.496547 
-0.303054 -0.0699265 0.486098 -0.341925 -0.0827344 0.485978 -0.376583 -0.094053 0.482823 
-0.405882 -0.101907 0.463073 -0.430126 -0.105112 0.41936 -0.450614 -0.103623 0.3534 
-0.468741 -0.0983177 0.273993 -0.485163 -0.0903893 0.191688 -0.49943 -0.0807694 0.113515 
-0.510205 -0.0699045 0.0407788 -0.515868 -0.0579611 -0.0293291 -0.51515 -0.0452444 -0.0999653 
-0.507526 -0.0324931 -0.171539 -0.493246 -0.0208269 -0.241253 -0.473088 -0.0113737 -0.305263 
-0.448012 -0.00482403 -0.361651 -0.418916 -0.0012067 -0.412059 -0.386581 -3.37669e-05 -0.460887 
-0.351791 -0.000719078 -0.512653 -0.315499 -0.00300224 -0.56924 -0.278864 -0.00710626 -0.628674 
-0.243036 -0.0135233 -0.685999 -0.208742 -0.0225504 -0.735573 -0.175868 -0.0338438 -0.773413 
-0.143333 -0.0462449 -0.798457 -0.109442 -0.0579658 -0.81237 -0.0726795 -0.0670211 -0.818312 
-0.0326276 -0.0716778 -0.819446 0.00945351 -0.0707359 -0.817824 0.0507285 -0.0636053 -0.813961 
0.0876231 -0.0502983 -0.806998 0.117078 -0.0314907 -0.795284 0.137678 -0.00868124 -0.777108 
0.15015 0.015705 -0.751396 0.156976 0.0385317 -0.71818 0.161264 0.0566451 -0.678649 
0.16532 0.0679169 -0.63472 0.169522 0.07219 -0.588208 0.172023 0.0715633 -0.539888 
0.169515 0.0696719 -0.488889 0.158866 0.0701162 -0.432775 0.139041 0.0747057 -0.36846 
0.112462 0.0823981 -0.29372 0.0850763 0.0895556 -0.208678 0.0648572 0.0914968 -0.116545 
0.0591765 0.0846383 -0.0230767 0.0721177 0.0681746 0.0652026 0.102946 0.0444576 0.143286 
0.146508 0.0179006 0.209387 0.195423 -0.00701191 0.265157 0.243024 -0.0275941 0.31427 
0.285617 -0.0438031 0.360187 0.323035 -0.0577244 0.404409 0.357357 -0.0720615 0.446233 
0.390701 -0.0884489 0.484054 0.423358 -0.106412 0.517213 0.453271 -0.123402 0.546992 
0.476957 -0.135804 0.575978 0.491169 -0.140386 0.606215 0.494267 -0.135553 0.637504 
0.486604 -0.121928 0.667204 0.469911 -0.10211 0.691815 0.44625 -0.0797683 0.709308 
0.417212 -0.0584784 0.720533 0.383692 -0.0407192 0.728627 0.34615 -0.0273959 0.736796 
0.30497 -0.0180095 0.746058 0.261709 -0.0101993 0.797106 0.210343 -0.00445393 0.802433 
0.158292 7.19061e-05 0.800396 0.105861 0.00290943 0.791711 0.0536238 0.00331088 0.779823 
0.00286933 0.000979319 0.767202 -0.0446332 -0.00346396 0.751943 -0.0875366 -0.00866057 0.727828 
-0.125917 -0.0133059 0.688592 -0.161605 -0.0170671 0.633827 -0.197457 -0.0209938 0.5722 
-0.235868 -0.0270561 0.51892 -0.277389 -0.0369882 0.488111 -0.320287 -0.0510822 0.484382 
-0.361331 -0.0676594 0.498884 -0.397371 -0.0835686 0.512646 -0.426796 -0.0954622 0.50556 
-0.450101 -0.101152 0.465859 -0.469326 -0.100324 0.394764 -0.486772 -0.094311 0.30403 
-0.50372 -0.0851514 0.20851 -0.519771 -0.0745702 0.11859 -0.533043 -0.0634372 0.0367982 
-0.540987 -0.0519032 -0.0401997 -0.541398 -0.0399646 -0.116563 -0.533158 -0.0279798 -0.193072 
-0.516495 -0.016779 -0.266479 -0.492729 -0.00734423 -0.332313 -0.463703 -0.000352989 -0.388675 
-0.431168 0.00404351 -0.438162 -0.396396 0.00602883 -0.486602 -0.360148 0.00565818 -0.539593 
-0.322948 0.00248541 -0.599163 -0.285413 -0.00438958 -0.662568 -0.248362 -0.0157895 -0.723708 
-0.212541 -0.0317116 -0.776039 -0.178109 -0.0508107 -0.815227 -0.144223 -0.0704652 -0.840294 
-0.109128 -0.0874597 -0.853119 -0.0708645 -0.0989566 -0.857003 -0.028349 -0.103264 -0.855225 
0.0177017 -0.100029 -0.850145 0.0645432 -0.0898609 -0.842887 0.108083 -0.0737099 -0.833394 
0.144234 -0.0525122 -0.820655 0.170366 -0.0273407 -0.803086 0.186233 7.63006e-05 -0.779076 
0.193954 0.026981 -0.747617 0.197057 0.0498724 -0.708787 0.198921 0.0655899 -0.663819 
0.201236 0.0727507 -0.614614 0.203131 0.0727114 -0.562818 0.20144 0.0693224 -0.508847 
0.192207 0.0673444 -0.45136 0.172936 0.0701872 -0.387599 0.144674 0.078118 -0.314646 
0.112829 0.0879448 -0.231186 0.086049 0.0944364 -0.138916 0.0733751 0.0927979 -0.0427552 
0.0808072 0.0809369 0.0505496 0.108913 0.060366 0.134904 0.152723 0.0353421 0.207204 
0.20403 0.0107809 0.268191 0.254935 -0.00991079 0.321286 0.300821 -0.0260019 0.370093 
0.341254 -0.0391464 0.4162 0.37857 -0.0519719 0.458736 0.415187 -0.0663932 0.495956 
0.451328 -0.0825019 0.527624 0.484428 -0.0984598 0.556287 0.51036 -0.111286 0.586246 
0.525493 -0.118067 0.62075 0.528245 -0.117039 0.659379 0.519305 -0.108181 0.697684 
0.500655 -0.0931853 0.72963 0.474288 -0.0748805 0.751324 0.441475 -0.0563475 0.763442 
0.402906 -0.0400173 0.770571 0.359288 -0.0270817 0.777868 0.311753 -0.0174405 0.787439 
0.259668 -0.0119017 0.835778 0.203975 -0.00572569 0.842262 0.149457 -0.000266553 0.839595 
0.0955691 0.00384643 0.828614 0.0418708 0.00557317 0.814383 -0.0108582 0.00437505 0.801066 
-0.0605655 0.000905776 0.786829 -0.105115 -0.00311584 0.763328 -0.143911 -0.00591062 0.721195 
-0.178756 -0.00693138 0.658282 -0.213186 -0.00755386 0.584699 -0.25057 -0.0105778 0.520153 
-0.292115 -0.0186901 0.484072 -0.336026 -0.0327435 0.484116 -0.378345 -0.0508914 0.510269 
-0.414969 -0.0691459 0.538608 -0.443677 -0.0830834 0.542821 -0.465051 -0.0897489 0.506794 
-0.481888 -0.0887231 0.43107 -0.497563 -0.0818577 0.330045 -0.51425 -0.0719787 0.222534 
-0.531864 -0.0614083 0.12199 -0.548095 -0.0511405 0.0320392 -0.559361 -0.0409946 -0.0511356 
-0.562184 -0.0304291 -0.132542 -0.554413 -0.0193536 -0.21322 -0.535888 -0.00840293 -0.289524 
-0.508351 0.00140191 -0.356586 -0.474714 0.00922845 -0.412788 -0.438001 0.0147375 -0.461761 
-0.400429 0.0178623 -0.510542 -0.363026 0.018247 -0.565359 -0.32589 0.0148364 -0.627959 
-0.288844 0.00606228 -0.694697 -0.252003 -0.0093106 -0.758597 -0.215827 -0.0310947 -0.812753 
-0.180623 -0.0570146 -0.852982 -0.145875 -0.0829811 -0.878587 -0.109975 -0.104313 -0.89145 
-0.0707111 -0.117353 -0.89453 -0.0264044 -0.12065 -0.89074 0.02288 -0.115079 -0.88247 
0.0747377 -0.102882 -0.871479 0.124838 -0.0862374 -0.858749 0.168236 -0.066269 -0.844234 
0.201026 -0.0431036 -0.82675 0.221671 -0.0169085 -0.804282 0.231449 0.0108674 -0.774746 
0.233855 0.0370368 -0.736904 0.233142 0.0575479 -0.690983 0.232481 0.0693659 -0.638667 
0.232462 0.0722829 -0.582366 0.230655 0.0694602 -0.523995 0.222685 0.0661549 -0.463811 
0.20462 0.0671528 -0.399949 0.175773 0.0742624 -0.329126 0.140469 0.0852763 -0.248463 
0.107598 0.0950188 -0.15763 0.0877525 0.097926 -0.0600942 0.0890721 0.0907569 0.0375114 
0.113824 0.0740101 0.127879 0.157547 0.0514101 0.206113 0.211287 0.0279173 0.271591 
0.265733 0.00744946 0.327388 0.315013 -0.00850125 0.377625 0.358147 -0.0208328 0.424598 
0.397623 -0.0316817 0.467751 0.43627 -0.042963 0.505247 0.474509 -0.0553671 0.536893 
0.509611 -0.0681429 0.565932 0.53712 -0.0795301 0.597942 0.553235 -0.0874776 0.637218 
0.556468 -0.0903316 0.683182 0.547658 -0.0873415 0.729687 0.528655 -0.078921 0.768194 
0.500898 -0.0666044 0.792946 0.464953 -0.0526364 0.804561 0.421172 -0.0392566 0.809384 
0.370722 -0.0279476 0.814919 0.315946 -0.0190348 0.824608 0.254863 -0.0126876 0.86874 
0.194983 -0.0068327 0.87726 0.138587 -0.000694732 0.87484 0.0840426 0.00498366 0.862051 
0.0295912 0.00864675 0.845524 -0.0246899 0.0091028 0.831534 -0.0764586 0.00663684 0.819027 
-0.122594 0.00314659 0.798103 -0.161559 0.00103018 0.756293 -0.194927 0.00146711 0.688939 
-0.22689 0.00326657 0.606254 -0.261964 0.00318946 0.531082 -0.302308 -0.00228048 0.487403 
-0.346358 -0.0147233 0.486184 -0.389583 -0.0324933 0.517503 -0.426883 -0.0511958 0.554284 
-0.455187 -0.0656926 0.565672 -0.474827 -0.0724757 0.532109 -0.489083 -0.0710597 0.453333 
-0.502322 -0.0636976 0.345401 -0.517788 -0.0537583 0.229763 -0.536083 -0.0438518 0.121867 
-0.554878 -0.0348043 0.0259764 -0.569812 -0.0259218 -0.0620345 -0.576105 -0.0161335 -0.147544 
-0.570264 -0.00511856 -0.231479 -0.55129 0.00632083 -0.309783 -0.520967 0.0167586 -0.377486 
-0.483128 0.0250054 -0.433568 -0.442203 0.0306135 -0.482724 -0.401682 0.0336318 -0.532833 
-0.363192 0.0338257 -0.590172 -0.326587 0.0300288 -0.655733 -0.29085 0.0202751 -0.724885 
-0.255163 0.00285975 -0.790121 -0.21941 -0.022193 -0.844735 -0.183844 -0.0521707 -0.88518 
-0.148242 -0.0819758 -0.911225 -0.111292 -0.105767 -0.924651 -0.0707893 -0.119206 -0.927831 
-0.0246986 -0.121131 -0.923086 0.0274713 -0.113704 -0.912699 0.0837705 -0.100916 -0.89896 
0.139926 -0.0862814 -0.883759 0.190479 -0.0710766 -0.867864 0.230474 -0.0541823 -0.850418 
0.257029 -0.0336087 -0.829107 0.270227 -0.0087202 -0.801022 0.273014 0.0183313 -0.763848 
0.270058 0.0430166 -0.716862 0.265847 0.0605872 -0.661344 0.262654 0.068736 -0.600165 
0.25929 0.0690997 -0.536589 0.251496 0.0665734 -0.472643 0.234229 0.0667188 -0.407794 
0.205036 0.0727192 -0.338844 0.166843 0.0836359 -0.261496 0.12839 0.0949403 -0.173128 
0.10157 0.100958 -0.0752608 0.0966601 0.0977766 0.0259636 0.117816 0.0850189 0.122009 
0.161294 0.0656643 0.205815 0.217457 0.044289 0.274977 0.275447 0.0248962 0.332148 
0.327885 0.00951518 0.382404 0.373024 -0.00193151 0.429491 0.413458 -0.0108033 0.473757 
0.452603 -0.018687 0.513313 0.491429 -0.0266917 0.547393 0.527433 -0.0352218 0.578979 
0.556136 -0.0440099 0.614108 0.573684 -0.0521915 0.657832 0.578578 -0.0584286 0.709695 
0.571505 -0.0612481 0.762438 0.553768 -0.0596435 0.805549 0.525849 -0.0536885 0.831674 
0.487341 -0.0447236 0.841408 0.43824 -0.0348499 0.842843 0.380393 -0.0259302 0.845926 
0.317729 -0.0187115 0.855595 0.246819 -0.0092938 0.897014 0.183094 -0.00479082 0.90854 
0.125306 0.00124907 0.907662 0.0707269 0.00814865 0.894112 0.0162537 0.0137829 0.875553 
-0.038778 0.0160509 0.860363 -0.0917685 0.014548 0.848976 -0.138611 0.0111393 0.831048 
-0.176781 0.00885943 0.791781 -0.207552 0.00976994 0.723764 -0.235747 0.0132308 0.635875 
-0.267111 0.0158728 0.551989 -0.304982 0.0134592 0.498909 -0.348334 0.00354317 0.490553 
-0.392335 -0.0127554 0.518468 -0.430961 -0.0310079 0.555037 -0.460086 -0.0456401 0.567583 
-0.479334 -0.0526813 0.534742 -0.491926 -0.0514657 0.455399 -0.502826 -0.0443796 0.345753 
-0.51629 -0.0350033 0.227787 -0.533938 -0.0259389 0.117262 -0.554021 -0.0176697 0.0184288 
-0.572013 -0.00899845 -0.0728247 -0.582212 0.00145748 -0.161485 -0.579776 0.013854 -0.247795 
-0.562496 0.0267447 -0.32722 -0.531635 0.0378917 -0.395007 -0.491428 0.0455789 -0.451042 
-0.447428 0.0494317 -0.501046 -0.404409 0.0501513 -0.553318 -0.364846 0.0483765 -0.613613 
-0.328667 0.0435523 -0.681806 -0.294242 0.0337442 -0.75231 -0.259854 0.0167423 -0.817435 
-0.224661 -0.00809368 -0.871098 -0.188636 -0.038405 -0.910659 -0.151696 -0.0688844 -0.936444 
-0.112855 -0.0930722 -0.950152 -0.0701483 -0.106097 -0.953669 -0.0215356 -0.106886 -0.9489 
0.0337315 -0.098519 -0.938105 0.094074 -0.0864218 -0.923893 0.155481 -0.075325 -0.908504 
0.212412 -0.0667348 -0.892821 0.25931 -0.0584148 -0.875841 0.292204 -0.0462155 -0.854977 
0.309882 -0.0271561 -0.827035 0.314311 -0.0018506 -0.789364 0.310004 0.0252717 -0.740803 
0.302327 0.0481591 -0.682236 0.295143 0.0624424 -0.616565 0.2888 0.0678355 -0.547882 
0.279702 0.0681591 -0.479751 0.262214 0.0689834 -0.413194 0.232386 0.0743387 -0.345584 
0.191671 0.0844618 -0.271612 0.148326 0.0958332 -0.186392 0.115153 0.103314 -0.0891573 
0.104309 0.102972 0.0148784 0.121792 0.0939451 0.11615 0.164686 0.0784611 0.205261 
0.222805 0.0603484 0.27767 0.283783 0.043166 0.33543 0.338661 0.0290267 0.384814 
0.38482 0.0184749 0.431619 0.42494 0.0110293 0.477668 0.463172 0.00574191 0.521104 
0.501317 0.00144088 0.560001 0.537408 -0.00317537 0.596054 0.567136 -0.0092353 0.63483 
0.586583 -0.0170988 0.681825 0.594042 -0.0258443 0.737168 0.589747 -0.0333827 0.793439 
0.574184 -0.0373913 0.839051 0.546726 -0.036615 0.865444 0.505987 -0.0316735 0.872997 
0.451698 -0.0247378 0.871075 0.386516 -0.0182043 0.871738 0.316067 -0.0132489 0.881466 
0.23497 -0.000127505 0.9231 0.168086 0.00211153 0.938529 0.109254 0.00704056 0.940761 
0.0549007 0.0142641 0.928048 0.000879622 0.0212233 0.908095 -0.0540619 0.0249212 0.890833 
-0.107132 0.0241637 0.878668 -0.153444 0.0206369 0.86223 -0.189668 0.0179085 0.825911 
-0.21681 0.0189226 0.760056 -0.240211 0.023693 0.671087 -0.266718 0.0288543 0.581529 
-0.300871 0.0295166 0.518596 -0.342437 0.0223016 0.498113 -0.38667 0.00761733 0.514175 
-0.426942 -0.0102958 0.541421 -0.458086 -0.025568 0.548526 -0.478661 -0.0337418 0.514367 
-0.491186 -0.0337731 0.437044 -0.500572 -0.0278821 0.331223 -0.511721 -0.0195702 0.217051 
-0.527367 -0.0112504 0.108753 -0.546897 -0.00304675 0.00991575 -0.566419 0.00659535 -0.0831316 
-0.580039 0.0190989 -0.174144 -0.581941 0.0341153 -0.262106 -0.568591 0.0492138 -0.341971 
-0.540175 0.0610861 -0.409496 -0.500569 0.0674009 -0.465675 -0.455768 0.0680165 -0.517099 
-0.411467 0.0647101 -0.572038 -0.37103 0.0596047 -0.635303 -0.33481 0.0533764 -0.705526 
-0.30101 0.0445223 -0.776367 -0.267328 0.0303186 -0.840281 -0.23226 0.00899053 -0.891999 
-0.195329 -0.0182578 -0.929765 -0.156353 -0.0467599 -0.95437 -0.114565 -0.0700137 -0.967529 
-0.0683809 -0.082694 -0.971028 -0.0161195 -0.0833785 -0.966867 0.0427988 -0.0753251 -0.957559 
0.106898 -0.0646893 -0.945754 0.172483 -0.0570777 -0.933203 0.23431 -0.054398 -0.919857 
0.286791 -0.0538821 -0.903833 0.325357 -0.0499149 -0.882273 0.347706 -0.0376128 -0.852424 
0.354634 -0.016003 -0.812369 0.350009 0.0111235 -0.761339 0.339519 0.0371955 -0.700005 
0.328269 0.0564459 -0.630827 0.318172 0.0669051 -0.557946 0.306686 0.0710355 -0.485901 
0.288136 0.0737607 -0.417239 0.257511 0.0792501 -0.350362 0.214889 0.0884813 -0.279539 
0.167758 0.0989576 -0.197933 0.129323 0.106494 -0.102334 0.113141 0.107738 0.00345355 
0.126816 0.101833 0.10929 0.168341 0.0904236 0.203571 0.227263 0.0763919 0.279379 
0.290008 0.0623976 0.337811 0.346208 0.0501341 0.3862 0.392388 0.040423 0.43261 
0.431259 0.0335957 0.480744 0.467703 0.0295598 0.528978 0.504443 0.0274849 0.573937 
0.540171 0.0256164 0.615287 0.57079 0.0217772 0.657357 0.592217 0.0145457 0.705817 
0.602319 0.00438564 0.761889 0.600707 -0.00620338 0.819063 0.587045 -0.0138789 0.865718 
0.559799 -0.0163681 0.892494 0.516899 -0.0138372 0.899134 0.458002 -0.00871948 0.895368 
0.386532 -0.00404719 0.894617 0.309531 -0.00143061 0.904813 0.219336 0.0142638 0.948581 
0.150418 0.0139257 0.968616 0.090826 0.0170442 0.97557 0.0365949 0.0236051 0.965695 
-0.016921 0.030847 0.945518 -0.0712578 0.0351382 0.925504 -0.123523 0.0346562 0.910118 
-0.168415 0.0308933 0.892349 -0.202136 0.0277868 0.857706 -0.225481 0.0289613 0.795481 
-0.244023 0.0349555 0.709154 -0.265287 0.0423991 0.617794 -0.294751 0.0458156 0.546426 
-0.333082 0.0409491 0.511223 -0.37609 0.0274758 0.50928 -0.41713 0.00936652 0.519767 
-0.450387 -0.00727872 0.5156 -0.473306 -0.0174836 0.4779 -0.487218 -0.0196778 0.404223 
-0.496252 -0.0157089 0.306336 -0.505316 -0.0088382 0.200573 -0.51801 -0.00125529 0.0981273 
-0.535114 0.00717696 0.00146591 -0.554071 0.0182027 -0.0922424 -0.569661 0.0331384 -0.184897 
-0.575789 0.0510623 -0.273911 -0.567831 0.0685639 -0.353836 -0.544576 0.081295 -0.421165 
-0.508793 0.0863257 -0.477995 -0.466036 0.083752 -0.53144 -0.422265 0.0764709 -0.589279 
-0.381517 0.0682212 -0.655143 -0.344822 0.0611213 -0.72657 -0.310733 0.0542998 -0.79687 
-0.276863 0.0445649 -0.858956 -0.241289 0.0287846 -0.90837 -0.203022 0.00652178 -0.943959 
-0.161541 -0.0187885 -0.966723 -0.116093 -0.0410285 -0.978464 -0.0654962 -0.0544274 -0.981343 
-0.00871033 -0.0567063 -0.978069 0.0542496 -0.0504171 -0.971734 0.121653 -0.0415416 -0.964763 
0.190023 -0.0360524 -0.957592 0.254659 -0.0364223 -0.948232 0.31046 -0.0401808 -0.933265 
0.352864 -0.0414257 -0.909595 0.378925 -0.0344078 -0.875642 0.388382 -0.017028 -0.831267 
0.384208 0.00785462 -0.77693 0.371918 0.0340325 -0.713316 0.357368 0.0554011 -0.641995 
0.343798 0.0690879 -0.56634 0.329849 0.0764159 -0.491147 0.31022 0.0813242 -0.420258 
0.279278 0.087478 -0.353463 0.235905 0.0959978 -0.285278 0.186596 0.105122 -0.207462 
0.144401 0.111717 -0.114438 0.123673 0.113374 -0.00816061 0.133282 0.109659 0.101312 
0.172215 0.1019 0.200614 0.230205 0.0920442 0.280413 0.293032 0.0816284 0.340391 
0.349312 0.0715775 0.388386 0.394809 0.0626659 0.434466 0.432127 0.0558716 0.484341 
0.466659 0.0520256 0.536941 0.501898 0.0509305 0.587593 0.537117 0.0507971 0.633701 
0.568359 0.0487873 0.677909 0.591242 0.0426205 0.725826 0.603072 0.0322409 0.780113 
0.602837 0.0202652 0.836069 0.589652 0.0106662 0.88302 0.561593 0.00641448 0.911227 
0.516443 0.00765152 0.919326 0.454046 0.0117082 0.916309 0.378362 0.0150143 0.915938 
0.297215 0.0155787 0.927315 0.200665 0.0316236 0.972628 0.13128 0.0293562 0.997645 
0.0713617 0.0308253 1.01062 0.0170461 0.0362581 1.00559 -0.0361833 0.0428699 0.986795 
-0.0898012 0.0467733 0.964029 -0.140935 0.0458656 0.943473 -0.184308 0.0415692 0.921447 
-0.216044 0.0380554 0.886402 -0.23673 0.0393605 0.82812 -0.251715 0.046337 0.747346 
-0.268501 0.05558 0.658319 -0.292945 0.0611641 0.581682 -0.326521 0.0581392 0.53223 
-0.36603 0.0455465 0.509778 -0.405571 0.0270516 0.499277 -0.439411 0.00887084 0.479836 
-0.464257 -0.00359107 0.43636 -0.480111 -0.00824246 0.36626 -0.489754 -0.0065033 0.277749 
-0.497361 -0.00136388 0.182291 -0.506813 0.00515164 0.0873038 -0.520124 0.0133112 -0.00601337 
-0.536411 0.0249508 -0.0994297 -0.551851 0.0413383 -0.192829 -0.560883 0.0612408 -0.282204 
-0.55835 0.080658 -0.362012 -0.541704 0.094543 -0.429632 -0.512133 0.099479 -0.487998 
-0.473969 0.0956047 -0.544191 -0.432678 0.0865097 -0.605016 -0.392561 0.0770799 -0.672839 
-0.355374 0.0705654 -0.744477 -0.320427 0.0666709 -0.813427 -0.285742 0.0618784 -0.873386 
-0.249312 0.0518698 -0.92062 -0.209685 0.0346017 -0.954203 -0.165835 0.0121322 -0.975001 
-0.116813 -0.0100091 -0.984884 -0.061768 -0.0256392 -0.986701 -0.000435421 -0.0312981 -0.984294 
0.0662797 -0.0281414 -0.981536 0.136078 -0.0211506 -0.980442 0.205527 -0.0160829 -0.979636 
0.27055 -0.015985 -0.974665 0.326884 -0.0193966 -0.960303 0.370513 -0.0213365 -0.93336 
0.398405 -0.0164381 -0.893927 0.409615 -0.00227141 -0.844274 0.406245 0.0191871 -0.786572 
0.393321 0.0427559 -0.721625 0.376936 0.0630333 -0.649778 0.361211 0.0772127 -0.572992 
0.345811 0.0860232 -0.495664 0.325993 0.0924307 -0.422603 0.295852 0.0992087 -0.355169 
0.253302 0.107097 -0.288752 0.203711 0.114662 -0.214409 0.159477 0.119658 -0.124541 
0.13513 0.120702 -0.0190082 0.140425 0.118007 0.0929178 0.175433 0.112847 0.196825 
0.230606 0.106423 0.281221 0.291781 0.0992154 0.343971 0.347082 0.0913021 0.392634 
0.391648 0.0832296 0.438593 0.427738 0.0764278 0.489392 0.460866 0.0725544 0.544879 
0.494945 0.0721218 0.599607 0.529628 0.0735379 0.649005 0.560993 0.0735682 0.693908 
0.584281 0.0692012 0.739588 0.596214 0.0597389 0.790153 0.595303 0.0475733 0.843228 
0.580543 0.03692 0.889871 0.550288 0.0312348 0.920474 0.502813 0.0310597 0.93233 
0.438415 0.0338299 0.93276 0.361275 0.0358124 0.934798 0.279176 0.0348011 0.948236 
0.180064 0.0491336 0.992355 0.112094 0.0465634 1.02225 0.0526534 0.0476047 1.0418 
-0.00163453 0.0523426 1.043 -0.0546456 0.0579921 1.02718 -0.10753 0.0607484 1.00244 
-0.157588 0.0586245 0.976009 -0.199991 0.0531848 0.94785 -0.231138 0.0487852 0.910571 
-0.251359 0.04968 0.855863 -0.265241 0.0569034 0.782469 -0.279445 0.0670842 0.699385 
-0.299477 0.0740981 0.621562 -0.327309 0.0725747 0.560962 -0.360995 0.0610459 0.519278 
-0.396087 0.0427741 0.487295 -0.427801 0.0238367 0.451003 -0.452787 0.00979822 0.399873 
-0.469988 0.00310423 0.331664 -0.480611 0.00270872 0.251207 -0.487501 0.00587737 0.165156 
-0.494098 0.0106961 0.0772895 -0.503104 0.0174731 -0.0123019 -0.515183 0.0281164 -0.104363 
-0.528263 0.0440347 -0.19715 -0.537998 0.0641392 -0.285843 -0.539413 0.0844582 -0.36531 
-0.529051 0.099782 -0.43385 -0.506487 0.10639 -0.49477 -0.474388 0.104142 -0.55443 
-0.43712 0.0965748 -0.618184 -0.398765 0.0888219 -0.687153 -0.361638 0.0845749 -0.757889 
-0.325963 0.0838857 -0.82463 -0.290495 0.0831773 -0.88218 -0.253432 0.0775087 -0.927476 
-0.212997 0.0637777 -0.959519 -0.167617 0.0429471 -0.978752 -0.116027 0.019923 -0.986975 
-0.0575952 0.0011095 -0.987731 0.00718874 -0.00893525 -0.986008 0.0764498 -0.00975749 -0.986422 
0.147172 -0.00485092 -0.990514 0.215821 0.000768356 -0.995134 0.278894 0.00371792 -0.993555 
0.333094 0.00417819 -0.979035 0.375305 0.00545468 -0.948533 0.402905 0.0115622 -0.90391 
0.414734 0.0244631 -0.849804 0.412264 0.0427421 -0.79 0.399893 0.062478 -0.725318 
0.383491 0.0796014 -0.654724 0.367501 0.0920986 -0.578471 0.352243 0.100653 -0.500132 
0.333514 0.107483 -0.425122 0.305409 0.114394 -0.356344 0.265159 0.121481 -0.290499 
0.21703 0.127323 -0.218693 0.172429 0.130311 -0.131935 0.145526 0.129947 -0.0280775 
0.146557 0.127112 0.0849525 0.176691 0.123188 0.192554 0.227558 0.118908 0.281649 
0.285724 0.113972 0.348172 0.33935 0.107784 0.398645 0.383082 0.100648 0.444877 
0.41858 0.0942651 0.495812 0.451016 0.090896 0.552473 0.484326 0.0916306 0.609355 
0.518327 0.0951012 0.660512 0.549085 0.0977973 0.705066 0.571497 0.0960328 0.747587 
0.58178 0.0883297 0.793236 0.578167 0.0765334 0.842003 0.55994 0.0647715 0.887225 
0.526311 0.0568854 0.920082 0.476612 0.0540887 0.936753 0.411824 0.0544861 0.942417 
0.33606 0.054763 0.948502 0.256312 0.0527778 0.964817 0.15851 0.0647374 1.00454 
0.0938861 0.0640328 1.03858 0.0361573 0.066576 1.06412 -0.0173713 0.0718207 1.07171 
-0.0696672 0.0768583 1.05985 -0.121453 0.078165 1.03434 -0.170373 0.0741814 1.00271 
-0.212388 0.0668238 0.968165 -0.244433 0.0606625 0.927775 -0.266536 0.0601092 0.876014 
-0.282089 0.0663967 0.810576 -0.296211 0.0763859 0.735721 -0.313352 0.0840852 0.660494 
-0.335548 0.0839987 0.593211 -0.362083 0.0742274 0.536381 -0.390366 0.0574308 0.485694 
-0.417244 0.0391631 0.433482 -0.440053 0.0247607 0.373733 -0.457223 0.0167861 0.304999 
-0.468564 0.0145125 0.229543 -0.475328 0.0155057 0.150199 -0.479913 0.0179898 0.067944 
-0.485007 0.022284 -0.0178762 -0.492308 0.0303576 -0.107255 -0.501394 0.0439068 -0.197597 
-0.509485 0.06238 -0.284163 -0.51243 0.0824104 -0.362764 -0.506501 0.0991651 -0.432566 
-0.490042 0.108838 -0.496709 -0.464065 0.110728 -0.56018 -0.431542 0.107558 -0.626516 
-0.395934 0.103759 -0.695682 -0.359808 0.102702 -0.764359 -0.324176 0.104547 -0.827968 
-0.288593 0.106028 -0.882663 -0.251626 0.102378 -0.926077 -0.211345 0.0902802 -0.957041 
-0.165738 0.0701235 -0.975427 -0.113231 0.0462009 -0.982766 -0.0533252 0.0247224 -0.982976 
0.012882 0.0107922 -0.981785 0.082693 0.00611033 -0.984243 0.152451 0.00868258 -0.991478 
0.218487 0.0145779 -0.999115 0.277768 0.0205289 -0.999016 0.327906 0.0257254 -0.983697 
0.366783 0.0317647 -0.950544 0.392493 0.0409758 -0.902842 0.40407 0.0543858 -0.846891 
0.40264 0.0707441 -0.787454 0.391947 0.0872034 -0.725109 0.37726 0.101072 -0.657516 
0.362788 0.111334 -0.583337 0.349062 0.118889 -0.505197 0.332318 0.125447 -0.428754 
0.306905 0.131996 -0.358176 0.269765 0.13803 -0.291639 0.224278 0.142062 -0.220972 
0.180725 0.142926 -0.136635 0.152497 0.140793 -0.0349367 0.149879 0.137063 0.0777928 
0.174983 0.133263 0.187592 0.220851 0.129884 0.280642 0.275253 0.126189 0.351226 
0.326822 0.121187 0.404365 0.369855 0.115021 0.451446 0.405217 0.109516 0.502203 
0.437372 0.107253 0.558895 0.469954 0.109669 0.616587 0.50282 0.115555 0.668646 
0.532088 0.121212 0.712676 0.552461 0.122375 0.75211 0.559798 0.11674 0.792467 
0.552209 0.105385 0.835722 0.529484 0.0920846 0.877764 0.492013 0.0809817 0.911323 
0.440496 0.0742124 0.932151 0.376755 0.0710927 0.943404 0.304669 0.0693129 0.954363 
0.229972 0.0671143 0.974077 0.136695 0.0779687 1.00731 0.0770166 0.0810681 1.04402 
0.0224454 0.0869515 1.07373 -0.0290352 0.0940679 1.08643 -0.0794734 0.0992297 1.07843 
-0.129219 0.0992538 1.05328 -0.176407 0.0931628 1.01812 -0.217999 0.0833419 0.978448 
-0.251629 0.0746114 0.935191 -0.277052 0.0715587 0.885743 -0.296292 0.0757254 0.827619 
-0.312574 0.0844565 0.761483 -0.328838 0.09222 0.691279 -0.346734 0.0936401 0.62166 
-0.366475 0.0864063 0.555036 -0.387277 0.0723337 0.490544 -0.407861 0.0560562 0.425453 
-0.426748 0.0423185 0.357535 -0.442458 0.0336201 0.286362 -0.453881 0.029591 0.212714 
-0.460825 0.0282534 0.137046 -0.464376 0.0280972 0.0586938 -0.466617 0.0294596 -0.0233117 
-0.469607 0.0342864 -0.108596 -0.474117 0.044511 -0.194579 -0.478884 0.0602316 -0.277438 
-0.480947 0.0789868 -0.354323 -0.476927 0.0966881 -0.425124 -0.464546 0.109667 -0.492358 
-0.443541 0.116557 -0.55923 -0.415553 0.118814 -0.627332 -0.383211 0.119523 -0.695624 
-0.348992 0.121214 -0.761186 -0.314388 0.124033 -0.820819 -0.279592 0.12542 -0.872127 
-0.243571 0.121554 -0.913499 -0.204407 0.109734 -0.943682 -0.159871 0.0902902 -0.962018 
-0.108221 0.0668684 -0.969585 -0.0490597 0.0449138 -0.97017 0.0161219 0.029215 -0.969566 
0.0841209 0.0219244 -0.972779 0.150915 0.0221293 -0.980655 0.212812 0.0270674 -0.988427 
0.267171 0.0340879 -0.987772 0.312337 0.0420788 -0.971437 0.347086 0.051544 -0.937441 
0.370298 0.0634799 -0.889842 0.381411 0.0780039 -0.835499 0.381404 0.0937764 -0.77925 
0.373359 0.108611 -0.721167 0.361655 0.120766 -0.657937 0.349809 0.12991 -0.587091 
0.338196 0.137044 -0.510425 0.323432 0.143464 -0.433485 0.300422 0.149587 -0.361196 
0.266301 0.154564 -0.293058 0.223942 0.156982 -0.222108 0.182542 0.156074 -0.139159 
0.154401 0.152477 -0.0397398 0.149379 0.147886 0.071324 0.170178 0.143869 0.181355 
0.211195 0.140779 0.276752 0.261621 0.137679 0.350779 0.310855 0.133428 0.406891 
0.35302 0.12808 0.455424 0.388142 0.12345 0.506245 0.419789 0.122194 0.56266 
0.451133 0.125899 0.620694 0.482065 0.133519 0.67362 0.508922 0.141358 0.717771 
0.526448 0.144831 0.755068 0.530327 0.140952 0.790594 0.518612 0.129966 0.827659 
0.491584 0.115084 0.864684 0.45077 0.100566 0.896616 0.398244 0.0894816 0.919703 
0.336679 0.0826052 0.935635 0.269697 0.0789855 0.951391 0.201684 0.0774914 0.974532 
0.115233 0.0898333 1.00064 0.0614296 0.0976705 1.03793 0.0112363 0.107788 1.06904 
-0.0367978 0.117558 1.08438 -0.0839628 0.123475 1.07913 -0.130369 0.122687 1.05506 
-0.174723 0.114794 1.01844 -0.215029 0.102616 0.975868 -0.249699 0.0911688 0.930868 
-0.278339 0.0851937 0.883241 -0.301764 0.0866129 0.830895 -0.321398 0.0934356 0.772304 
-0.338589 0.100818 0.707768 -0.354298 0.103674 0.638967 -0.369191 0.0992918 0.567698 
-0.383812 0.0884812 0.495036 -0.398494 0.0747035 0.421445 -0.413025 0.0619062 0.347331 
-0.426441 0.052482 0.273233 -0.437296 0.0465541 0.199392 -0.444429 0.0428288 0.125247 
-0.447746 0.0402342 0.0495786 -0.44844 0.0391275 -0.0285373 -0.448356 0.0412481 -0.108691 
-0.448844 0.048493 -0.18896 -0.449785 0.0613917 -0.266927 -0.449425 0.0783349 -0.341178 
-0.445126 0.0960975 -0.412115 -0.434584 0.111343 -0.481388 -0.416813 0.122173 -0.550375 
-0.392442 0.128757 -0.618912 -0.363268 0.132694 -0.685205 -0.331421 0.13553 -0.74685 
-0.298524 0.137424 -0.801976 -0.265137 0.13681 -0.849525 -0.230564 0.131327 -0.888663 
-0.193063 0.119432 -0.918235 -0.150457 0.101726 -0.937225 -0.101056 0.0811325 -0.946162 
-0.0445894 0.0618007 -0.948218 0.0172811 0.0473545 -0.948543 0.0812341 0.0395054 -0.951613 
0.143268 0.0377821 -0.958111 0.199888 0.0404185 -0.963696 0.248829 0.045726 -0.960995 
0.288986 0.0530332 -0.943837 0.319802 0.0626476 -0.910941 0.34082 0.075009 -0.866397 
0.351882 0.0897604 -0.816536 0.353863 0.105474 -0.765474 0.34914 0.120241 -0.712683 
0.341012 0.132674 -0.654403 0.332026 0.142551 -0.587688 0.322198 0.150615 -0.513743 
0.308568 0.157694 -0.437647 0.286929 0.163843 -0.364427 0.255111 0.168191 -0.294502 
0.215902 0.169642 -0.22233 0.177543 0.16788 -0.139864 0.151001 0.163856 -0.0427062 
0.145237 0.159326 0.065454 0.16305 0.15571 0.173596 0.199906 0.153173 0.269196 
0.246408 0.150658 0.345299 0.292908 0.146964 0.404053 0.33357 0.14207 0.4544 
0.367702 0.137664 0.50573 0.397989 0.136313 0.562032 0.427128 0.13969 0.620414 
0.455125 0.147052 0.674497 0.478737 0.155067 0.71968 0.493023 0.15928 0.756213 
0.493689 0.156372 0.788099 0.47874 0.145859 0.819237 0.448738 0.130224 0.850246 
0.406019 0.11351 0.878612 0.353722 0.0993933 0.901865 0.29522 0.0899128 0.920946 
0.233937 0.0854509 0.940689 0.173109 0.0855811 0.966674 0.0949686 0.101821 0.985669 
0.04714 0.11393 1.02112 0.0019017 0.12778 1.05057 -0.0417622 0.139955 1.06566 
-0.0845895 0.146778 1.06154 -0.126571 0.145735 1.03888 -0.166952 0.136883 1.00283 
-0.204669 0.123288 0.959901 -0.238885 0.10996 0.914773 -0.269248 0.101639 0.868742 
-0.295777 0.100551 0.820343 -0.318562 0.105387 0.767154 -0.337651 0.112082 0.707488 
-0.353233 0.115945 0.64114 -0.365956 0.113948 0.569213 -0.376996 0.105921 0.493548 
-0.387659 0.0941433 0.416188 -0.398696 0.0817675 0.338948 -0.409788 0.0711486 0.263026 
-0.419647 0.0630519 0.188685 -0.426744 0.0570526 0.115275 -0.430242 0.0526446 0.0417467 
-0.430508 0.0501809 -0.0325592 -0.428857 0.0509744 -0.107374 -0.426673 0.0565123 -0.181668 
-0.424453 0.0673455 -0.254433 -0.421379 0.0824144 -0.325456 -0.415641 0.0992664 -0.395396 
-0.405296 0.115038 -0.465029 -0.389146 0.127597 -0.53423 -0.367211 0.136174 -0.601552 
-0.340611 0.14116 -0.664789 -0.311013 0.143295 -0.722078 -0.279903 0.142843 -0.772614 
-0.247965 0.139307 -0.816391 -0.21477 0.131889 -0.853267 -0.178887 0.120347 -0.882343 
-0.138453 0.105654 -0.902473 -0.0920565 0.0899673 -0.913662 -0.0396055 0.0758727 -0.918157 
0.0172533 0.0653318 -0.919963 0.0754326 0.0589841 -0.922658 0.13133 0.0562158 -0.926824 
0.181901 0.0559204 -0.929075 0.225306 0.0574219 -0.923701 0.260844 0.0609423 -0.906082 
0.288396 0.0673199 -0.875566 0.30794 0.0772094 -0.835688 0.319578 0.0903509 -0.791517 
0.324004 0.105433 -0.746036 0.322834 0.120645 -0.698272 0.318211 0.134509 -0.644615 
0.311635 0.146416 -0.582274 0.302745 0.156502 -0.512094 0.289128 0.165035 -0.438363 
0.267749 0.171844 -0.365548 0.237507 0.176277 -0.294444 0.201425 0.177752 -0.220897 
0.166896 0.176444 -0.138501 0.14338 0.173503 -0.0436579 0.13852 0.170528 0.0606013 
0.154732 0.16859 0.164997 0.188186 0.167528 0.258673 0.230775 0.16611 0.335166 
0.273925 0.16304 0.39572 0.31209 0.158164 0.447766 0.344095 0.152952 0.499752 
0.37188 0.149813 0.555917 0.397734 0.150558 0.61439 0.421855 0.15499 0.669489 
0.441597 0.160581 0.716138 0.452582 0.163542 0.753089 0.450747 0.160689 0.782942 
0.434064 0.151041 0.809503 0.403113 0.136243 0.834966 0.360555 0.119717 0.859172 
0.310086 0.10516 0.88127 0.255474 0.0953048 0.902025 0.199976 0.0914857 0.924484 
0.14601 0.0938703 0.952118 0.0769597 0.114672 0.963591 0.034517 0.129378 0.994935 
-0.00597356 0.145265 1.02011 -0.0451761 0.158659 1.03254 -0.0834353 0.16602 1.02814 
-0.120668 0.165212 1.00708 -0.156513 0.15658 0.973315 -0.190604 0.143143 0.932407 
-0.222726 0.129583 0.888886 -0.252743 0.120341 0.844597 -0.280358 0.117717 0.798659 
-0.304974 0.120942 0.748704 -0.32585 0.126698 0.692484 -0.34255 0.130788 0.629025 
-0.355392 0.130056 0.558971 -0.365533 0.123596 0.484225 -0.374526 0.112721 0.407228 
-0.38356 0.0999432 0.330196 -0.392838 0.0876613 0.254555 -0.401502 0.0773202 0.180735 
-0.408184 0.0693884 0.108397 -0.41183 0.0639385 0.0369493 -0.412293 0.0612803 -0.0339327 
-0.410328 0.0621552 -0.104128 -0.40701 0.0673636 -0.173344 -0.402974 0.0771119 -0.241587 
-0.39793 0.0905452 -0.309366 -0.390734 0.105797 -0.37734 -0.379923 0.120544 -0.44558 
-0.364405 0.13275 -0.512999 -0.343931 0.141185 -0.577499 -0.319155 0.145499 -0.636845 
-0.291297 0.145917 -0.689681 -0.261576 0.142841 -0.73593 -0.230661 0.136659 -0.776255 
-0.198351 0.127862 -0.811013 -0.163634 0.117283 -0.839639 -0.125155 0.106199 -0.861055 
-0.0819533 0.0960807 -0.874867 -0.034152 0.0880765 -0.882341 0.0167384 0.0825237 -0.886154 
0.0681105 0.0788498 -0.888812 0.117032 0.0759934 -0.890786 0.161108 0.0731531 -0.88978 
0.198987 0.0704246 -0.881916 0.230296 0.0689194 -0.864161 0.255169 0.0702579 -0.836315 
0.273802 0.0757172 -0.801069 0.28637 0.0855338 -0.762009 0.293274 0.0987588 -0.721009 
0.295359 0.113709 -0.676984 0.293674 0.12869 -0.626987 0.288777 0.142523 -0.568815 
0.280047 0.154626 -0.503094 0.265739 0.164706 -0.433072 0.244115 0.172462 -0.36215 
0.215272 0.177569 -0.291002 0.182576 0.180008 -0.216639 0.152597 0.180398 -0.134463 
0.13318 0.17996 -0.0421107 0.130404 0.179972 0.0576252 0.145967 0.180998 0.157068 
0.176458 0.182435 0.247253 0.214942 0.182778 0.322652 0.254007 0.180567 0.383954 
0.288635 0.175442 0.437102 0.317429 0.168599 0.489306 0.341747 0.162279 0.544679 
0.363527 0.158504 0.602246 0.383175 0.157831 0.657312 0.398723 0.158881 0.704899 
0.406544 0.158968 0.742753 0.403023 0.155478 0.772107 0.386171 0.147209 0.796174 
0.356391 0.134972 0.817921 0.31621 0.121219 0.838881 0.269322 0.109053 0.859619 
0.219494 0.101195 0.880987 0.16975 0.0993577 0.904683 0.121988 0.104064 0.932326 
0.0620597 0.127718 0.935159 0.0241073 0.142826 0.960753 -0.0123875 0.158593 0.980096 
-0.0477748 0.171652 0.988514 -0.0820937 0.178935 0.983103 -0.115162 0.178738 0.963905 
-0.146807 0.171518 0.933716 -0.177055 0.159946 0.896646 -0.20611 0.148026 0.856247 
-0.234109 0.139562 0.814174 -0.260824 0.136628 0.769951 -0.285538 0.138777 0.721778 
-0.30726 0.14336 0.667784 -0.325212 0.146775 0.607078 -0.339298 0.146023 0.540177 
-0.35025 0.139829 0.468763 -0.359313 0.128882 0.395024 -0.367626 0.115238 0.320931 
-0.375653 0.101328 0.247759 -0.383018 0.0891283 0.175994 -0.38882 0.0798204 0.105594 
-0.392218 0.0739413 0.0363844 -0.392923 0.0717367 -0.0316746 -0.391288 0.0733934 -0.0985139 
-0.387985 0.0789925 -0.164214 -0.383478 0.088261 -0.229221 -0.377636 0.100343 -0.294228 
-0.369703 0.113789 -0.359682 -0.358618 0.126815 -0.425185 -0.343497 0.137697 -0.489255 
-0.324022 0.145134 -0.549735 -0.30056 0.148434 -0.604684 -0.273965 0.147517 -0.653207 
-0.245185 0.142831 -0.695634 -0.214836 0.135263 -0.732923 -0.182943 0.126067 -0.765708 
-0.148967 0.116727 -0.793736 -0.112153 0.108687 -0.816127 -0.0720576 0.10295 -0.832275 
-0.029029 0.0997002 -0.842632 0.0156215 0.0981739 -0.84865 0.0598721 0.0969361 -0.851811 
0.101572 0.094527 -0.852412 0.139058 0.0902119 -0.849071 0.171493 0.0844625 -0.839462 
0.198784 0.0788946 -0.821842 0.221205 0.0756601 -0.796274 0.239016 0.0765782 -0.764603 
0.252323 0.0824317 -0.729128 0.261184 0.0927468 -0.690941 0.265748 0.106101 -0.649189 
0.266169 0.120723 -0.601856 0.262298 0.135032 -0.547493 0.253432 0.147906 -0.486533 
0.238526 0.158662 -0.421078 0.217049 0.166962 -0.353228 0.190146 0.17281 -0.283223 
0.161404 0.176649 -0.208958 0.136518 0.179392 -0.127517 0.121709 0.182188 -0.0378671 
0.121451 0.185898 0.0571795 0.136639 0.19053 0.151287 0.164166 0.195007 0.237288 
0.198201 0.197535 0.310698 0.232555 0.196461 0.371843 0.26291 0.191193 0.425268 
0.287843 0.182637 0.476816 0.308259 0.172853 0.530218 0.325736 0.164075 0.585268 
0.340824 0.157641 0.638492 0.352209 0.153407 0.685589 0.357113 0.149977 0.723954 
0.352556 0.145565 0.753782 0.336731 0.13901 0.777425 0.309808 0.130404 0.797834 
0.273868 0.121104 0.817313 0.232145 0.113208 0.837252 0.188005 0.108852 0.858563 
0.144103 0.109598 0.882018 0.10197 0.116064 0.907905 0.050353 0.139304 0.900891 
0.016135 0.152922 0.920051 -0.0171773 0.16681 0.933219 -0.0496501 0.178298 0.937469 
-0.0810686 0.185015 0.931042 -0.111108 0.185705 0.913993 -0.139592 0.180789 0.888066 
-0.166655 0.172361 0.85583 -0.192671 0.163502 0.819533 -0.217987 0.157126 0.780248 
-0.242605 0.154845 0.737712 -0.266028 0.156344 0.690828 -0.287402 0.159568 0.638509 
-0.305894 0.161616 0.580392 -0.321095 0.159922 0.517119 -0.333218 0.153221 0.450129 
-0.342956 0.141888 0.381141 -0.351102 0.127641 0.311619 -0.358143 0.112814 0.242474 
-0.36408 0.0996045 0.174073 -0.368547 0.0895773 0.10649 -0.371133 0.0835425 0.0397696 
-0.371679 0.0817011 -0.025954 -0.370362 0.0838713 -0.090563 -0.367524 0.0896387 -0.154155 
-0.36336 0.0983848 -0.217117 -0.357679 0.109248 -0.279913 -0.349873 0.121105 -0.34265 
-0.33912 0.132645 -0.404675 -0.324708 0.142516 -0.464529 -0.306317 0.149525 -0.520393 
-0.28413 0.152835 -0.570808 -0.25873 0.152121 -0.615269 -0.230842 0.14768 -0.654271 
-0.201043 0.14044 -0.688797 -0.169576 0.131851 -0.719563 -0.136362 0.123591 -0.746552 
-0.101216 0.117143 -0.769147 -0.0641761 0.113326 -0.786718 -0.0257795 0.111986 -0.799184 
0.0128744 0.112011 -0.807088 0.0503291 0.111732 -0.811081 0.0851688 0.109604 -0.811243 
0.116407 0.104899 -0.806783 0.143669 0.0981014 -0.796438 0.167092 0.0908074 -0.779326 
0.187016 0.0851707 -0.755615 0.203681 0.0831248 -0.726478 0.217068 0.0857294 -0.693323 
0.226933 0.0928961 -0.656841 0.232908 0.103552 -0.616596 0.234545 0.116093 -0.571492 
0.231285 0.128889 -0.520733 0.222497 0.140647 -0.464526 0.207771 0.150576 -0.403892 
0.187499 0.158423 -0.3397 0.163514 0.164458 -0.271695 0.139351 0.16941 -0.198414 
0.119754 0.174293 -0.118322 0.109417 0.180059 -0.0315404 0.111392 0.187133 0.0590252 
0.125899 0.195033 0.148103 0.150167 0.202313 0.230029 0.179455 0.20698 0.301217 
0.208798 0.207254 0.361687 0.234647 0.202353 0.414699 0.25566 0.192904 0.464735 
0.272345 0.180737 0.515016 0.28588 0.168171 0.565981 0.296832 0.157119 0.615472 
0.304431 0.148465 0.660306 0.306747 0.141978 0.698144 0.301556 0.136734 0.728598 
0.287398 0.131798 0.753125 0.264274 0.126781 0.774081 0.233707 0.122073 0.793687 
0.198207 0.118706 0.813467 0.160454 0.117969 0.834217 0.122573 0.120962 0.856139 
0.0857652 0.128196 0.878803 0.0409007 0.148058 0.861491 0.0100808 0.159167 0.874535 
-0.0204866 0.170359 0.882219 -0.050646 0.179786 0.882979 -0.0799927 0.185808 0.875922 
-0.108055 0.187562 0.861097 -0.134541 0.185337 0.839377 -0.159491 0.180558 0.812006 
-0.183237 0.175308 0.780025 -0.20618 0.171545 0.743875 -0.228508 0.170328 0.703368 
-0.25002 0.171377 0.658014 -0.270155 0.173181 0.607497 -0.288217 0.17359 0.552051 
-0.303667 0.170665 0.492532 -0.316326 0.163399 0.430205 -0.326379 0.152058 0.366359 
-0.334215 0.138048 0.301972 -0.340211 0.123409 0.237568 -0.344586 0.110206 0.17331 
-0.347404 0.100034 0.109218 -0.348686 0.0937844 0.0453702 -0.348518 0.0916698 -0.0180437 
-0.347075 0.0934123 -0.080818 -0.344514 0.0984605 -0.142868 -0.34082 0.106141 -0.204257 
-0.335692 0.115716 -0.265032 -0.328547 0.126364 -0.324941 -0.318677 0.137144 -0.383223 
-0.305462 0.147005 -0.438648 -0.288573 0.15486 -0.489874 -0.268057 0.159751 -0.535946 
-0.244287 0.16107 -0.576645 -0.217813 0.158759 -0.612482 -0.18918 0.153422 -0.64431 
-0.158804 0.146257 -0.6728 -0.126969 0.138783 -0.698097 -0.0939346 0.132418 -0.719849 
-0.0600982 0.128034 -0.737549 -0.026116 0.125662 -0.750886 0.00710661 0.124506 -0.759862 
0.0385738 0.123267 -0.76458 0.067445 0.120702 -0.764917 0.0932475 0.116176 -0.76038 
0.115942 0.109986 -0.750303 0.135806 0.10331 -0.734268 0.153188 0.0978069 -0.712444 
0.16827 0.0950368 -0.685554 0.180924 0.095942 -0.654476 0.190717 0.100587 -0.619743 
0.197004 0.108222 -0.581312 0.199055 0.11759 -0.538753 0.196187 0.127336 -0.491677 
0.187949 0.136359 -0.44003 0.174408 0.144038 -0.383976 0.156509 0.150313 -0.323464 
0.136345 0.155649 -0.257891 0.117103 0.160887 -0.186294 0.102538 0.166973 -0.108161 
0.0960221 0.174595 -0.0244412 0.0994926 0.18381 0.0619355 0.112748 0.193808 0.146543 
0.133461 0.202972 0.224871 0.157946 0.209287 0.294002 0.182389 0.210983 0.353633 
0.20398 0.207179 0.405887 0.221483 0.198243 0.453997 0.235036 0.185701 0.500624 
0.245381 0.171728 0.546685 0.252975 0.158453 0.591255 0.25744 0.147363 0.632428 
0.257599 0.139037 0.668539 0.252002 0.133265 0.699037 0.239648 0.129433 0.724642 
0.220494 0.126957 0.746861 0.195558 0.125602 0.767292 0.166575 0.125568 0.787093 
0.135436 0.127375 0.806779 0.103647 0.131602 0.826251 0.0720569 0.138568 0.84487 
0.0320375 0.154144 0.817832 0.00468696 0.162685 0.825844 -0.0230583 0.171326 0.829318 
-0.0509206 0.178924 0.827579 -0.0784032 0.184443 0.820258 -0.104945 0.187303 0.807334 
-0.130128 0.187617 0.789047 -0.153823 0.186186 0.76571 -0.176183 0.184205 0.737508 
-0.197508 0.182794 0.704415 -0.218021 0.182522 0.666271 -0.237709 0.183133 0.622997 
-0.256267 0.183603 0.574822 -0.273196 0.182509 0.522401 -0.287984 0.17857 0.466745 
-0.300264 0.171132 0.408994 -0.30991 0.160432 0.350136 -0.317016 0.147541 0.290811 
-0.321823 0.134049 0.231269 -0.324634 0.121628 0.171491 -0.325769 0.111649 0.111394 
-0.325546 0.104951 0.0509862 -0.324269 0.101823 -0.00956918 -0.322187 0.10213 -0.0700081 
-0.319411 0.105501 -0.130048 -0.315839 0.111479 -0.189413 -0.311119 0.119587 -0.247765 
-0.304693 0.12929 -0.304573 -0.295921 0.139914 -0.359049 -0.284233 0.150586 -0.410223 
-0.269276 0.160251 -0.457174 -0.25098 0.167808 -0.499327 -0.229548 0.172332 -0.536629 
-0.205376 0.173322 -0.569513 -0.17895 0.170879 -0.598646 -0.150772 0.165721 -0.624596 
-0.121334 0.159006 -0.647599 -0.0911554 0.152005 -0.66754 -0.0608305 0.145728 -0.68411 
-0.0310495 0.140643 -0.696999 -0.00255207 0.136612 -0.706 0.0239873 0.133053 -0.710946 
0.0480985 0.129289 -0.711595 0.0696111 0.124907 -0.707584 0.0886505 0.120012 -0.698522 
0.105521 0.115226 -0.684194 0.120519 0.111482 -0.664717 0.133752 0.109677 -0.640526 
0.145031 0.110341 -0.612182 0.153872 0.113459 -0.580124 0.159587 0.11849 -0.544511 
0.16144 0.124562 -0.505237 0.158841 0.130751 -0.462059 0.151564 0.136355 -0.414682 
0.139977 0.141076 -0.362726 0.12523 0.145093 -0.30564 0.109311 0.148994 -0.242726 
0.0948526 0.153604 -0.173452 0.084664 0.159708 -0.0979991 0.081058 0.167742 -0.0177911 
0.085198 0.177518 0.064366 0.0967183 0.188103 0.144757 0.113806 0.19793 0.21975 
0.133748 0.205158 0.286891 0.15373 0.208177 0.345576 0.171583 0.206107 0.396977 
0.186172 0.19909 0.443256 0.197308 0.188267 0.486501 0.205312 0.175444 0.527888 
0.210455 0.162584 0.567443 0.212595 0.15131 0.604409 0.21114 0.142586 0.637907 
0.205322 0.13667 0.667513 0.194611 0.133282 0.693464 0.179031 0.131904 0.716485 
0.159233 0.132066 0.737411 0.136299 0.133532 0.756845 0.111395 0.13633 0.774978 
0.085443 0.140647 0.791586 0.0589458 0.146624 0.806124 0.0220685 0.159538 0.770406 
-0.0015877 0.166083 0.774831 -0.0261207 0.172867 0.775479 -0.0512396 0.179222 0.772147 
-0.0764656 0.184509 0.764697 -0.101245 0.188311 0.753021 -0.125103 0.190577 0.736986 
-0.147763 0.19162 0.7164 -0.169178 0.19198 0.691009 -0.189452 0.192165 0.660564 
-0.20871 0.192402 0.624948 -0.226961 0.192484 0.584308 -0.24403 0.191797 0.539143 
-0.259577 0.189523 0.490281 -0.273183 0.184941 0.43875 -0.284469 0.177714 0.385561 
-0.293198 0.168051 0.331507 -0.299322 0.156694 0.277045 -0.302986 0.144742 0.222293 
-0.304495 0.133388 0.167153 -0.304256 0.123676 0.111472 -0.302719 0.116342 0.0551873 
-0.300307 0.111781 -0.00159912 -0.297334 0.110116 -0.0586244 -0.293943 0.111308 -0.115504 
-0.290052 0.115241 -0.171764 -0.285356 0.12174 -0.226839 -0.27938 0.130513 -0.280059 
-0.271572 0.141061 -0.33066 -0.261424 0.152601 -0.377867 -0.248573 0.164075 -0.421037 
-0.232862 0.174261 -0.459801 -0.214353 0.181987 -0.494148 -0.193297 0.186378 -0.524382 
-0.17008 0.187065 -0.550973 -0.145182 0.184267 -0.574363 -0.119141 0.178724 -0.594825 
-0.09255 0.171485 -0.612416 -0.0660407 0.163626 -0.627032 -0.0402587 0.156004 -0.638492 
-0.015806 0.149111 -0.646597 0.0068367 0.143088 -0.651135 0.0273827 0.137859 -0.651855 
0.0457709 0.133317 -0.648475 0.0621335 0.129475 -0.640732 0.0766984 0.126513 -0.628482 
0.0896563 0.124714 -0.611771 0.101037 0.124318 -0.590831 0.11064 0.125382 -0.565992 
0.118041 0.1277 -0.537547 0.122674 0.130825 -0.505639 0.12398 0.134193 -0.470206 
0.121584 0.137288 -0.430981 0.115477 0.13981 -0.38751 0.106169 0.141783 -0.339195 
0.0947743 0.143574 -0.285368 0.0829547 0.145818 -0.225472 0.0727146 0.149246 -0.159356 
0.0660365 0.154463 -0.0876202 0.0644429 0.161713 -0.0118525 0.0686125 0.170706 0.0654217 
0.0781893 0.180568 0.141142 0.091871 0.189961 0.212384 0.10776 0.197361 0.277058 
0.123856 0.201428 0.334347 0.138511 0.201363 0.3847 0.150691 0.197122 0.42942 
0.159973 0.189433 0.470031 0.166331 0.179596 0.50772 0.169845 0.169142 0.543074 
0.170481 0.159475 0.576138 0.168033 0.151591 0.606693 0.162235 0.145967 0.634558 
0.152944 0.142607 0.659751 0.140292 0.141214 0.682471 0.124709 0.141393 0.702959 
0.106823 0.14283 0.72135 0.0872649 0.14537 0.737582 0.0665018 0.149002 0.751412 
0.0447588 0.15375 0.762482 0.00993027 0.166969 0.718813 -0.00995541 0.172227 0.721038 
-0.0309376 0.177865 0.720034 -0.0527891 0.183469 0.715774 -0.0751319 0.188613 0.708181 
-0.0975069 0.192956 0.697088 -0.119473 0.196325 0.682225 -0.140692 0.198727 0.66324 
-0.160965 0.200295 0.639777 -0.180211 0.201172 0.61158 -0.198394 0.201395 0.578598 
-0.215443 0.200822 0.541078 -0.231198 0.199142 0.499573 -0.245398 0.195963 0.454878 
-0.257723 0.19096 0.407901 -0.267861 0.184014 0.35949 -0.275588 0.175302 0.310292 
-0.280828 0.165297 0.260673 -0.283677 0.15469 0.210731 -0.284396 0.144263 0.16038 
-0.283372 0.134767 0.109473 -0.281051 0.126832 0.057925 -0.277863 0.120943 0.00578771 
-0.274147 0.117452 -0.0467209 -0.270086 0.116617 -0.0992246 -0.265672 0.11861 -0.151216 
-0.260712 0.123492 -0.202086 -0.254866 0.131138 -0.251157 -0.247716 0.141156 -0.297734 
-0.238853 0.152832 -0.341174 -0.227944 0.165139 -0.380969 -0.214794 0.176848 -0.416818 
-0.199368 0.186704 -0.448662 -0.181786 0.193648 -0.476652 -0.162311 0.197017 -0.501068 
-0.141316 0.196658 -0.52222 -0.119267 0.192937 -0.540361 -0.0966876 0.186623 -0.555643 
-0.0741328 0.178704 -0.568113 -0.0521477 0.170179 -0.577742 -0.0312176 0.161897 -0.584441 
-0.0117179 0.154467 -0.588077 0.00612205 0.148252 -0.588481 0.022225 0.143419 -0.58546 
0.0366328 0.140007 -0.578839 0.0494401 0.137977 -0.568504 0.0607108 0.137229 -0.554439 
0.0704063 0.137583 -0.536719 0.0783476 0.13877 -0.515472 0.0842297 0.140432 -0.4908 
0.087688 0.142173 -0.462706 0.0884069 0.143628 -0.431038 0.0862479 0.144565 -0.395465 
0.0813717 0.144958 -0.355503 0.0743217 0.145029 -0.310584 0.06604 0.145225 -0.260184 
0.0577918 0.146137 -0.204011 0.0509936 0.148361 -0.142223 0.0469682 0.152338 -0.0756178 
0.0466791 0.158195 -0.00570991 0.050518 0.165654 0.0653788 0.0582129 0.174014 0.135223 
0.0688921 0.182259 0.201528 0.081289 0.189242 0.262558 0.0940226 0.193941 0.317414 
0.105864 0.195683 0.366076 0.115909 0.194297 0.409203 0.123619 0.190144 0.447794 
0.128754 0.184008 0.482843 0.131243 0.176904 0.515105 0.131074 0.169845 0.545023 
0.128243 0.16365 0.572784 0.122774 0.158828 0.598428 0.114764 0.155572 0.621941 
0.104426 0.153833 0.643287 0.092076 0.153434 0.662402 0.0780741 0.154186 0.679165 
0.0627313 0.155964 0.693394 0.046239 0.158712 0.704873 0.0286508 0.162404 0.713397 
-0.00455571 0.178053 0.661877 -0.0208962 0.182503 0.662946 -0.0383055 0.187375 0.661133 
-0.0566426 0.192369 0.656422 -0.0756584 0.197161 0.648735 -0.0950286 0.201452 0.637901 
-0.114407 0.205011 0.623669 -0.133475 0.207696 0.605741 -0.151975 0.20944 0.583851 
-0.169707 0.210209 0.557843 -0.186507 0.209963 0.52775 -0.202209 0.208617 0.493835 
-0.216618 0.206044 0.456584 -0.229502 0.202107 0.416643 -0.240607 0.196711 0.374718 
-0.249699 0.189868 0.331465 -0.256611 0.181729 0.287392 -0.26128 0.172599 0.242811 
-0.263778 0.162908 0.19784 -0.264305 0.153171 0.152458 -0.263169 0.143933 0.106582 
-0.260734 0.135733 0.0601585 -0.257365 0.12908 0.0132235 -0.25337 0.124438 -0.0340546 
-0.248946 0.122213 -0.0813676 -0.244158 0.122716 -0.12828 -0.238932 0.126115 -0.174261 
-0.233079 0.132365 -0.218722 -0.226334 0.141147 -0.261069 -0.218414 0.151841 -0.300756 
-0.209067 0.163542 -0.33734 -0.19811 0.175155 -0.370519 -0.185463 0.185537 -0.40015 
-0.171159 0.193666 -0.426239 -0.155342 0.198804 -0.448898 -0.138259 0.200605 -0.468303 
-0.120239 0.199158 -0.484641 -0.101674 0.194937 -0.498075 -0.0829862 0.188692 -0.508726 
-0.0645956 0.181306 -0.516667 -0.0468841 0.173646 -0.521923 -0.0301647 0.166455 -0.52447 
-0.0146624 0.160277 -0.524247 -0.000513274 0.155437 -0.521164 0.0122157 0.152051 -0.515124 
0.0234912 0.150057 -0.506045 0.0332716 0.149254 -0.493871 0.041474 0.149337 -0.478573 
0.0479608 0.149944 -0.460125 0.0525556 0.150701 -0.438467 0.0550879 0.15128 -0.413468 
0.0554598 0.151448 -0.3849 0.0537194 0.151123 -0.35243 0.050124 0.1504 -0.31566 
0.0451732 0.149549 -0.274197 0.0395952 0.148979 -0.227765 0.0342803 0.149162 -0.176338 
0.0301641 0.150537 -0.120269 0.0280794 0.153404 -0.0603787 0.0286085 0.15783 0.00204591 
0.0319726 0.163603 0.0653533 0.0379871 0.170237 0.127731 0.0460993 0.177035 0.187468 
0.0554961 0.183218 0.243201 0.0652538 0.188065 0.294095 0.0744869 0.191053 0.339881 
0.0824604 0.191955 0.380787 0.088645 0.190865 0.417366 0.0927167 0.188161 0.450303 
0.0945214 0.184404 0.480247 0.0940292 0.180216 0.507705 0.0912988 0.176162 0.533009 
0.0864584 0.172678 0.556325 0.0796948 0.170033 0.577687 0.0712394 0.168351 0.59703 
0.0613399 0.167657 0.614221 0.0502198 0.167928 0.629082 0.0380375 0.169136 0.641425 
0.0248629 0.171257 0.651078 0.0106838 0.174255 0.657916 -0.0208822 0.191836 0.598412 
-0.0341321 0.195618 0.598951 -0.0482721 0.199726 0.596857 -0.0632261 0.203924 0.592087 
-0.0788495 0.207954 0.584556 -0.09494 0.211558 0.574135 -0.111259 0.214512 0.560658 
-0.127557 0.216635 0.543956 -0.143588 0.217796 0.523902 -0.159125 0.217905 0.500459 
-0.17395 0.2169 0.47372 -0.187851 0.214736 0.443922 -0.200613 0.21138 0.411435 
-0.21202 0.206818 0.376719 -0.221868 0.201072 0.34027 -0.229981 0.194219 0.302548 
-0.236237 0.186405 0.263927 -0.240593 0.177857 0.224664 -0.243094 0.168878 0.184899 
-0.243876 0.159834 0.144678 -0.243149 0.151143 0.104003 -0.241168 0.143253 0.0628801 
-0.2382 0.136622 0.0213668 -0.234484 0.131692 -0.0203958 -0.230199 0.128857 -0.062169 
-0.225444 0.128421 -0.103618 -0.220231 0.130546 -0.144331 -0.214493 0.135204 -0.183847 
-0.208105 0.142139 -0.22169 -0.20091 0.150861 -0.25741 -0.192755 0.160666 -0.290614 
-0.183514 0.170709 -0.320997 -0.173113 0.180096 -0.348354 -0.161547 0.188005 -0.372578 
-0.148882 0.193793 -0.393655 -0.135258 0.197079 -0.411636 -0.120881 0.197789 -0.426618 
-0.106006 0.196138 -0.438717 -0.0909202 0.19258 -0.448051 -0.0759233 0.18772 -0.454723 
-0.0613025 0.182214 -0.458815 -0.0473163 0.176676 -0.460378 -0.0341821 0.171609 -0.459433 
-0.0220729 0.167354 -0.45597 -0.0111234 0.164083 -0.449959 -0.00144217 0.161802 -0.441354 
0.00687469 0.16038 -0.430096 0.0137342 0.159595 -0.416113 0.0190465 0.159175 -0.39931 
0.0227384 0.158853 -0.379559 0.0247775 0.158409 -0.356688 0.0252047 0.157715 -0.33048 
0.0241669 0.156757 -0.300689 0.0219385 0.155644 -0.267073 0.0189263 0.154596 -0.229452 
0.0156479 0.153908 -0.187778 0.0126843 0.153899 -0.142206 0.0106111 0.154848 -0.0931618 
0.00991848 0.156939 -0.0413586 0.010936 0.160204 0.0122175 0.0137789 0.164507 0.0663854 
0.0183275 0.169548 0.119889 0.0242456 0.1749 0.17154 0.031033 0.180081 0.220354 
0.0381005 0.184626 0.26565 0.0448492 0.188165 0.307087 0.0507399 0.190479 0.344642 
0.0553398 0.191523 0.378539 0.0583451 0.191418 0.409148 0.0595828 0.190412 0.436887 
0.0589972 0.188828 0.462137 0.0566306 0.187003 0.485195 0.0526001 0.185244 0.506245 
0.0470729 0.183803 0.525365 0.0402393 0.182862 0.542535 0.0322837 0.182547 0.557668 
0.0233579 0.182934 0.570637 0.0135612 0.184068 0.581304 0.00293321 0.185956 0.589545 
-0.00853616 0.188571 0.595266 -0.0382286 0.204794 0.528013 -0.0488613 0.207815 0.528307 
-0.0601622 0.210971 0.526241 -0.0720825 0.214085 0.521757 -0.084537 0.216963 0.514786 
-0.0974033 0.219411 0.505251 -0.110528 0.22125 0.493074 -0.123735 0.222326 0.478197 
-0.136835 0.222519 0.460599 -0.14963 0.221741 0.440316 -0.161922 0.219943 0.417462 
-0.173513 0.217102 0.392221 -0.18421 0.213226 0.364848 -0.193832 0.208351 0.335642 
-0.202217 0.202547 0.304916 -0.209233 0.195919 0.272968 -0.21479 0.188614 0.240057 
-0.21885 0.180825 0.206383 -0.221431 0.172794 0.172089 -0.222608 0.164802 0.13727 
-0.2225 0.15717 0.101996 -0.221262 0.15024 0.0663358 -0.219059 0.144364 0.0303833 
-0.21605 0.139876 -0.00572296 -0.212369 0.137064 -0.0417882 -0.208112 0.136142 -0.0775592 
-0.203331 0.137212 -0.112731 -0.198031 0.140238 -0.146964 -0.192183 0.145032 -0.179898 
-0.185732 0.151252 -0.211183 -0.178614 0.158426 -0.240493 -0.170773 0.165989 -0.267548 
-0.162173 0.173346 -0.292125 -0.15281 0.179936 -0.314067 -0.142721 0.185296 -0.333279 
-0.131985 0.189107 -0.349722 -0.120722 0.191231 -0.363407 -0.109088 0.191706 -0.374379 
-0.0972637 0.190729 -0.382707 -0.0854484 0.188611 -0.388466 -0.0738443 0.185726 -0.391735 
-0.062648 0.182454 -0.39258 -0.052042 0.179136 -0.391052 -0.0421894 0.176034 -0.387185 
-0.0332315 0.173314 -0.380987 -0.0252877 0.171044 -0.372448 -0.0184553 0.169205 -0.361534 
-0.0128085 0.167713 -0.34819 -0.0083935 0.166452 -0.332335 -0.00522076 0.165302 -0.313871 
-0.00325444 0.164169 -0.29268 -0.00240116 0.163009 -0.268636 -0.00250153 0.161843 -0.241627 
-0.00332799 0.160754 -0.211575 -0.00459207 0.15988 -0.178473 -0.00596252 0.159395 -0.142419 
-0.00709395 0.159475 -0.103646 -0.00766294 0.160268 -0.0625418 -0.00740627 0.161865 -0.019652 
-0.00615515 0.164277 0.0243434 -0.00385877 0.167424 0.0686742 -0.000592872 0.17114 0.112542 
0.00344882 0.175191 0.155191 0.00797853 0.179309 0.195971 0.0126494 0.183223 0.234391 
0.017095 0.186702 0.270141 0.0209675 0.189578 0.303089 0.0239683 0.191766 0.333255 
0.0258694 0.193269 0.36077 0.0265225 0.194162 0.385822 0.0258597 0.19458 0.408617 
0.023885 0.194692 0.429331 0.0206595 0.194675 0.448098 0.0162836 0.194702 0.464991 
0.0108765 0.194923 0.480025 0.00455626 0.195462 0.493169 -0.00257654 0.196408 0.504359 
-0.0104498 0.197817 0.513517 -0.0190229 0.199707 0.520559 -0.0282823 0.202055 0.525413 
-0.0556764 0.212482 0.451122 -0.0640056 0.214614 0.451272 -0.0728001 0.21668 0.449409 
-0.082015 0.218567 0.445489 -0.0915886 0.220151 0.439472 -0.10144 0.221311 0.431323 
-0.111469 0.22193 0.421025 -0.121559 0.22191 0.408578 -0.131581 0.221171 0.394007 
-0.141394 0.219659 0.377375 -0.150853 0.217344 0.358775 -0.159814 0.214226 0.338339 
-0.168134 0.210327 0.316224 -0.175684 0.205701 0.292612 -0.182349 0.200425 0.267688 
-0.188034 0.194604 0.241638 -0.192674 0.188372 0.214632 -0.196232 0.181889 0.186823 
-0.198705 0.175339 0.158342 -0.200119 0.16893 0.129306 -0.200527 0.162885 0.0998215 
-0.200005 0.157434 0.0699982 -0.198636 0.152801 0.0399572 -0.19651 0.149191 0.00984064 
-0.193709 0.146771 -0.0201822 -0.190302 0.145655 -0.0499133 -0.186344 0.145886 -0.0791282 
-0.181868 0.147429 -0.107582 -0.176892 0.150163 -0.135018 -0.171421 0.153886 -0.16118 
-0.165454 0.158326 -0.185821 -0.158988 0.163168 -0.208716 -0.152028 0.168076 -0.229671 
-0.144592 0.172725 -0.248525 -0.136713 0.176835 -0.265159 -0.128448 0.18019 -0.279489 
-0.119871 0.182657 -0.291469 -0.111077 0.184192 -0.301086 -0.102178 0.18483 -0.308348 
-0.0932956 0.184675 -0.313283 -0.0845609 0.183876 -0.315932 -0.0761045 0.182605 -0.316337 
-0.0680532 0.181031 -0.31454 -0.0605246 0.179305 -0.310577 -0.0536235 0.177544 -0.304475 
-0.0474374 0.175829 -0.296246 -0.0420338 0.174202 -0.285893 -0.0374562 0.172677 -0.273407 
-0.0337213 0.171251 -0.258766 -0.0308145 0.169914 -0.241944 -0.0286882 0.168664 -0.222918 
-0.0272592 0.167514 -0.201671 -0.0264102 0.1665 -0.178211 -0.0259935 0.165681 -0.15258 
-0.0258383 0.165131 -0.124868 -0.0257629 0.164932 -0.0952298 -0.0255889 0.165165 -0.0638899 
-0.0251575 0.165892 -0.0311475 -0.0243454 0.167147 0.00262919 -0.0230785 0.168926 0.0370166 
-0.0213403 0.171186 0.0715574 -0.0191748 0.173844 0.105788 -0.0166828 0.176787 0.139268 
-0.0140117 0.179883 0.171606 -0.0113408 0.182995 0.202482 -0.00886415 0.185997 0.23166 
-0.00677262 0.188788 0.25899 -0.00523833 0.191297 0.284397 -0.00440239 0.193492 0.307872 
-0.00436721 0.195378 0.329449 -0.00519376 0.19699 0.349184 -0.00690348 0.19839 0.367141 
-0.00948394 0.199654 0.383371 -0.0128973 0.200864 0.397911 -0.0170901 0.2021 0.410772 
-0.022003 0.20343 0.421944 -0.0275788 0.204906 0.431399 -0.0337685 0.206558 0.439095 
-0.0405334 0.208391 0.444982 -0.0478441 0.210382 0.449009 -0.0721708 0.21197 0.368305 
-0.0783202 0.213198 0.368356 -0.0847643 0.21424 0.36681 -0.0914602 0.215038 0.363647 
-0.0983581 0.215532 0.358853 -0.1054 0.215662 0.352425 -0.112519 0.215373 0.344369 
-0.119642 0.214619 0.334706 -0.126687 0.213367 0.323471 -0.13357 0.211597 0.310715 
-0.140202 0.209303 0.296506 -0.146496 0.206499 0.280926 -0.152366 0.203214 0.26407 
-0.157734 0.199495 0.246042 -0.16253 0.195408 0.226954 -0.166695 0.191033 0.206921 
-0.170185 0.186466 0.186056 -0.172969 0.181815 0.164473 -0.175033 0.177199 0.142285 
-0.176377 0.172746 0.119602 -0.177015 0.168582 0.0965367 -0.176972 0.164835 0.0732047 
-0.176282 0.161619 0.0497289 -0.174983 0.159035 0.0262408 -0.173116 0.15716 0.00288276 
-0.170721 0.15604 -0.0201924 -0.167834 0.155688 -0.0428218 -0.164491 0.15608 -0.0648352 
-0.160719 0.157154 -0.0860585 -0.156546 0.158814 -0.106318 -0.151997 0.160935 -0.125446 
-0.147096 0.163372 -0.143282 -0.14187 0.165971 -0.159684 -0.136351 0.168578 -0.174524 
-0.130576 0.171053 -0.187695 -0.124589 0.173279 -0.199112 -0.118442 0.175166 -0.20871 
-0.112195 0.176657 -0.216445 -0.105914 0.177729 -0.222292 -0.0996702 0.178385 -0.22624 
-0.093536 0.178657 -0.228293 -0.0875857 0.17859 -0.228461 -0.0818903 0.178241 -0.226766 
-0.0765156 0.177672 -0.223229 -0.0715196 0.17694 -0.217876 -0.0669496 0.176099 -0.210734 
-0.0628402 0.175194 -0.201829 -0.0592112 0.174266 -0.191188 -0.0560663 0.173347 -0.178841 
-0.0533922 0.172471 -0.164823 -0.0511589 0.171667 -0.149175 -0.0493201 0.170969 -0.131953 
-0.0478157 0.170412 -0.113227 -0.0465749 0.170033 -0.093089 -0.0455208 0.169871 -0.0716557 
-0.0445753 0.169961 -0.0490715 -0.0436655 0.170333 -0.0255093 -0.0427291 0.171009 -0.00116928 
-0.0417204 0.171996 0.023725 -0.0406138 0.17329 0.0489329 -0.0394072 0.174869 0.0742046 
-0.0381221 0.176698 0.0992914 -0.036802 0.178729 0.123955 -0.0355091 0.180909 0.147977 
-0.0343195 0.183179 0.171165 -0.0333163 0.185482 0.19336 -0.0325843 0.187768 0.214435 
-0.0322028 0.189996 0.234297 -0.0322414 0.192136 0.252881 -0.0327561 0.194173 0.270145 
-0.0337867 0.196102 0.286064 -0.035357 0.19793 0.300625 -0.0374756 0.199671 0.313818 
-0.0401379 0.201343 0.325636 -0.0433293 0.202965 0.336067 -0.0470281 0.204553 0.345094 
-0.0512083 0.206116 0.352697 -0.0558419 0.207655 0.358849 -0.0608999 0.20916 0.363522 
-0.066353 0.210609 0.366684 -0.0864253 0.203621 0.279484 -0.090433 0.204107 0.279482 
-0.094593 0.204409 0.27835 -0.0988737 0.204507 0.276085 -0.103241 0.204381 0.27269 
-0.107658 0.204013 0.268173 -0.112084 0.203388 0.262548 -0.116479 0.202496 0.255839 
-0.120798 0.201334 0.248072 -0.124998 0.199902 0.239286 -0.129033 0.198209 0.229522 
-0.13286 0.196271 0.218832 -0.136437 0.194112 0.207272 -0.139725 0.191763 0.194904 
-0.142689 0.189261 0.181797 -0.145299 0.186652 0.168022 -0.147528 0.183983 0.153656 
-0.149358 0.181308 0.138778 -0.150775 0.178683 0.12347 -0.151772 0.176164 0.10782 
-0.152346 0.173804 0.0919154 -0.152501 0.171655 0.0758491 -0.152246 0.169761 0.0597168 
-0.151591 0.16816 0.0436173 -0.150553 0.166878 0.0276528 -0.149149 0.165931 0.0119277 
-0.147399 0.165323 -0.00345153 -0.145323 0.165045 -0.0183777 -0.142943 0.165076 -0.032744 
-0.140282 0.165385 -0.0464456 -0.137365 0.165929 -0.0593814 -0.134216 0.166662 -0.071455 
-0.130861 0.16753 -0.082577 -0.127329 0.168482 -0.0926655 -0.123649 0.169464 -0.101648 
-0.119853 0.17043 -0.109462 -0.115973 0.171339 -0.116054 -0.112043 0.172159 -0.121383 
-0.1081 0.172865 -0.125416 -0.104178 0.173442 -0.128132 -0.100313 0.173885 -0.129519 
-0.0965404 0.174195 -0.129572 -0.0928913 0.174379 -0.128295 -0.0893951 0.174451 -0.1257 
-0.0860774 0.174427 -0.121804 -0.0829587 0.174328 -0.116633 -0.0800544 0.174175 -0.110215 
-0.0773741 0.173991 -0.102589 -0.0749212 0.173797 -0.0937974 -0.0726932 0.173618 -0.083889 
-0.070682 0.173475 -0.0729214 -0.0688746 0.17339 -0.0609598 -0.0672542 0.173384 -0.0480778 
-0.0658009 0.173476 -0.0343582 -0.064494 0.173682 -0.0198929 -0.0633131 0.174017 -0.00478271 
-0.0622396 0.174492 0.0108631 -0.0612585 0.175113 0.0269282 -0.0603596 0.175883 0.0432905 
-0.0595385 0.176798 0.0598247 -0.0587969 0.177852 0.076404 -0.058143 0.179033 0.0929032 
-0.0575909 0.180326 0.109201 -0.0571598 0.181713 0.125182 -0.056873 0.183174 0.140738 
-0.0567561 0.184688 0.155773 -0.0568356 0.186234 0.1702 -0.0571376 0.187794 0.183941 
-0.0576858 0.189351 0.196929 -0.0585008 0.190888 0.20911 -0.059599 0.192394 0.220432 
-0.060992 0.193857 0.230856 -0.0626865 0.195268 0.240346 -0.0646843 0.19662 0.248871 
-0.0669823 0.197904 0.256402 -0.0695734 0.199112 0.262916 -0.0724465 0.200236 0.268389 
-0.0755872 0.201263 0.2728 -0.078978 0.20218 0.27613 -0.0825983 0.202972 0.278363 
-0.0970472 0.19112 0.18405 -0.0989866 0.19118 0.18404 -0.100972 0.191148 0.183425 
-0.10299 0.191021 0.182207 -0.105024 0.190797 0.180393 -0.10706 0.190476 0.177991 
-0.109081 0.190057 0.175012 -0.11107 0.189543 0.171472 -0.113012 0.188937 0.167389 
-0.114889 0.188243 0.162784 -0.116686 0.187469 0.157682 -0.118387 0.186623 0.15211 
-0.119978 0.185715 0.146099 -0.121444 0.184755 0.139682 -0.122772 0.183756 0.132896 
-0.123953 0.182732 0.125777 -0.124975 0.181696 0.118368 -0.125831 0.180663 0.110712 
-0.126513 0.179646 0.102853 -0.127018 0.178661 0.0948382 -0.127341 0.17772 0.086716 
-0.127483 0.176836 0.0785357 -0.127442 0.176018 0.0703479 -0.127221 0.175275 0.0622038 
-0.126824 0.174616 0.0541548 -0.126255 0.174043 0.0462526 -0.125522 0.17356 0.0385484 
-0.124631 0.173166 0.0310926 -0.123592 0.172861 0.0239345 -0.122414 0.172639 0.017122 
-0.121109 0.172495 0.0107009 -0.119687 0.172422 0.00471454 -0.118162 0.172412 -0.000796376 
-0.116546 0.172455 -0.0057943 -0.114853 0.172544 -0.0102451 -0.113096 0.172667 -0.0141185 
-0.111289 0.172818 -0.0173881 -0.109446 0.172988 -0.0200317 -0.107581 0.173169 -0.0220315 
-0.105708 0.173357 -0.0233739 -0.10384 0.173547 -0.0240501 -0.101989 0.173735 -0.0240555 
-0.100167 0.173921 -0.0233903 -0.0983861 0.174104 -0.022059 -0.096655 0.174284 -0.0200703 
-0.0949831 0.174464 -0.0174377 -0.0933781 0.174646 -0.0141784 -0.0918465 0.174834 -0.010314 
-0.0903938 0.175032 -0.00587014 -0.0890243 0.175245 -0.000876122 -0.0877411 0.175477 0.00463496 
-0.0865468 0.175733 0.0106265 -0.0854429 0.176017 0.0170587 -0.0844306 0.176333 0.0238887 
-0.0835105 0.176685 0.0310708 -0.0826831 0.177075 0.0385571 -0.0819492 0.177505 0.0462976 
-0.0813093 0.177976 0.0542407 -0.0807647 0.178487 0.0623335 -0.0803168 0.179039 0.0705229 
-0.0799677 0.179629 0.0787551 -0.0797197 0.180254 0.0869768 -0.0795759 0.180911 0.0951358 
-0.0795395 0.181594 0.103181 -0.0796141 0.182299 0.111062 -0.0798033 0.18302 0.118731 
-0.0801105 0.18375 0.126144 -0.080539 0.184483 0.133257 -0.0810914 0.185212 0.14003 
-0.0817699 0.18593 0.146426 -0.0825754 0.18663 0.15241 -0.0835083 0.187305 0.157951 
-0.0845675 0.187947 0.163019 -0.0857507 0.188551 0.167589 -0.0870546 0.189108 0.171639 
-0.0884743 0.189612 0.175146 -0.0900036 0.190057 0.178095 -0.0916349 0.190436 0.180471 
-0.0933596 0.190744 0.18226 -0.0951674 0.190973 0.183456 -0.102954 0.179698 0.0821041 
-0.102954 0.179698 0.0821041 -0.102954 0.179698 0.0821041 -0.102954 0.179698 0.0821041 
-0.102954 0.179698 0.0821041 -0.102954 0.179698 0.0821041 -0.102954 0.179698 0.0821041 
-0.102954 0.179698 0.0821041 -0.102954 0.179698 0.0821041 -0.102954 0.179698 0.0821041 
-0.102954 0.179698 0.0821041 -0.102954 0.179698 0.0821041 -0.102954 0.179698 0.0821041 
-0.102954 0.179698 0.0821041 -0.102954 0.179698 0.0821041 -0.102954 0.179698 0.0821041 
-0.102954 0.179698 0.0821041 -0.102954 0.179698 0.0821041 -0.102954 0.179698 0.0821041 
-0.102954 0.179698 0.0821041 -0.102954 0.179698 0.0821041 -0.102954 0.179698 0.0821041 
-0.102954 0.179698 0.0821041 -0.102954 0.179698 0.0821041 -0.102954 0.179698 0.0821041 
-0.102954 0.179698 0.0821041 -0.102954 0.179698 0.0821041 -0.102954 0.179698 0.0821041 
-0.102954 0.179698 0.0821041 -0.102954 0.179698 0.0821041 -0.102954 0.179698 0.0821041 
-0.102954 0.179698 0.0821041 -0.102954 0.179698 0.0821041 -0.102954 0.179698 0.0821041 
-0.102954 0.179698 0.0821041 -0.102954 0.179698 0.0821041 -0.102954 0.179698 0.0821041 
-0.102954 0.179698 0.0821041 -0.102954 0.179698 0.0821041 -0.102954 0.179698 0.0821041 
-0.102954 0.179698 0.0821041 -0.102954 0.179698 0.0821041 -0.102954 0.179698 0.0821041 
-0.102954 0.179698 0.0821041 -0.102954 0.179698 0.0821041 -0.102954 0.179698 0.0821041 
-0.102954 0.179698 0.0821041 -0.102954 0.179698 0.0821041 -0.102954 0.179698 0.0821041 
-0.102954 0.179698 0.0821041 -0.102954 0.179698 0.0821041 -0.102954 0.179698 0.0821041 
-0.102954 0.179698 0.0821041 -0.102954 0.179698 0.0821041 -0.102954 0.179698 0.0821041 
-0.102954 0.179698 0.0821041 -0.102954 0.179698 0.0821041 -0.102954 0.179698 0.0821041 
-0.102954 0.179698 0.0821041 -0.102954 0.179698 0.0821041 -0.102954 0.179698 0.0821041 
-0.102954 0.179698 0.0821041 -0.102954 0.179698 0.0821041 -0.102954 0.179698 0.0821041 
-0.102954 0.179698 0.0821041 -0.102954 0.179698 0.0821041 -0.102954 0.179698 0.0821041 
-0.102954 0.179698 0.0821041 -0.102954 0.179698 0.0821041 -0.102954 0.179698 0.0821041 
-0.102954 0.179698 0.0821041 -0.102954 0.179698 0.0821041 -0.102954 0.179698 0.0821041 
-0.102954 0.179698 0.0821041 -0.102954 0.179698 0.0821041 -0.102954 0.179698 0.0821041 
-0.102954 0.179698 0.0821041 -0.102954 0.179698 0.0821041 -0.102954 0.179698 0.0821041 
-0.102954 0.179698 0.0821041 
POLYGONS 3201 12800
OFFSETS vtktypeint64
0 4 8 12 16 20 24 28 32 
36 40 44 48 52 56 60 64 68 
72 76 80 84 88 92 96 100 104 
108 112 116 120 124 128 132 136 140 
144 148 152 156 160 164 168 172 176 
180 184 188 192 196 200 204 208 212 
216 220 224 228 232 236 240 244 248 
252 256 260 264 268 272 276 280 284 
288 292 296 300 304 308 312 316 320 
324 328 332 336 340 344 348 352 356 
360 364 368 372 376 380 384 388 392 
396 400 404 408 412 416 420 424 428 
432 436 440 444 448 452 456 460 464 
468 472 476 480 484 488 492 496 500 
504 508 512 516 520 524 528 532 536 
540 544 548 552 556 560 564 568 572 
576 580 584 588 592 596 600 604 608 
612 616 620 624 628 632 636 640 644 
648 652 656 660 664 668 672 676 680 
684 688 692 696 700 704 708 712 716 
720 724 728 732 736 740 744 748 752 
756 760 764 768 772 776 780 784 788 
792 796 800 804 808 812 816 820 824 
828 832 836 840 844 848 852 856 860 
864 868 872 876 880 884 888 892 896 
900 904 908 912 916 920 924 928 932 
936 940 944 948 952 956 960 964 968 
972 976 980 984 988 992 996 1000 1004 
1008 1012 1016 1020 1024 1028 1032 1036 1040 
1044 1048 1052 1056 1060 1064 1068 1072 1076 
1080 1084 1088 1092 1096 1100 1104 1108 1112 
1116 1120 1124 1128 1132 1136 1140 1144 1148 
1152 1156 1160 1164 1168 1172 1176 1180 1184 
1188 1192 1196 1200 1204 1208 1212 1216 1220 
1224 1228 1232 1236 1240 1244 1248 1252 1256 
1260 1264 1268 1272 1276 1280 1284 1288 1292 
1296 1300 1304 1308 1312 1316 1320 1324 1328 
1332 1336 1340 1344 1348 1352 1356 1360 1364 
1368 1372 1376 1380 1384 1388 1392 1396 1400 
1404 1408 1412 1416 1420 1424 1428 1432 1436 
1440 1444 1448 1452 1456 1460 1464 1468 1472 
1476 1480 1484 1488 1492 1496 1500 1504 1508 
1512 1516 1520 1524 1528 1532 1536 1540 1544 
1548 1552 1556 1560 1564 1568 1572 1576 1580 
1584 1588 1592 1596 1600 1604 1608 1612 1616 
1620 1624 1628 1632 1636 1640 1644 1648 1652 
1656 1660 1664 1668 1672 1676 1680 1684 1688 
1692 1696 1700 1704 1708 1712 1716 1720 1724 
1728 1732 1736 1740 1744 1748 1752 1756 1760 
1764 1768 1772 1776 1780 1784 1788 1792 1796 
1800 1804 1808 1812 1816 1820 1824 1828 1832 
1836 1840 1844 1848 1852 1856 1860 1864 1868 
1872 1876 1880 1884 1888 1892 1896 1900 1904 
1908 1912 1916 1920 1924 1928 1932 1936 1940 
1944 1948 1952 1956 1960 1964 1968 1972 1976 
1980 1984 1988 1992 1996 2000 2004 2008 2012 
2016 2020 2024 2028 2032 2036 2040 2044 2048 
2052 2056 2060 2064 2068 2072 2076 2080 2084 
2088 2092 2096 2100 2104 2108 2112 2116 2120 
2124 2128 2132 2136 2140 2144 2148 2152 2156 
2160 2164 2168 2172 2176 2180 2184 2188 2192 
2196 2200 2204 2208 2212 2216 2220 2224 2228 
2232 2236 2240 2244 2248 2252 2256 2260 2264 
2268 2272 2276 2280 2284 2288 2292 2296 2300 
2304 2308 2312 2316 2320 2324 2328 2332 2336 
2340 2344 2348 2352 2356 2360 2364 2368 2372 
2376 2380 2384 2388 2392 2396 2400 2404 2408 
2412 2416 2420 2424 2428 2432 2436 2440 2444 
2448 2452 2456 2460 2464 2468 2472 2476 2480 
2484 2488 2492 2496 2500 2504 2508 2512 2516 
2520 2524 2528 2532 2536 2540 2544 2548 2552 
2556 2560 2564 2568 2572 2576 2580 2584 2588 
2592 2596 2600 2604 2608 2612 2616 2620 2624 
2628 2632 2636 2640 2644 2648 2652 2656 2660 
2664 2668 2672 2676 2680 2684 2688 2692 2696 
2700 2704 2708 2712 2716 2720 2724 2728 2732 
2736 2740 2744 2748 2752 2756 2760 2764 2768 
2772 2776 2780 2784 2788 2792 2796 2800 2804 
2808 2812 2816 2820 2824 2828 2832 2836 2840 
2844 2848 2852 2856 2860 2864 2868 2872 2876 
2880 2884 2888 2892 2896 2900 2904 2908 2912 
2916 2920 2924 2928 2932 2936 2940 2944 2948 
2952 2956 2960 2964 2968 2972 2976 2980 2984 
2988 2992 2996 3000 3004 3008 3012 3016 3020 
3024 3028 3032 3036 3040 3044 3048 3052 3056 
3060 3064 3068 3072 3076 3080 3084 3088 3092 
3096 3100 3104 3108 3112 3116 3120 3124 3128 
3132 3136 3140 3144 3148 3152 3156 3160 3164 
3168 3172 3176 3180 3184 3188 3192 3196 3200 
3204 3208 3212 3216 3220 3224 3228 3232 3236 
3240 3244 3248 3252 3256 3260 3264 3268 3272 
3276 3280 3284 3288 3292 3296 3300 3304 3308 
3312 3316 3320 3324 3328 3332 3336 3340 3344 
3348 3352 3356 3360 3364 3368 3372 3376 3380 
3384 3388 3392 3396 3400 3404 3408 3412 3416 
3420 3424 3428 3432 3436 3440 3444 3448 3452 
3456 3460 3464 3468 3472 3476 3480 3484 3488 
3492 3496 3500 3504 3508 3512 3516 3520 3524 
3528 3532 3536 3540 3544 3548 3552 3556 3560 
3564 3568 3572 3576 3580 3584 3588 3592 3596 
3600 3604 3608 3612 3616 3620 3624 3628 3632 
3636 3640 3644 3648 3652 3656 3660 3664 3668 
3672 3676 3680 3684 3688 3692 3696 3700 3704 
3708 3712 3716 3720 3724 3728 3732 3736 3740 
3744 3748 3752 3756 3760 3764 3768 3772 3776 
3780 3784 3788 3792 3796 3800 3804 3808 3812 
3816 3820 3824 3828 3832 3836 3840 3844 3848 
3852 3856 3860 3864 3868 3872 3876 3880 3884 
3888 3892 3896 3900 3904 3908 3912 3916 3920 
3924 3928 3932 3936 3940 3944 3948 3952 3956 
3960 3964 3968 3972 3976 3980 3984 3988 3992 
3996 4000 4004 4008 4012 4016 4020 4024 4028 
4032 4036 4040 4044 4048 4052 4056 4060 4064 
4068 4072 4076 4080 4084 4088 4092 4096 4100 
4104 4108 4112 4116 4120 4124 4128 4132 4136 
4140 4144 4148 4152 4156 4160 4164 4168 4172 
4176 4180 4184 4188 4192 4196 4200 4204 4208 
4212 4216 4220 4224 4228 4232 4236 4240 4244 
4248 4252 4256 4260 4264 4268 4272 4276 4280 
4284 4288 4292 4296 4300 4304 4308 4312 4316 
4320 4324 4328 4332 4336 4340 4344 4348 4352 
4356 4360 4364 4368 4372 4376 4380 4384 4388 
4392 4396 4400 4404 4408 4412 4416 4420 4424 
4428 4432 4436 4440 4444 4448 4452 4456 4460 
4464 4468 4472 4476 4480 4484 4488 4492 4496 
4500 4504 4508 4512 4516 4520 4524 4528 4532 
4536 4540 4544 4548 4552 4556 4560 4564 4568 
4572 4576 4580 4584 4588 4592 4596 4600 4604 
4608 4612 4616 4620 4624 4628 4632 4636 4640 
4644 4648 4652 4656 4660 4664 4668 4672 4676 
4680 4684 4688 4692 4696 4700 4704 4708 4712 
4716 4720 4724 4728 4732 4736 4740 4744 4748 
4752 4756 4760 4764 4768 4772 4776 4780 4784 
4788 4792 4796 4800 4804 4808 4812 4816 4820 
4824 4828 4832 4836 4840 4844 4848 4852 4856 
4860 4864 4868 4872 4876 4880 4884 4888 4892 
4896 4900 4904 4908 4912 4916 4920 4924 4928 
4932 4936 4940 4944 4948 4952 4956 4960 4964 
4968 4972 4976 4980 4984 4988 4992 4996 5000 
5004 5008 5012 5016 5020 5024 5028 5032 5036 
5040 5044 5048 5052 5056 5060 5064 5068 5072 
5076 5080 5084 5088 5092 5096 5100 5104 5108 
5112 5116 5120 5124 5128 5132 5136 5140 5144 
5148 5152 5156 5160 5164 5168 5172 5176 5180 
5184 5188 5192 5196 5200 5204 5208 5212 5216 
5220 5224 5228 5232 5236 5240 5244 5248 5252 
5256 5260 5264 5268 5272 5276 5280 5284 5288 
5292 5296 5300 5304 5308 5312 5316 5320 5324 
5328 5332 5336 5340 5344 5348 5352 5356 5360 
5364 5368 5372 5376 5380 5384 5388 5392 5396 
5400 5404 5408 5412 5416 5420 5424 5428 5432 
5436 5440 5444 5448 5452 5456 5460 5464 5468 
5472 5476 5480 5484 5488 5492 5496 5500 5504 
5508 5512 5516 5520 5524 5528 5532 5536 5540 
5544 5548 5552 5556 5560 5564 5568 5572 5576 
5580 5584 5588 5592 5596 5600 5604 5608 5612 
5616 5620 5624 5628 5632 5636 5640 5644 5648 
5652 5656 5660 5664 5668 5672 5676 5680 5684 
5688 5692 5696 5700 5704 5708 5712 5716 5720 
5724 5728 5732 5736 5740 5744 5748 5752 5756 
5760 5764 5768 5772 5776 5780 5784 5788 5792 
5796 5800 5804 5808 5812 5816 5820 5824 5828 
5832 5836 5840 5844 5848 5852 5856 5860 5864 
5868 5872 5876 5880 5884 5888 5892 5896 5900 
5904 5908 5912 5916 5920 5924 5928 5932 5936 
5940 5944 5948 5952 5956 5960 5964 5968 5972 
5976 5980 5984 5988 5992 5996 6000 6004 6008 
6012 6016 6020 6024 6028 6032 6036 6040 6044 
6048 6052 6056 6060 6064 6068 6072 6076 6080 
6084 6088 6092 6096 6100 6104 6108 6112 6116 
6120 6124 6128 6132 6136 6140 6144 6148 6152 
6156 6160 6164 6168 6172 6176 6180 6184 6188 
6192 6196 6200 6204 6208 6212 6216 6220 6224 
6228 6232 6236 6240 6244 6248 6252 6256 6260 
6264 6268 6272 6276 6280 6284 6288 6292 6296 
6300 6304 6308 6312 6316 6320 6324 6328 6332 
6336 6340 6344 6348 6352 6356 6360 6364 6368 
6372 6376 6380 6384 6388 6392 6396 6400 6404 
6408 6412 6416 6420 6424 6428 6432 6436 6440 
6444 6448 6452 6456 6460 6464 6468 6472 6476 
6480 6484 6488 6492 6496 6500 6504 6508 6512 
6516 6520 6524 6528 6532 6536 6540 6544 6548 
6552 6556 6560 6564 6568 6572 6576 6580 6584 
6588 6592 6596 6600 6604 6608 6612 6616 6620 
6624 6628 6632 6636 6640 6644 6648 6652 6656 
6660 6664 6668 6672 6676 6680 6684 6688 6692 
6696 6700 6704 6708 6712 6716 6720 6724 6728 
6732 6736 6740 6744 6748 6752 6756 6760 6764 
6768 6772 6776 6780 6784 6788 6792 6796 6800 
6804 6808 6812 6816 6820 6824 6828 6832 6836 
6840 6844 6848 6852 6856 6860 6864 6868 6872 
6876 6880 6884 6888 6892 6896 6900 6904 6908 
6912 6916 6920 6924 6928 6932 6936 6940 6944 
6948 6952 6956 6960 6964 6968 6972 6976 6980 
6984 6988 6992 6996 7000 7004 7008 7012 7016 
7020 7024 7028 7032 7036 7040 7044 7048 7052 
7056 7060 7064 7068 7072 7076 7080 7084 7088 
7092 7096 7100 7104 7108 7112 7116 7120 7124 
7128 7132 7136 7140 7144 7148 7152 7156 7160 
7164 7168 7172 7176 7180 7184 7188 7192 7196 
7200 7204 7208 7212 7216 7220 7224 7228 7232 
7236 7240 7244 7248 7252 7256 7260 7264 7268 
7272 7276 7280 7284 7288 7292 7296 7300 7304 
7308 7312 7316 7320 7324 7328 7332 7336 7340 
7344 7348 7352 7356 7360 7364 7368 7372 7376 
7380 7384 7388 7392 7396 7400 7404 7408 7412 
7416 7420 7424 7428 7432 7436 7440 7444 7448 
7452 7456 7460 7464 7468 7472 7476 7480 7484 
7488 7492 7496 7500 7504 7508 7512 7516 7520 
7524 7528 7532 7536 7540 7544 7548 7552 7556 
7560 7564 7568 7572 7576 7580 7584 7588 7592 
7596 7600 7604 7608 7612 7616 7620 7624 7628 
7632 7636 7640 7644 7648 7652 7656 7660 7664 
7668 7672 7676 7680 7684 7688 7692 7696 7700 
7704 7708 7712 7716 7720 7724 7728 7732 7736 
7740 7744 7748 7752 7756 7760 7764 7768 7772 
7776 7780 7784 7788 7792 7796 7800 7804 7808 
7812 7816 7820 7824 7828 7832 7836 7840 7844 
7848 7852 7856 7860 7864 7868 7872 7876 7880 
7884 7888 7892 7896 7900 7904 7908 7912 7916 
7920 7924 7928 7932 7936 7940 7944 7948 7952 
7956 7960 7964 7968 7972 7976 7980 7984 7988 
7992 7996 8000 8004 8008 8012 8016 8020 8024 
8028 8032 8036 8040 8044 8048 8052 8056 8060 
8064 8068 8072 8076 8080 8084 8088 8092 8096 
8100 8104 8108 8112 8116 8120 8124 8128 8132 
8136 8140 8144 8148 8152 8156 8160 8164 8168 
8172 8176 8180 8184 8188 8192 8196 8200 8204 
8208 8212 8216 8220 8224 8228 8232 8236 8240 
8244 8248 8252 8256 8260 8264 8268 8272 8276 
8280 8284 8288 8292 8296 8300 8304 8308 8312 
8316 8320 8324 8328 8332 8336 8340 8344 8348 
8352 8356 8360 8364 8368 8372 8376 8380 8384 
8388 8392 8396 8400 8404 8408 8412 8416 8420 
8424 8428 8432 8436 8440 8444 8448 8452 8456 
8460 8464 8468 8472 8476 8480 8484 8488 8492 
8496 8500 8504 8508 8512 8516 8520 8524 8528 
8532 8536 8540 8544 8548 8552 8556 8560 8564 
8568 8572 8576 8580 8584 8588 8592 8596 8600 
8604 8608 8612 8616 8620 8624 8628 8632 8636 
8640 8644 8648 8652 8656 8660 8664 8668 8672 
8676 8680 8684 8688 8692 8696 8700 8704 8708 
8712 8716 8720 8724 8728 8732 8736 8740 8744 
8748 8752 8756 8760 8764 8768 8772 8776 8780 
8784 8788 8792 8796 8800 8804 8808 8812 8816 
8820 8824 8828 8832 8836 8840 8844 8848 8852 
8856 8860 8864 8868 8872 8876 8880 8884 8888 
8892 8896 8900 8904 8908 8912 8916 8920 8924 
8928 8932 8936 8940 8944 8948 8952 8956 8960 
8964 8968 8972 8976 8980 8984 8988 8992 8996 
9000 9004 9008 9012 9016 9020 9024 9028 9032 
9036 9040 9044 9048 9052 9056 9060 9064 9068 
9072 9076 9080 9084 9088 9092 9096 9100 9104 
9108 9112 9116 9120 9124 9128 9132 9136 9140 
9144 9148 9152 9156 9160 9164 9168 9172 9176 
9180 9184 9188 9192 9196 9200 9204 9208 9212 
9216 9220 9224 9228 9232 9236 9240 9244 9248 
9252 9256 9260 9264 9268 9272 9276 9280 9284 
9288 9292 9296 9300 9304 9308 9312 9316 9320 
9324 9328 9332 9336 9340 9344 9348 9352 9356 
9360 9364 9368 9372 9376 9380 9384 9388 9392 
9396 9400 9404 9408 9412 9416 9420 9424 9428 
9432 9436 9440 9444 9448 9452 9456 9460 9464 
9468 9472 9476 9480 9484 9488 9492 9496 9500 
9504 9508 9512 9516 9520 9524 9528 9532 9536 
9540 9544 9548 9552 9556 9560 9564 9568 9572 
9576 9580 9584 9588 9592 9596 9600 9604 9608 
9612 9616 9620 9624 9628 9632 9636 9640 9644 
9648 9652 9656 9660 9664 9668 9672 9676 9680 
9684 9688 9692 9696 9700 9704 9708 9712 9716 
9720 9724 9728 9732 9736 9740 9744 9748 9752 
9756 9760 9764 9768 9772 9776 9780 9784 9788 
9792 9796 9800 9804 9808 9812 9816 9820 9824 
9828 9832 9836 9840 9844 9848 9852 9856 9860 
9864 9868 9872 9876 9880 9884 9888 9892 9896 
9900 9904 9908 9912 9916 9920 9924 9928 9932 
9936 9940 9944 9948 9952 9956 9960 9964 9968 
9972 9976 9980 9984 9988 9992 9996 10000 10004 
10008 10012 10016 10020 10024 10028 10032 10036 10040 
10044 10048 10052 10056 10060 10064 10068 10072 10076 
10080 10084 10088 10092 10096 10100 10104 10108 10112 
10116 10120 10124 10128 10132 10136 10140 10144 10148 
10152 10156 10160 10164 10168 10172 10176 10180 10184 
10188 10192 10196 10200 10204 10208 10212 10216 10220 
10224 10228 10232 10236 10240 10244 10248 10252 10256 
10260 10264 10268 10272 10276 10280 10284 10288 10292 
10296 10300 10304 10308 10312 10316 10320 10324 10328 
10332 10336 10340 10344 10348 10352 10356 10360 10364 
10368 10372 10376 10380 10384 10388 10392 10396 10400 
10404 10408 10412 10416 10420 10424 10428 10432 10436 
10440 10444 10448 10452 10456 10460 10464 10468 10472 
10476 10480 10484 10488 10492 10496 10500 10504 10508 
10512 10516 10520 10524 10528 10532 10536 10540 10544 
10548 10552 10556 10560 10564 10568 10572 10576 10580 
10584 10588 10592 10596 10600 10604 10608 10612 10616 
10620 10624 10628 10632 10636 10640 10644 10648 10652 
10656 10660 10664 10668 10672 10676 10680 10684 10688 
10692 10696 10700 10704 10708 10712 10716 10720 10724 
10728 10732 10736 10740 10744 10748 10752 10756 10760 
10764 10768 10772 10776 10780 10784 10788 10792 10796 
10800 10804 10808 10812 10816 10820 10824 10828 10832 
10836 10840 10844 10848 10852 10856 10860 10864 10868 
10872 10876 10880 10884 10888 10892 10896 10900 10904 
10908 10912 10916 10920 10924 10928 10932 10936 10940 
10944 10948 10952 10956 10960 10964 10968 10972 10976 
10980 10984 10988 10992 10996 11000 11004 11008 11012 
11016 11020 11024 11028 11032 11036 11040 11044 11048 
11052 11056 11060 11064 11068 11072 11076 11080 11084 
11088 11092 11096 11100 11104 11108 11112 11116 11120 
11124 11128 11132 11136 11140 11144 11148 11152 11156 
11160 11164 11168 11172 11176 11180 11184 11188 11192 
11196 11200 11204 11208 11212 11216 11220 11224 11228 
11232 11236 11240 11244 11248 11252 11256 11260 11264 
11268 11272 11276 11280 11284 11288 11292 11296 11300 
11304 11308 11312 11316 11320 11324 11328 11332 11336 
11340 11344 11348 11352 11356 11360 11364 11368 11372 
11376 11380 11384 11388 11392 11396 11400 11404 11408 
11412 11416 11420 11424 11428 11432 11436 11440 11444 
11448 11452 11456 11460 11464 11468 11472 11476 11480 
11484 11488 11492 11496 11500 11504 11508 11512 11516 
11520 11524 11528 11532 11536 11540 11544 11548 11552 
11556 11560 11564 11568 11572 11576 11580 11584 11588 
11592 11596 11600 11604 11608 11612 11616 11620 11624 
11628 11632 11636 11640 11644 11648 11652 11656 11660 
11664 11668 11672 11676 11680 11684 11688 11692 11696 
11700 11704 11708 11712 11716 11720 11724 11728 11732 
11736 11740 11744 11748 11752 11756 11760 11764 11768 
11772 11776 11780 11784 11788 11792 11796 11800 11804 
11808 11812 11816 11820 11824 11828 11832 11836 11840 
11844 11848 11852 11856 11860 11864 11868 11872 11876 
11880 11884 11888 11892 11896 11900 11904 11908 11912 
11916 11920 11924 11928 11932 11936 11940 11944 11948 
11952 11956 11960 11964 11968 11972 11976 11980 11984 
11988 11992 11996 12000 12004 12008 12012 12016 12020 
12024 12028 12032 12036 12040 12044 12048 12052 12056 
12060 12064 12068 12072 12076 12080 12084 12088 12092 
12096 12100 12104 12108 12112 12116 12120 12124 12128 
12132 12136 12140 12144 12148 12152 12156 12160 12164 
12168 12172 12176 12180 12184 12188 12192 12196 12200 
12204 12208 12212 12216 12220 12224 12228 12232 12236 
12240 12244 12248 12252 12256 12260 12264 12268 12272 
12276 12280 12284 12288 12292 12296 12300 12304 12308 
12312 12316 12320 12324 12328 12332 12336 12340 12344 
12348 12352 12356 12360 12364 12368 12372 12376 12380 
12384 12388 12392 12396 12400 12404 12408 12412 12416 
12420 12424 12428 12432 12436 12440 12444 12448 12452 
12456 12460 12464 12468 12472 12476 12480 12484 12488 
12492 12496 12500 12504 12508 12512 12516 12520 12524 
12528 12532 12536 12540 12544 12548 12552 12556 12560 
12564 12568 12572 12576 12580 12584 12588 12592 12596 
12600 12604 12608 12612 12616 12620 12624 12628 12632 
12636 12640 12644 12648 12652 12656 12660 12664 12668 
12672 12676 12680 12684 12688 12692 12696 12700 12704 
12708 12712 12716 12720 12724 12728 12732 12736 12740 
12744 12748 12752 12756 12760 12764 12768 12772 12776 
12780 12784 12788 12792 12796 12800 
CONNECTIVITY vtktypeint64
0 1 81 80 1 2 82 81 2 
3 83 82 3 4 84 83 4 5 
85 84 5 6 86 85 6 7 87 
86 7 8 88 87 8 9 89 88 
9 10 90 89 10 11 91 90 11 
12 92 91 12 13 93 92 13 14 
94 93 14 15 95 94 15 16 96 
95 16 17 97 96 17 18 98 97 
18 19 99 98 19 20 100 99 20 
21 101 100 21 22 102 101 22 23 
103 102 23 24 104 103 24 25 105 
104 25 26 106 105 26 27 107 106 
27 28 108 107 28 29 109 108 29 
30 110 109 30 31 111 110 31 32 
112 111 32 33 113 112 33 34 114 
113 34 35 115 114 35 36 116 115 
36 37 117 116 37 38 118 117 38 
39 119 118 39 40 120 119 40 41 
121 120 41 42 122 121 42 43 123 
122 43 44 124 123 44 45 125 124 
45 46 126 125 46 47 127 126 47 
48 128 127 48 49 129 128 49 50 
130 129 50 51 131 130 51 52 132 
131 52 53 133 132 53 54 134 133 
54 55 135 134 55 56 136 135 56 
57 137 136 57 58 138 137 58 59 
139 138 59 60 140 139 60 61 141 
140 61 62 142 141 62 63 143 142 
63 64 144 143 64 65 145 144 65 
66 146 145 66 67 147 146 67 68 
148 147 68 69 149 148 69 70 150 
149 70 71 151 150 71 72 152 151 
72 73 153 152 73 74 154 153 74 
75 155 154 75 76 156 155 76 77 
157 156 77 78 158 157 78 79 159 
158 79 0 80 159 80 81 161 160 
81 82 162 161 82 83 163 162 83 
84 164 163 84 85 165 164 85 86 
166 165 86 87 167 166 87 88 168 
167 88 89 169 168 89 90 170 169 
90 91 171 170 91 92 172 171 92 
93 173 172 93 94 174 173 94 95 
175 174 95 96 176 175 96 97 177 
176 97 98 178 177 98 99 179 178 
99 100 180 179 100 101 181 180 101 
102 182 181 102 103 183 182 103 104 
184 183 104 105 185 184 105 106 186 
185 106 107 187 186 107 108 188 187 
108 109 189 188 109 110 190 189 110 
111 191 190 111 112 192 191 112 113 
193 192 113 114 194 193 114 115 195 
194 115 116 196 195 116 117 197 196 
117 118 198 197 118 119 199 198 119 
120 200 199 120 121 201 200 121 122 
202 201 122 123 203 202 123 124 204 
203 124 125 205 204 125 126 206 205 
126 127 207 206 127 128 208 207 128 
129 209 208 129 130 210 209 130 131 
211 210 131 132 212 211 132 133 213 
212 133 134 214 213 134 135 215 214 
135 136 216 215 136 137 217 216 137 
138 218 217 138 139 219 218 139 140 
220 219 140 141 221 220 141 142 222 
221 142 143 223 222 143 144 224 223 
144 145 225 224 145 146 226 225 146 
147 227 226 147 148 228 227 148 149 
229 228 149 150 230 229 150 151 231 
230 151 152 232 231 152 153 233 232 
153 154 234 233 154 155 235 234 155 
156 236 235 156 157 237 236 157 158 
238 237 158 159 239 238 159 80 160 
239 160 161 241 240 161 162 242 241 
162 163 243 242 163 164 244 243 164 
165 245 244 165 166 246 245 166 167 
247 246 167 168 248 247 168 169 249 
248 169 170 250 249 170 171 251 250 
171 172 252 251 172 173 253 252 173 
174 254 253 174 175 255 254 175 176 
256 255 176 177 257 256 177 178 258 
257 178 179 259 258 179 180 260 259 
180 181 261 260 181 182 262 261 182 
183 263 262 183 184 264 263 184 185 
265 264 185 186 266 265 186 187 267 
266 187 188 268 267 188 189 269 268 
189 190 270 269 190 191 271 270 191 
192 272 271 192 193 273 272 193 194 
274 273 194 195 275 274 195 196 276 
275 196 197 277 276 197 198 278 277 
198 199 279 278 199 200 280 279 200 
201 281 280 201 202 282 281 202 203 
283 282 203 204 284 283 204 205 285 
284 205 206 286 285 206 207 287 286 
207 208 288 287 208 209 289 288 209 
210 290 289 210 211 291 290 211 212 
292 291 212 213 293 292 213 214 294 
293 214 215 295 294 215 216 296 295 
216 217 297 296 217 218 298 297 218 
219 299 298 219 220 300 299 220 221 
301 300 221 222 302 301 222 223 303 
302 223 224 304 303 224 225 305 304 
225 226 306 305 226 227 307 306 227 
228 308 307 228 229 309 308 229 230 
310 309 230 231 311 310 231 232 312 
311 232 233 313 312 233 234 314 313 
234 235 315 314 235 236 316 315 236 
237 317 316 237 238 318 317 238 239 
319 318 239 160 240 319 240 241 321 
320 241 242 322 321 242 243 323 322 
243 244 324 323 244 245 325 324 245 
246 326 325 246 247 327 326 247 248 
328 327 248 249 329 328 249 250 330 
329 250 251 331 330 251 252 332 331 
252 253 333 332 253 254 334 333 254 
255 335 334 255 256 336 335 256 257 
337 336 257 258 338 337 258 259 339 
338 259 260 340 339 260 261 341 340 
261 262 342 341 262 263 343 342 263 
264 344 343 264 265 345 344 265 266 
346 345 266 267 347 346 267 268 348 
347 268 269 349 348 269 270 350 349 
270 271 351 350 271 272 352 351 272 
273 353 352 273 274 354 353 274 275 
355 354 275 276 356 355 276 277 357 
356 277 278 358 357 278 279 359 358 
279 280 360 359 280 281 361 360 281 
282 362 361 282 283 363 362 283 284 
364 363 284 285 365 364 285 286 366 
365 286 287 367 366 287 288 368 367 
288 289 369 368 289 290 370 369 290 
291 371 370 291 292 372 371 292 293 
373 372 293 294 374 373 294 295 375 
374 295 296 376 375 296 297 377 376 
297 298 378 377 298 299 379 378 299 
300 380 379 300 301 381 380 301 302 
382 381 302 303 383 382 303 304 384 
383 304 305 385 384 305 306 386 385 
306 307 387 386 307 308 388 387 308 
309 389 388 309 310 390 389 310 311 
391 390 311 312 392 391 312 313 393 
392 313 314 394 393 314 315 395 394 
315 316 396 395 316 317 397 396 317 
318 398 397 318 319 399 398 319 240 
320 399 320 321 401 400 321 322 402 
401 322 323 403 402 323 324 404 403 
324 325 405 404 325 326 406 405 326 
327 407 406 327 328 408 407 328 329 
409 408 329 330 410 409 330 331 411 
410 331 332 412 411 332 333 413 412 
333 334 414 413 334 335 415 414 335 
336 416 415 336 337 417 416 337 338 
418 417 338 339 419 418 339 340 420 
419 340 341 421 420 341 342 422 421 
342 343 423 422 343 344 424 423 344 
345 425 424 345 346 426 425 346 347 
427 426 347 348 428 427 348 349 429 
428 349 350 430 429 350 351 431 430 
351 352 432 431 352 353 433 432 353 
354 434 433 354 355 435 434 355 356 
436 435 356 357 437 436 357 358 438 
437 358 359 439 438 359 360 440 439 
360 361 441 440 361 362 442 441 362 
363 443 442 363 364 444 443 364 365 
445 444 365 366 446 445 366 367 447 
446 367 368 448 447 368 369 449 448 
369 370 450 449 370 371 451 450 371 
372 452 451 372 373 453 452 373 374 
454 453 374 375 455 454 375 376 456 
455 376 377 457 456 377 378 458 457 
378 379 459 458 379 380 460 459 380 
381 461 460 381 382 462 461 382 383 
463 462 383 384 464 463 384 385 465 
464 385 386 466 465 386 387 467 466 
387 388 468 467 388 389 469 468 389 
390 470 469 390 391 471 470 391 392 
472 471 392 393 473 472 393 394 474 
473 394 395 475 474 395 396 476 475 
396 397 477 476 397 398 478 477 398 
399 479 478 399 320 400 479 400 401 
481 480 401 402 482 481 402 403 483 
482 403 404 484 483 404 405 485 484 
405 406 486 485 406 407 487 486 407 
408 488 487 408 409 489 488 409 410 
490 489 410 411 491 490 411 412 492 
491 412 413 493 492 413 414 494 493 
414 415 495 494 415 416 496 495 416 
417 497 496 417 418 498 497 418 419 
499 498 419 420 500 499 420 421 501 
500 421 422 502 501 422 423 503 502 
423 424 504 503 424 425 505 504 425 
426 506 505 426 427 507 506 427 428 
508 507 428 429 509 508 429 430 510 
509 430 431 511 510 431 432 512 511 
432 433 513 512 433 434 514 513 434 
435 515 514 435 436 516 515 436 437 
517 516 437 438 518 517 438 439 519 
518 439 440 520 519 440 441 521 520 
441 442 522 521 442 443 523 522 443 
444 524 523 444 445 525 524 445 446 
526 525 446 447 527 526 447 448 528 
527 448 449 529 528 449 450 530 529 
450 451 531 530 451 452 532 531 452 
453 533 532 453 454 534 533 454 455 
535 534 455 456 536 535 456 457 537 
536 457 458 538 537 458 459 539 538 
459 460 540 539 460 461 541 540 461 
462 542 541 462 463 543 542 463 464 
544 543 464 465 545 544 465 466 546 
545 466 467 547 546 467 468 548 547 
468 469 549 548 469 470 550 549 470 
471 551 550 471 472 552 551 472 473 
553 552 473 474 554 553 474 475 555 
554 475 476 556 555 476 477 557 556 
477 478 558 557 478 479 559 558 479 
400 480 559 480 481 561 560 481 482 
562 561 482 483 563 562 483 484 564 
563 484 485 565 564 485 486 566 565 
486 487 567 566 487 488 568 567 488 
489 569 568 489 490 570 569 490 491 
571 570 491 492 572 571 492 493 573 
572 493 494 574 573 494 495 575 574 
495 496 576 575 496 497 577 576 497 
498 578 577 498 499 579 578 499 500 
580 579 500 501 581 580 501 502 582 
581 502 503 583 582 503 504 584 583 
504 505 585 584 505 506 586 585 506 
507 587 586 507 508 588 587 508 509 
589 588 509 510 590 589 510 511 591 
590 511 512 592 591 512 513 593 592 
513 514 594 593 514 515 595 594 515 
516 596 595 516 517 597 596 517 518 
598 597 518 519 599 598 519 520 600 
599 520 521 601 600 521 522 602 601 
522 523 603 602 523 524 604 603 524 
525 605 604 525 526 606 605 526 527 
607 606 527 528 608 607 528 529 609 
608 529 530 610 609 530 531 611 610 
531 532 612 611 532 533 613 612 533 
534 614 613 534 535 615 614 535 536 
616 615 536 537 617 616 537 538 618 
617 538 539 619 618 539 540 620 619 
540 541 621 620 541 542 622 621 542 
543 623 622 543 544 624 623 544 545 
625 624 545 546 626 625 546 547 627 
626 547 548 628 627 548 549 629 628 
549 550 630 629 550 551 631 630 551 
552 632 631 552 553 633 632 553 554 
634 633 554 555 635 634 555 556 636 
635 556 557 637 636 557 558 638 637 
558 559 639 638 559 480 560 639 560 
561 641 640 561 562 642 641 562 563 
643 642 563 564 644 643 564 565 645 
644 565 566 646 645 566 567 647 646 
567 568 648 647 568 569 649 648 569 
570 650 649 570 571 651 650 571 572 
652 651 572 573 653 652 573 574 654 
653 574 575 655 654 575 576 656 655 
576 577 657 656 577 578 658 657 578 
579 659 658 579 580 660 659 580 581 
661 660 581 582 662 661 582 583 663 
662 583 584 664 663 584 585 665 664 
585 586 666 665 586 587 667 666 587 
588 668 667 588 589 669 668 589 590 
670 669 590 591 671 670 591 592 672 
671 592 593 673 672 593 594 674 673 
594 595 675 674 595 596 676 675 596 
597 677 676 597 598 678 677 598 599 
679 678 599 600 680 679 600 601 681 
680 601 602 682 681 602 603 683 682 
603 604 684 683 604 605 685 684 605 
606 686 685 606 607 687 686 607 608 
688 687 608 609 689 688 609 610 690 
689 610 611 691 690 611 612 692 691 
612 613 693 692 613 614 694 693 614 
615 695 694 615 616 696 695 616 617 
697 696 617 618 698 697 618 619 699 
698 619 620 700 699 620 621 701 700 
621 622 702 701 622 623 703 702 623 
624 704 703 624 625 705 704 625 626 
706 705 626 627 707 706 627 628 708 
707 628 629 709 708 629 630 710 709 
630 631 711 710 631 632 712 711 632 
633 713 712 633 634 714 713 634 635 
715 714 635 636 716 715 636 637 717 
716 637 638 718 717 638 639 719 718 
639 560 640 719 640 641 721 720 641 
642 722 721 642 643 723 722 643 644 
724 723 644 645 725 724 645 646 726 
725 646 647 727 726 647 648 728 727 
648 649 729 728 649 650 730 729 650 
651 731 730 651 652 732 731 652 653 
733 732 653 654 734 733 654 655 735 
734 655 656 736 735 656 657 737 736 
657 658 738 737 658 659 739 738 659 
660 740 739 660 661 741 740 661 662 
742 741 662 663 743 742 663 664 744 
743 664 665 745 744 665 666 746 745 
666 667 747 746 667 668 748 747 668 
669 749 748 669 670 750 749 670 671 
751 750 671 672 752 751 672 673 753 
752 673 674 754 753 674 675 755 754 
675 676 756 755 676 677 757 756 677 
678 758 757 678 679 759 758 679 680 
760 759 680 681 761 760 681 682 762 
761 682 683 763 762 683 684 764 763 
684 685 765 764 685 686 766 765 686 
687 767 766 687 688 768 767 688 689 
769 768 689 690 770 769 690 691 771 
770 691 692 772 771 692 693 773 772 
693 694 774 773 694 695 775 774 695 
696 776 775 696 697 777 776 697 698 
778 777 698 699 779 778 699 700 780 
779 700 701 781 780 701 702 782 781 
702 703 783 782 703 704 784 783 704 
705 785 784 705 706 786 785 706 707 
787 786 707 708 788 787 708 709 789 
788 709 710 790 789 710 711 791 790 
711 712 792 791 712 713 793 792 713 
714 794 793 714 715 795 794 715 716 
796 795 716 717 797 796 717 718 798 
797 718 719 799 798 719 640 720 799 
720 721 801 800 721 722 802 801 722 
723 803 802 723 724 804 803 724 725 
805 804 725 726 806 805 726 727 807 
806 727 728 808 807 728 729 809 808 
729 730 810 809 730 731 811 810 731 
732 812 811 732 733 813 812 733 734 
814 813 734 735 815 814 735 736 816 
815 736 737 817 816 737 738 818 817 
738 739 819 818 739 740 820 819 740 
741 821 820 741 742 822 821 742 743 
823 822 743 744 824 823 744 745 825 
824 745 746 826 825 746 747 827 826 
747 748 828 827 748 749 829 828 749 
750 830 829 750 751 831 830 751 752 
832 831 752 753 833 832 753 754 834 
833 754 755 835 834 755 756 836 835 
756 757 837 836 757 758 838 837 758 
759 839 838 759 760 840 839 760 761 
841 840 761 762 842 841 762 763 843 
842 763 764 844 843 764 765 845 844 
765 766 846 845 766 767 847 846 767 
768 848 847 768 769 849 848 769 770 
850 849 770 771 851 850 771 772 852 
851 772 773 853 852 773 774 854 853 
774 775 855 854 775 776 856 855 776 
777 857 856 777 778 858 857 778 779 
859 858 779 780 860 859 780 781 861 
860 781 782 862 861 782 783 863 862 
783 784 864 863 784 785 865 864 785 
786 866 865 786 787 867 866 787 788 
868 867 788 789 869 868 789 790 870 
869 790 791 871 870 791 792 872 871 
792 793 873 872 793 794 874 873 794 
795 875 874 795 796 876 875 796 797 
877 876 797 798 878 877 798 799 879 
878 799 720 800 879 800 801 881 880 
801 802 882 881 802 803 883 882 803 
804 884 883 804 805 885 884 805 806 
886 885 806 807 887 886 807 808 888 
887 808 809 889 888 809 810 890 889 
810 811 891 890 811 812 892 891 812 
813 893 892 813 814 894 893 814 815 
895 894 815 816 896 895 816 817 897 
896 817 818 898 897 818 819 899 898 
819 820 900 899 820 821 901 900 821 
822 902 901 822 823 903 902 823 824 
904 903 824 825 905 904 825 826 906 
905 826 827 907 906 827 828 908 907 
828 829 909 908 829 830 910 909 830 
831 911 910 831 832 912 911 832 833 
913 912 833 834 914 913 834 835 915 
914 835 836 916 915 836 837 917 916 
837 838 918 917 838 839 919 918 839 
840 920 919 840 841 921 920 841 842 
922 921 842 843 923 922 843 844 924 
923 844 845 925 924 845 846 926 925 
846 847 927 926 847 848 928 927 848 
849 929 928 849 850 930 929 850 851 
931 930 851 852 932 931 852 853 933 
932 853 854 934 933 854 855 935 934 
855 856 936 935 856 857 937 936 857 
858 938 937 858 859 939 938 859 860 
940 939 860 861 941 940 861 862 942 
941 862 863 943 942 863 864 944 943 
864 865 945 944 865 866 946 945 866 
867 947 946 867 868 948 947 868 869 
949 948 869 870 950 949 870 871 951 
950 871 872 952 951 872 873 953 952 
873 874 954 953 874 875 955 954 875 
876 956 955 876 877 957 956 877 878 
958 957 878 879 959 958 879 800 880 
959 880 881 961 960 881 882 962 961 
882 883 963 962 883 884 964 963 884 
885 965 964 885 886 966 965 886 887 
967 966 887 888 968 967 888 889 969 
968 889 890 970 969 890 891 971 970 
891 892 972 971 892 893 973 972 893 
894 974 973 894 895 975 974 895 896 
976 975 896 897 977 976 897 898 978 
977 898 899 979 978 899 900 980 979 
900 901 981 980 901 902 982 981 902 
903 983 982 903 904 984 983 904 905 
985 984 905 906 986 985 906 907 987 
986 907 908 988 987 908 909 989 988 
909 910 990 989 910 911 991 990 911 
912 992 991 912 913 993 992 913 914 
994 993 914 915 995 994 915 916 996 
995 916 917 997 996 917 918 998 997 
918 919 999 998 919 920 1000 999 920 
921 1001 1000 921 922 1002 1001 922 923 
1003 1002 923 924 1004 1003 924 925 1005 
1004 925 926 1006 1005 926 927 1007 1006 
927 928 1008 1007 928 929 1009 1008 929 
930 1010 1009 930 931 1011 1010 931 932 
1012 1011 932 933 1013 1012 933 934 1014 
1013 934 935 1015 1014 935 936 1016 1015 
936 937 1017 1016 937 938 1018 1017 938 
939 1019 1018 939 940 1020 1019 940 941 
1021 1020 941 942 1022 1021 942 943 1023 
1022 943 944 1024 1023 944 945 1025 1024 
945 946 1026 1025 946 947 1027 1026 947 
948 1028 1027 948 949 1029 1028 949 950 
1030 1029 950 951 1031 1030 951 952 1032 
1031 952 953 1033 1032 953 954 1034 1033 
954 955 1035 1034 955 956 1036 1035 956 
957 1037 1036 957 958 1038 1037 958 959 
1039 1038 959 880 960 1039 960 961 1041 
1040 961 962 1042 1041 962 963 1043 1042 
963 964 1044 1043 964 965 1045 1044 965 
966 1046 1045 966 967 1047 1046 967 968 
1048 1047 968 969 1049 1048 969 970 1050 
1049 970 971 1051 1050 971 972 1052 1051 
972 973 1053 1052 973 974 1054 1053 974 
975 1055 1054 975 976 1056 1055 976 977 
1057 1056 977 978 1058 1057 978 979 1059 
1058 979 980 1060 1059 980 981 1061 1060 
981 982 1062 1061 982 983 1063 1062 983 
984 1064 1063 984 985 1065 1064 985 986 
1066 1065 986 987 1067 1066 987 988 1068 
1067 988 989 1069 1068 989 990 1070 1069 
990 991 1071 1070 991 992 1072 1071 992 
993 1073 1072 993 994 1074 1073 994 995 
1075 1074 995 996 1076 1075 996 997 1077 
1076 997 998 1078 1077 998 999 1079 1078 
999 1000 1080 1079 1000 1001 1081 1080 1001 
1002 1082 1081 1002 1003 1083 1082 1003 1004 
1084 1083 1004 1005 1085 1084 1005 1006 1086 
1085 1006 1007 1087 1086 1007 1008 1088 1087 
1008 1009 1089 1088 1009 1010 1090 1089 1010 
1011 1091 1090 1011 1012 1092 1091 1012 1013 
1093 1092 1013 1014 1094 1093 1014 1015 1095 
1094 1015 1016 1096 1095 1016 1017 1097 1096 
1017 1018 1098 1097 1018 1019 1099 1098 1019 
1020 1100 1099 1020 1021 1101 1100 1021 1022 
1102 1101 1022 1023 1103 1102 1023 1024 1104 
1103 1024 1025 1105 1104 1025 1026 1106 1105 
1026 1027 1107 1106 1027 1028 1108 1107 1028 
1029 1109 1108 1029 1030 1110 1109 1030 1031 
1111 1110 1031 1032 1112 1111 1032 1033 1113 
1112 1033 1034 1114 1113 1034 1035 1115 1114 
1035 1036 1116 1115 1036 1037 1117 1116 1037 
1038 1118 1117 1038 1039 1119 1118 1039 960 
1040 1119 1040 1041 1121 1120 1041 1042 1122 
1121 1042 1043 1123 1122 1043 1044 1124 1123 
1044 1045 1125 1124 1045 1046 1126 1125 1046 
1047 1127 1126 1047 1048 1128 1127 1048 1049 
1129 1128 1049 1050 1130 1129 1050 1051 1131 
1130 1051 1052 1132 1131 1052 1053 1133 1132 
1053 1054 1134 1133 1054 1055 1135 1134 1055 
1056 1136 1135 1056 1057 1137 1136 1057 1058 
1138 1137 1058 1059 1139 1138 1059 1060 1140 
1139 1060 1061 1141 1140 1061 1062 1142 1141 
1062 1063 1143 1142 1063 1064 1144 1143 1064 
1065 1145 1144 1065 1066 1146 1145 1066 1067 
1147 1146 1067 1068 1148 1147 1068 1069 1149 
1148 1069 1070 1150 1149 1070 1071 1151 1150 
1071 1072 1152 1151 1072 1073 1153 1152 1073 
1074 1154 1153 1074 1075 1155 1154 1075 1076 
1156 1155 1076 1077 1157 1156 1077 1078 1158 
1157 1078 1079 1159 1158 1079 1080 1160 1159 
1080 1081 1161 1160 1081 1082 1162 1161 1082 
1083 1163 1162 1083 1084 1164 1163 1084 1085 
1165 1164 1085 1086 1166 1165 1086 1087 1167 
1166 1087 1088 1168 1167 1088 1089 1169 1168 
1089 1090 1170 1169 1090 1091 1171 1170 1091 
1092 1172 1171 1092 1093 1173 1172 1093 1094 
1174 1173 1094 1095 1175 1174 1095 1096 1176 
1175 1096 1097 1177 1176 1097 1098 1178 1177 
1098 1099 1179 1178 1099 1100 1180 1179 1100 
1101 1181 1180 1101 1102 1182 1181 1102 1103 
1183 1182 1103 1104 1184 1183 1104 1105 1185 
1184 1105 1106 1186 1185 1106 1107 1187 1186 
1107 1108 1188 1187 1108 1109 1189 1188 1109 
1110 1190 1189 1110 1111 1191 1190 1111 1112 
1192 1191 1112 1113 1193 1192 1113 1114 1194 
1193 1114 1115 1195 1194 1115 1116 1196 1195 
1116 1117 1197 1196 1117 1118 1198 1197 1118 
1119 1199 1198 1119 1040 1120 1199 1120 1121 
1201 1200 1121 1122 1202 1201 1122 1123 1203 
1202 1123 1124 1204 1203 1124 1125 1205 1204 
1125 1126 1206 1205 1126 1127 1207 1206 1127 
1128 1208 1207 1128 1129 1209 1208 1129 1130 
1210 1209 1130 1131 1211 1210 1131 1132 1212 
1211 1132 1133 1213 1212 1133 1134 1214 1213 
1134 1135 1215 1214 1135 1136 1216 1215 1136 
1137 1217 1216 1137 1138 1218 1217 1138 1139 
1219 1218 1139 1140 1220 1219 1140 1141 1221 
1220 1141 1142 1222 1221 1142 1143 1223 1222 
1143 1144 1224 1223 1144 1145 1225 1224 1145 
1146 1226 1225 1146 1147 1227 1226 1147 1148 
1228 1227 1148 1149 1229 1228 1149 1150 1230 
1229 1150 1151 1231 1230 1151 1152 1232 1231 
1152 1153 1233 1232 1153 1154 1234 1233 1154 
1155 1235 1234 1155 1156 1236 1235 1156 1157 
1237 1236 1157 1158 1238 1237 1158 1159 1239 
1238 1159 1160 1240 1239 1160 1161 1241 1240 
1161 1162 1242 1241 1162 1163 1243 1242 1163 
1164 1244 1243 1164 1165 1245 1244 1165 1166 
1246 1245 1166 1167 1247 1246 1167 1168 1248 
1247 1168 1169 1249 1248 1169 1170 1250 1249 
1170 1171 1251 1250 1171 1172 1252 1251 1172 
1173 1253 1252 1173 1174 1254 1253 1174 1175 
1255 1254 1175 1176 1256 1255 1176 1177 1257 
1256 1177 1178 1258 1257 1178 1179 1259 1258 
1179 1180 1260 1259 1180 1181 1261 1260 1181 
1182 1262 1261 1182 1183 1263 1262 1183 1184 
1264 1263 1184 1185 1265 1264 1185 1186 1266 
1265 1186 1187 1267 1266 1187 1188 1268 1267 
1188 1189 1269 1268 1189 1190 1270 1269 1190 
1191 1271 1270 1191 1192 1272 1271 1192 1193 
1273 1272 1193 1194 1274 1273 1194 1195 1275 
1274 1195 1196 1276 1275 1196 1197 1277 1276 
1197 1198 1278 1277 1198 1199 1279 1278 1199 
1120 1200 1279 1200 1201 1281 1280 1201 1202 
1282 1281 1202 1203 1283 1282 1203 1204 1284 
1283 1204 1205 1285 1284 1205 1206 1286 1285 
1206 1207 1287 1286 1207 1208 1288 1287 1208 
1209 1289 1288 1209 1210 1290 1289 1210 1211 
1291 1290 1211 1212 1292 1291 1212 1213 1293 
1292 1213 1214 1294 1293 1214 1215 1295 1294 
1215 1216 1296 1295 1216 1217 1297 1296 1217 
1218 1298 1297 1218 1219 1299 1298 1219 1220 
1300 1299 1220 1221 1301 1300 1221 1222 1302 
1301 1222 1223 1303 1302 1223 1224 1304 1303 
1224 1225 1305 1304 1225 1226 1306 1305 1226 
1227 1307 1306 1227 1228 1308 1307 1228 1229 
1309 1308 1229 1230 1310 1309 1230 1231 1311 
1310 1231 1232 1312 1311 1232 1233 1313 1312 
1233 1234 1314 1313 1234 1235 1315 1314 1235 
1236 1316 1315 1236 1237 1317 1316 1237 1238 
1318 1317 1238 1239 1319 1318 1239 1240 1320 
1319 1240 1241 1321 1320 1241 1242 1322 1321 
1242 1243 1323 1322 1243 1244 1324 1323 1244 
1245 1325 1324 1245 1246 1326 1325 1246 1247 
1327 1326 1247 1248 1328 1327 1248 1249 1329 
1328 1249 1250 1330 1329 1250 1251 1331 1330 
1251 1252 1332 1331 1252 1253 1333 1332 1253 
1254 1334 1333 1254 1255 1335 1334 1255 1256 
1336 1335 1256 1257 1337 1336 1257 1258 1338 
1337 1258 1259 1339 1338 1259 1260 1340 1339 
1260 1261 1341 1340 1261 1262 1342 1341 1262 
1263 1343 1342 1263 1264 1344 1343 1264 1265 
1345 1344 1265 1266 1346 1345 1266 1267 1347 
1346 1267 1268 1348 1347 1268 1269 1349 1348 
1269 1270 1350 1349 1270 1271 1351 1350 1271 
1272 1352 1351 1272 1273 1353 1352 1273 1274 
1354 1353 1274 1275 1355 1354 1275 1276 1356 
1355 1276 1277 1357 1356 1277 1278 1358 1357 
1278 1279 1359 1358 1279 1200 1280 1359 1280 
1281 1361 1360 1281 1282 1362 1361 1282 1283 
1363 1362 1283 1284 1364 1363 1284 1285 1365 
1364 1285 1286 1366 1365 1286 1287 1367 1366 
1287 1288 1368 1367 1288 1289 1369 1368 1289 
1290 1370 1369 1290 1291 1371 1370 1291 1292 
1372 1371 1292 1293 1373 1372 1293 1294 1374 
1373 1294 1295 1375 1374 1295 1296 1376 1375 
1296 1297 1377 1376 1297 1298 1378 1377 1298 
1299 1379 1378 1299 1300 1380 1379 1300 1301 
1381 1380 1301 1302 1382 1381 1302 1303 1383 
1382 1303 1304 1384 1383 1304 1305 1385 1384 
1305 1306 1386 1385 1306 1307 1387 1386 1307 
1308 1388 1387 1308 1309 1389 1388 1309 1310 
1390 1389 1310 1311 1391 1390 1311 1312 1392 
1391 1312 1313 1393 1392 1313 1314 1394 1393 
1314 1315 1395 1394 1315 1316 1396 1395 1316 
1317 1397 1396 1317 1318 1398 1397 1318 1319 
1399 1398 1319 1320 1400 1399 1320 1321 1401 
1400 1321 1322 1402 1401 1322 1323 1403 1402 
1323 1324 1404 1403 1324 1325 1405 1404 1325 
1326 1406 1405 1326 1327 1407 1406 1327 1328 
1408 1407 1328 1329 1409 1408 1329 1330 1410 
1409 1330 1331 1411 1410 1331 1332 1412 1411 
1332 1333 1413 1412 1333 1334 1414 1413 1334 
1335 1415 1414 1335 1336 1416 1415 1336 1337 
1417 1416 1337 1338 1418 1417 1338 1339 1419 
1418 1339 1340 1420 1419 1340 1341 1421 1420 
1341 1342 1422 1421 1342 1343 1423 1422 1343 
1344 1424 1423 1344 1345 1425 1424 1345 1346 
1426 1425 1346 1347 1427 1426 1347 1348 1428 
1427 1348 1349 1429 1428 1349 1350 1430 1429 
1350 1351 1431 1430 1351 1352 1432 1431 1352 
1353 1433 1432 1353 1354 1434 1433 1354 1355 
1435 1434 1355 1356 1436 1435 1356 1357 1437 
1436 1357 1358 1438 1437 1358 1359 1439 1438 
1359 1280 1360 1439 1360 1361 1441 1440 1361 
1362 1442 1441 1362 1363 1443 1442 1363 1364 
1444 1443 1364 1365 1445 1444 1365 1366 1446 
1445 1366 1367 1447 1446 1367 1368 1448 1447 
1368 1369 1449 1448 1369 1370 1450 1449 1370 
1371 1451 1450 1371 1372 1452 1451 1372 1373 
1453 1452 1373 1374 1454 1453 1374 1375 1455 
1454 1375 1376 1456 1455 1376 1377 1457 1456 
1377 1378 1458 1457 1378 1379 1459 1458 1379 
1380 1460 1459 1380 1381 1461 1460 1381 1382 
1462 1461 1382 1383 1463 1462 1383 1384 1464 
1463 1384 1385 1465 1464 1385 1386 1466 1465 
1386 1387 1467 1466 1387 1388 1468 1467 1388 
1389 1469 1468 1389 1390 1470 1469 1390 1391 
1471 1470 1391 1392 1472 1471 1392 1393 1473 
1472 1393 1394 1474 1473 1394 1395 1475 1474 
1395 1396 1476 1475 1396 1397 1477 1476 1397 
1398 1478 1477 1398 1399 1479 1478 1399 1400 
1480 1479 1400 1401 1481 1480 1401 1402 1482 
1481 1402 1403 1483 1482 1403 1404 1484 1483 
1404 1405 1485 1484 1405 1406 1486 1485 1406 
1407 1487 1486 1407 1408 1488 1487 1408 1409 
1489 1488 1409 1410 1490 1489 1410 1411 1491 
1490 1411 1412 1492 1491 1412 1413 1493 1492 
1413 1414 1494 1493 1414 1415 1495 1494 1415 
1416 1496 1495 1416 1417 1497 1496 1417 1418 
1498 1497 1418 1419 1499 1498 1419 1420 1500 
1499 1420 1421 1501 1500 1421 1422 1502 1501 
1422 1423 1503 1502 1423 1424 1504 1503 1424 
1425 1505 1504 1425 1426 1506 1505 1426 1427 
1507 1506 1427 1428 1508 1507 1428 1429 1509 
1508 1429 1430 1510 1509 1430 1431 1511 1510 
1431 1432 1512 1511 1432 1433 1513 1512 1433 
1434 1514 1513 1434 1435 1515 1514 1435 1436 
1516 1515 1436 1437 1517 1516 1437 1438 1518 
1517 1438 1439 1519 1518 1439 1360 1440 1519 
1440 1441 1521 1520 1441 1442 1522 1521 1442 
1443 1523 1522 1443 1444 1524 1523 1444 1445 
1525 1524 1445 1446 1526 1525 1446 1447 1527 
1526 1447 1448 1528 1527 1448 1449 1529 1528 
1449 1450 1530 1529 1450 1451 1531 1530 1451 
1452 1532 1531 1452 1453 1533 1532 1453 1454 
1534 1533 1454 1455 1535 1534 1455 1456 1536 
1535 1456 1457 1537 1536 1457 1458 1538 1537 
1458 1459 1539 1538 1459 1460 1540 1539 1460 
1461 1541 1540 1461 1462 1542 1541 1462 1463 
1543 1542 1463 1464 1544 1543 1464 1465 1545 
1544 1465 1466 1546 1545 1466 1467 1547 1546 
1467 1468 1548 1547 1468 1469 1549 1548 1469 
1470 1550 1549 1470 1471 1551 1550 1471 1472 
1552 1551 1472 1473 1553 1552 1473 1474 1554 
1553 1474 1475 1555 1554 1475 1476 1556 1555 
1476 1477 1557 1556 1477 1478 1558 1557 1478 
1479 1559 1558 1479 1480 1560 1559 1480 1481 
1561 1560 1481 1482 1562 1561 1482 1483 1563 
1562 1483 1484 1564 1563 1484 1485 1565 1564 
1485 1486 1566 1565 1486 1487 1567 1566 1487 
1488 1568 1567 1488 1489 1569 1568 1489 1490 
1570 1569 1490 1491 1571 1570 1491 1492 1572 
1571 1492 1493 1573 1572 1493 1494 1574 1573 
1494 1495 1575 1574 1495 1496 1576 1575 1496 
1497 1577 1576 1497 1498 1578 1577 1498 1499 
1579 1578 1499 1500 1580 1579 1500 1501 1581 
1580 1501 1502 1582 1581 1502 1503 1583 1582 
1503 1504 1584 1583 1504 1505 1585 1584 1505 
1506 1586 1585 1506 1507 1587 1586 1507 1508 
1588 1587 1508 1509 1589 1588 1509 1510 1590 
1589 1510 1511 1591 1590 1511 1512 1592 1591 
1512 1513 1593 1592 1513 1514 1594 1593 1514 
1515 1595 1594 1515 1516 1596 1595 1516 1517 
1597 1596 1517 1518 1598 1597 1518 1519 1599 
1598 1519 1440 1520 1599 1520 1521 1601 1600 
1521 1522 1602 1601 1522 1523 1603 1602 1523 
1524 1604 1603 1524 1525 1605 1604 1525 1526 
1606 1605 1526 1527 1607 1606 1527 1528 1608 
1607 1528 1529 1609 1608 1529 1530 1610 1609 
1530 1531 1611 1610 1531 1532 1612 1611 1532 
1533 1613 1612 1533 1534 1614 1613 1534 1535 
1615 1614 1535 1536 1616 1615 1536 1537 1617 
1616 1537 1538 1618 1617 1538 1539 1619 1618 
1539 1540 1620 1619 1540 1541 1621 1620 1541 
1542 1622 1621 1542 1543 1623 1622 1543 1544 
1624 1623 1544 1545 1625 1624 1545 1546 1626 
1625 1546 1547 1627 1626 1547 1548 1628 1627 
1548 1549 1629 1628 1549 1550 1630 1629 1550 
1551 1631 1630 1551 1552 1632 1631 1552 1553 
1633 1632 1553 1554 1634 1633 1554 1555 1635 
1634 1555 1556 1636 1635 1556 1557 1637 1636 
1557 1558 1638 1637 1558 1559 1639 1638 1559 
1560 1640 1639 1560 1561 1641 1640 1561 1562 
1642 1641 1562 1563 1643 1642 1563 1564 1644 
1643 1564 1565 1645 1644 1565 1566 1646 1645 
1566 1567 1647 1646 1567 1568 1648 1647 1568 
1569 1649 1648 1569 1570 1650 1649 1570 1571 
1651 1650 1571 1572 1652 1651 1572 1573 1653 
1652 1573 1574 1654 1653 1574 1575 1655 1654 
1575 1576 1656 1655 1576 1577 1657 1656 1577 
1578 1658 1657 1578 1579 1659 1658 1579 1580 
1660 1659 1580 1581 1661 1660 1581 1582 1662 
1661 1582 1583 1663 1662 1583 1584 1664 1663 
1584 1585 1665 1664 1585 1586 1666 1665 1586 
1587 1667 1666 1587 1588 1668 1667 1588 1589 
1669 1668 1589 1590 1670 1669 1590 1591 1671 
1670 1591 1592 1672 1671 1592 1593 1673 1672 
1593 1594 1674 1673 1594 1595 1675 1674 1595 
1596 1676 1675 1596 1597 1677 1676 1597 1598 
1678 1677 1598 1599 1679 1678 1599 1520 1600 
1679 1600 1601 1681 1680 1601 1602 1682 1681 
1602 1603 1683 1682 1603 1604 1684 1683 1604 
1605 1685 1684 1605 1606 1686 1685 1606 1607 
1687 1686 1607 1608 1688 1687 1608 1609 1689 
1688 1609 1610 1690 1689 1610 1611 1691 1690 
1611 1612 1692 1691 1612 1613 1693 1692 1613 
1614 1694 1693 1614 1615 1695 1694 1615 1616 
1696 1695 1616 1617 1697 1696 1617 1618 1698 
1697 1618 1619 1699 1698 1619 1620 1700 1699 
1620 1621 1701 1700 1621 1622 1702 1701 1622 
1623 1703 1702 1623 1624 1704 1703 1624 1625 
1705 1704 1625 1626 1706 1705 1626 1627 1707 
1706 1627 1628 1708 1707 1628 1629 1709 1708 
1629 1630 1710 1709 1630 1631 1711 1710 1631 
1632 1712 1711 1632 1633 1713 1712 1633 1634 
1714 1713 1634 1635 1715 1714 1635 1636 1716 
1715 1636 1637 1717 1716 1637 1638 1718 1717 
1638 1639 1719 1718 1639 1640 1720 1719 1640 
1641 1721 1720 1641 1642 1722 1721 1642 1643 
1723 1722 1643 1644 1724 1723 1644 1645 1725 
1724 1645 1646 1726 1725 1646 1647 1727 1726 
1647 1648 1728 1727 1648 1649 1729 1728 1649 
1650 1730 1729 1650 1651 1731 1730 1651 1652 
1732 1731 1652 1653 1733 1732 1653 1654 1734 
1733 1654 1655 1735 1734 1655 1656 1736 1735 
1656 1657 1737 1736 1657 1658 1738 1737 1658 
1659 1739 1738 1659 1660 1740 1739 1660 1661 
1741 1740 1661 1662 1742 1741 1662 1663 1743 
1742 1663 1664 1744 1743 1664 1665 1745 1744 
1665 1666 1746 1745 1666 1667 1747 1746 1667 
1668 1748 1747 1668 1669 1749 1748 1669 1670 
1750 1749 1670 1671 1751 1750 1671 1672 1752 
1751 1672 1673 1753 1752 1673 1674 1754 1753 
1674 1675 1755 1754 1675 1676 1756 1755 1676 
1677 1757 1756 1677 1678 1758 1757 1678 1679 
1759 1758 1679 1600 1680 1759 1680 1681 1761 
1760 1681 1682 1762 1761 1682 1683 1763 1762 
1683 1684 1764 1763 1684 1685 1765 1764 1685 
1686 1766 1765 1686 1687 1767 1766 1687 1688 
1768 1767 1688 1689 1769 1768 1689 1690 1770 
1769 1690 1691 1771 1770 1691 1692 1772 1771 
1692 1693 1773 1772 1693 1694 1774 1773 1694 
1695 1775 1774 1695 1696 1776 1775 1696 1697 
1777 1776 1697 1698 1778 1777 1698 1699 1779 
1778 1699 1700 1780 1779 1700 1701 1781 1780 
1701 1702 1782 1781 1702 1703 1783 1782 1703 
1704 1784 1783 1704 1705 1785 1784 1705 1706 
1786 1785 1706 1707 1787 1786 1707 1708 1788 
1787 1708 1709 1789 1788 1709 1710 1790 1789 
1710 1711 1791 1790 1711 1712 1792 1791 1712 
1713 1793 1792 1713 1714 1794 1793 1714 1715 
1795 1794 1715 1716 1796 1795 1716 1717 1797 
1796 1717 1718 1798 1797 1718 1719 1799 1798 
1719 1720 1800 1799 1720 1721 1801 1800 1721 
1722 1802 1801 1722 1723 1803 1802 1723 1724 
1804 1803 1724 1725 1805 1804 1725 1726 1806 
1805 1726 1727 1807 1806 1727 1728 1808 1807 
1728 1729 1809 1808 1729 1730 1810 1809 1730 
1731 1811 1810 1731 1732 1812 1811 1732 1733 
1813 1812 1733 1734 1814 1813 1734 1735 1815 
1814 1735 1736 1816 1815 1736 1737 1817 1816 
1737 1738 1818 1817 1738 1739 1819 1818 1739 
1740 1820 1819 1740 1741 1821 1820 1741 1742 
1822 1821 1742 1743 1823 1822 1743 1744 1824 
1823 1744 1745 1825 1824 1745 1746 1826 1825 
1746 1747 1827 1826 1747 1748 1828 1827 1748 
1749 1829 1828 1749 1750 1830 1829 1750 1751 
1831 1830 1751 1752 1832 1831 1752 1753 1833 
1832 1753 1754 1834 1833 1754 1755 1835 1834 
1755 1756 1836 1835 1756 1757 1837 1836 1757 
1758 1838 1837 1758 1759 1839 1838 1759 1680 
1760 1839 1760 1761 1841 1840 1761 1762 1842 
1841 1762 1763 1843 1842 1763 1764 1844 1843 
1764 1765 1845 1844 1765 1766 1846 1845 1766 
1767 1847 1846 1767 1768 1848 1847 1768 1769 
1849 1848 1769 1770 1850 1849 1770 1771 1851 
1850 1771 1772 1852 1851 1772 1773 1853 1852 
1773 1774 1854 1853 1774 1775 1855 1854 1775 
1776 1856 1855 1776 1777 1857 1856 1777 1778 
1858 1857 1778 1779 1859 1858 1779 1780 1860 
1859 1780 1781 1861 1860 1781 1782 1862 1861 
1782 1783 1863 1862 1783 1784 1864 1863 1784 
1785 1865 1864 1785 1786 1866 1865 1786 1787 
1867 1866 1787 1788 1868 1867 1788 1789 1869 
1868 1789 1790 1870 1869 1790 1791 1871 1870 
1791 1792 1872 1871 1792 1793 1873 1872 1793 
1794 1874 1873 1794 1795 1875 1874 1795 1796 
1876 1875 1796 1797 1877 1876 1797 1798 1878 
1877 1798 1799 1879 1878 1799 1800 1880 1879 
1800 1801 1881 1880 1801 1802 1882 1881 1802 
1803 1883 1882 1803 1804 1884 1883 1804 1805 
1885 1884 1805 1806 1886 1885 1806 1807 1887 
1886 1807 1808 1888 1887 1808 1809 1889 1888 
1809 1810 1890 1889 1810 1811 1891 1890 1811 
1812 1892 1891 1812 1813 1893 1892 1813 1814 
1894 1893 1814 1815 1895 1894 1815 1816 1896 
1895 1816 1817 1897 1896 1817 1818 1898 1897 
1818 1819 1899 1898 1819 1820 1900 1899 1820 
1821 1901 1900 1821 1822 1902 1901 1822 1823 
1903 1902 1823 1824 1904 1903 1824 1825 1905 
1904 1825 1826 1906 1905 1826 1827 1907 1906 
1827 1828 1908 1907 1828 1829 1909 1908 1829 
1830 1910 1909 1830 1831 1911 1910 1831 1832 
1912 1911 1832 1833 1913 1912 1833 1834 1914 
1913 1834 1835 1915 1914 1835 1836 1916 1915 
1836 1837 1917 1916 1837 1838 1918 1917 1838 
1839 1919 1918 1839 1760 1840 1919 1840 1841 
1921 1920 1841 1842 1922 1921 1842 1843 1923 
1922 1843 1844 1924 1923 1844 1845 1925 1924 
1845 1846 1926 1925 1846 1847 1927 1926 1847 
1848 1928 1927 1848 1849 1929 1928 1849 1850 
1930 1929 1850 1851 1931 1930 1851 1852 1932 
1931 1852 1853 1933 1932 1853 1854 1934 1933 
1854 1855 1935 1934 1855 1856 1936 1935 1856 
1857 1937 1936 1857 1858 1938 1937 1858 1859 
1939 1938 1859 1860 1940 1939 1860 1861 1941 
1940 1861 1862 1942 1941 1862 1863 1943 1942 
1863 1864 1944 1943 1864 1865 1945 1944 1865 
1866 1946 1945 1866 1867 1947 1946 1867 1868 
1948 1947 1868 1869 1949 1948 1869 1870 1950 
1949 1870 1871 1951 1950 1871 1872 1952 1951 
1872 1873 1953 1952 1873 1874 1954 1953 1874 
1875 1955 1954 1875 1876 1956 1955 1876 1877 
1957 1956 1877 1878 1958 1957 1878 1879 1959 
1958 1879 1880 1960 1959 1880 1881 1961 1960 
1881 1882 1962 1961 1882 1883 1963 1962 1883 
1884 1964 1963 1884 1885 1965 1964 1885 1886 
1966 1965 1886 1887 1967 1966 1887 1888 1968 
1967 1888 1889 1969 1968 1889 1890 1970 1969 
1890 1891 1971 1970 1891 1892 1972 1971 1892 
1893 1973 1972 1893 1894 1974 1973 1894 1895 
1975 1974 1895 1896 1976 1975 1896 1897 1977 
1976 1897 1898 1978 1977 1898 1899 1979 1978 
1899 1900 1980 1979 1900 1901 1981 1980 1901 
1902 1982 1981 1902 1903 1983 1982 1903 1904 
1984 1983 1904 1905 1985 1984 1905 1906 1986 
1985 1906 1907 1987 1986 1907 1908 1988 1987 
1908 1909 1989 1988 1909 1910 1990 1989 1910 
1911 1991 1990 1911 1912 1992 1991 1912 1913 
1993 1992 1913 1914 1994 1993 1914 1915 1995 
1994 1915 1916 1996 1995 1916 1917 1997 1996 
1917 1918 1998 1997 1918 1919 1999 1998 1919 
1840 1920 1999 1920 1921 2001 2000 1921 1922 
2002 2001 1922 1923 2003 2002 1923 1924 2004 
2003 1924 1925 2005 2004 1925 1926 2006 2005 
1926 1927 2007 2006 1927 1928 2008 2007 1928 
1929 2009 2008 1929 1930 2010 2009 1930 1931 
2011 2010 1931 1932 2012 2011 1932 1933 2013 
2012 1933 1934 2014 2013 1934 1935 2015 2014 
1935 1936 2016 2015 1936 1937 2017 2016 1937 
1938 2018 2017 1938 1939 2019 2018 1939 1940 
2020 2019 1940 1941 2021 2020 1941 1942 2022 
2021 1942 1943 2023 2022 1943 1944 2024 2023 
1944 1945 2025 2024 1945 1946 2026 2025 1946 
1947 2027 2026 1947 1948 2028 2027 1948 1949 
2029 2028 1949 1950 2030 2029 1950 1951 2031 
2030 1951 1952 2032 2031 1952 1953 2033 2032 
1953 1954 2034 2033 1954 1955 2035 2034 1955 
1956 2036 2035 1956 1957 2037 2036 1957 1958 
2038 2037 1958 1959 2039 2038 1959 1960 2040 
2039 1960 1961 2041 2040 1961 1962 2042 2041 
1962 1963 2043 2042 1963 1964 2044 2043 1964 
1965 2045 2044 1965 1966 2046 2045 1966 1967 
2047 2046 1967 1968 2048 2047 1968 1969 2049 
2048 1969 1970 2050 2049 1970 1971 2051 2050 
1971 1972 2052 2051 1972 1973 2053 2052 1973 
1974 2054 2053 1974 1975 2055 2054 1975 1976 
2056 2055 1976 1977 2057 2056 1977 1978 2058 
2057 1978 1979 2059 2058 1979 1980 2060 2059 
1980 1981 2061 2060 1981 1982 2062 2061 1982 
1983 2063 2062 1983 1984 2064 2063 1984 1985 
2065 2064 1985 1986 2066 2065 1986 1987 2067 
2066 1987 1988 2068 2067 1988 1989 2069 2068 
1989 1990 2070 2069 1990 1991 2071 2070 1991 
1992 2072 2071 1992 1993 2073 2072 1993 1994 
2074 2073 1994 1995 2075 2074 1995 1996 2076 
2075 1996 1997 2077 2076 1997 1998 2078 2077 
1998 1999 2079 2078 1999 1920 2000 2079 2000 
2001 2081 2080 2001 2002 2082 2081 2002 2003 
2083 2082 2003 2004 2084 2083 2004 2005 2085 
2084 2005 2006 2086 2085 2006 2007 2087 2086 
2007 2008 2088 2087 2008 2009 2089 2088 2009 
2010 2090 2089 2010 2011 2091 2090 2011 2012 
2092 2091 2012 2013 2093 2092 2013 2014 2094 
2093 2014 2015 2095 2094 2015 2016 2096 2095 
2016 2017 2097 2096 2017 2018 2098 2097 2018 
2019 2099 2098 2019 2020 2100 2099 2020 2021 
2101 2100 2021 2022 2102 2101 2022 2023 2103 
2102 2023 2024 2104 2103 2024 2025 2105 2104 
2025 2026 2106 2105 2026 2027 2107 2106 2027 
2028 2108 2107 2028 2029 2109 2108 2029 2030 
2110 2109 2030 2031 2111 2110 2031 2032 2112 
2111 2032 2033 2113 2112 2033 2034 2114 2113 
2034 2035 2115 2114 2035 2036 2116 2115 2036 
2037 2117 2116 2037 2038 2118 2117 2038 2039 
2119 2118 2039 2040 2120 2119 2040 2041 2121 
2120 2041 2042 2122 2121 2042 2043 2123 2122 
2043 2044 2124 2123 2044 2045 2125 2124 2045 
2046 2126 2125 2046 2047 2127 2126 2047 2048 
2128 2127 2048 2049 2129 2128 2049 2050 2130 
2129 2050 2051 2131 2130 2051 2052 2132 2131 
2052 2053 2133 2132 2053 2054 2134 2133 2054 
2055 2135 2134 2055 2056 2136 2135 2056 2057 
2137 2136 2057 2058 2138 2137 2058 2059 2139 
2138 2059 2060 2140 2139 2060 2061 2141 2140 
2061 2062 2142 2141 2062 2063 2143 2142 2063 
2064 2144 2143 2064 2065 2145 2144 2065 2066 
2146 2145 2066 2067 2147 2146 2067 2068 2148 
2147 2068 2069 2149 2148 2069 2070 2150 2149 
2070 2071 2151 2150 2071 2072 2152 2151 2072 
2073 2153 2152 2073 2074 2154 2153 2074 2075 
2155 2154 2075 2076 2156 2155 2076 2077 2157 
2156 2077 2078 2158 2157 2078 2079 2159 2158 
2079 2000 2080 2159 2080 2081 2161 2160 2081 
2082 2162 2161 2082 2083 2163 2162 2083 2084 
2164 2163 2084 2085 2165 2164 2085 2086 2166 
2165 2086 2087 2167 2166 2087 2088 2168 2167 
2088 2089 2169 2168 2089 2090 2170 2169 2090 
2091 2171 2170 2091 2092 2172 2171 2092 2093 
2173 2172 2093 2094 2174 2173 2094 2095 2175 
2174 2095 2096 2176 2175 2096 2097 2177 2176 
2097 2098 2178 2177 2098 2099 2179 2178 2099 
2100 2180 2179 2100 2101 2181 2180 2101 2102 
2182 2181 2102 2103 2183 2182 2103 2104 2184 
2183 2104 2105 2185 2184 2105 2106 2186 2185 
2106 2107 2187 2186 2107 2108 2188 2187 2108 
2109 2189 2188 2109 2110 2190 2189 2110 2111 
2191 2190 2111 2112 2192 2191 2112 2113 2193 
2192 2113 2114 2194 2193 2114 2115 2195 2194 
2115 2116 2196 2195 2116 2117 2197 2196 2117 
2118 2198 2197 2118 2119 2199 2198 2119 2120 
2200 2199 2120 2121 2201 2200 2121 2122 2202 
2201 2122 2123 2203 2202 2123 2124 2204 2203 
2124 2125 2205 2204 2125 2126 2206 2205 2126 
2127 2207 2206 2127 2128 2208 2207 2128 2129 
2209 2208 2129 2130 2210 2209 2130 2131 2211 
2210 2131 2132 2212 2211 2132 2133 2213 2212 
2133 2134 2214 2213 2134 2135 2215 2214 2135 
2136 2216 2215 2136 2137 2217 2216 2137 2138 
2218 2217 2138 2139 2219 2218 2139 2140 2220 
2219 2140 2141 2221 2220 2141 2142 2222 2221 
2142 2143 2223 2222 2143 2144 2224 2223 2144 
2145 2225 2224 2145 2146 2226 2225 2146 2147 
2227 2226 2147 2148 2228 2227 2148 2149 2229 
2228 2149 2150 2230 2229 2150 2151 2231 2230 
2151 2152 2232 2231 2152 2153 2233 2232 2153 
2154 2234 2233 2154 2155 2235 2234 2155 2156 
2236 2235 2156 2157 2237 2236 2157 2158 2238 
2237 2158 2159 2239 2238 2159 2080 2160 2239 
2160 2161 2241 2240 2161 2162 2242 2241 2162 
2163 2243 2242 2163 2164 2244 2243 2164 2165 
2245 2244 2165 2166 2246 2245 2166 2167 2247 
2246 2167 2168 2248 2247 2168 2169 2249 2248 
2169 2170 2250 2249 2170 2171 2251 2250 2171 
2172 2252 2251 2172 2173 2253 2252 2173 2174 
2254 2253 2174 2175 2255 2254 2175 2176 2256 
2255 2176 2177 2257 2256 2177 2178 2258 2257 
2178 2179 2259 2258 2179 2180 2260 2259 2180 
2181 2261 2260 2181 2182 2262 2261 2182 2183 
2263 2262 2183 2184 2264 2263 2184 2185 2265 
2264 2185 2186 2266 2265 2186 2187 2267 2266 
2187 2188 2268 2267 2188 2189 2269 2268 2189 
2190 2270 2269 2190 2191 2271 2270 2191 2192 
2272 2271 2192 2193 2273 2272 2193 2194 2274 
2273 2194 2195 2275 2274 2195 2196 2276 2275 
2196 2197 2277 2276 2197 2198 2278 2277 2198 
2199 2279 2278 2199 2200 2280 2279 2200 2201 
2281 2280 2201 2202 2282 2281 2202 2203 2283 
2282 2203 2204 2284 2283 2204 2205 2285 2284 
2205 2206 2286 2285 2206 2207 2287 2286 2207 
2208 2288 2287 2208 2209 2289 2288 2209 2210 
2290 2289 2210 2211 2291 2290 2211 2212 2292 
2291 2212 2213 2293 2292 2213 2214 2294 2293 
2214 2215 2295 2294 2215 2216 2296 2295 2216 
2217 2297 2296 2217 2218 2298 2297 2218 2219 
2299 2298 2219 2220 2300 2299 2220 2221 2301 
2300 2221 2222 2302 2301 2222 2223 2303 2302 
2223 2224 2304 2303 2224 2225 2305 2304 2225 
2226 2306 2305 2226 2227 2307 2306 2227 2228 
2308 2307 2228 2229 2309 2308 2229 2230 2310 
2309 2230 2231 2311 2310 2231 2232 2312 2311 
2232 2233 2313 2312 2233 2234 2314 2313 2234 
2235 2315 2314 2235 2236 2316 2315 2236 2237 
2317 2316 2237 2238 2318 2317 2238 2239 2319 
2318 2239 2160 2240 2319 2240 2241 2321 2320 
2241 2242 2322 2321 2242 2243 2323 2322 2243 
2244 2324 2323 2244 2245 2325 2324 2245 2246 
2326 2325 2246 2247 2327 2326 2247 2248 2328 
2327 2248 2249 2329 2328 2249 2250 2330 2329 
2250 2251 2331 2330 2251 2252 2332 2331 2252 
2253 2333 2332 2253 2254 2334 2333 2254 2255 
2335 2334 2255 2256 2336 2335 2256 2257 2337 
2336 2257 2258 2338 2337 2258 2259 2339 2338 
2259 2260 2340 2339 2260 2261 2341 2340 2261 
2262 2342 2341 2262 2263 2343 2342 2263 2264 
2344 2343 2264 2265 2345 2344 2265 2266 2346 
2345 2266 2267 2347 2346 2267 2268 2348 2347 
2268 2269 2349 2348 2269 2270 2350 2349 2270 
2271 2351 2350 2271 2272 2352 2351 2272 2273 
2353 2352 2273 2274 2354 2353 2274 2275 2355 
2354 2275 2276 2356 2355 2276 2277 2357 2356 
2277 2278 2358 2357 2278 2279 2359 2358 2279 
2280 2360 2359 2280 2281 2361 2360 2281 2282 
2362 2361 2282 2283 2363 2362 2283 2284 2364 
2363 2284 2285 2365 2364 2285 2286 2366 2365 
2286 2287 2367 2366 2287 2288 2368 2367 2288 
2289 2369 2368 2289 2290 2370 2369 2290 2291 
2371 2370 2291 2292 2372 2371 2292 2293 2373 
2372 2293 2294 2374 2373 2294 2295 2375 2374 
2295 2296 2376 2375 2296 2297 2377 2376 2297 
2298 2378 2377 2298 2299 2379 2378 2299 2300 
2380 2379 2300 2301 2381 2380 2301 2302 2382 
2381 2302 2303 2383 2382 2303 2304 2384 2383 
2304 2305 2385 2384 2305 2306 2386 2385 2306 
2307 2387 2386 2307 2308 2388 2387 2308 2309 
2389 2388 2309 2310 2390 2389 2310 2311 2391 
2390 2311 2312 2392 2391 2312 2313 2393 2392 
2313 2314 2394 2393 2314 2315 2395 2394 2315 
2316 2396 2395 2316 2317 2397 2396 2317 2318 
2398 2397 2318 2319 2399 2398 2319 2240 2320 
2399 2320 2321 2401 2400 2321 2322 2402 2401 
2322 2323 2403 2402 2323 2324 2404 2403 2324 
2325 2405 2404 2325 2326 2406 2405 2326 2327 
2407 2406 2327 2328 2408 2407 2328 2329 2409 
2408 2329 2330 2410 2409 2330 2331 2411 2410 
2331 2332 2412 2411 2332 2333 2413 2412 2333 
2334 2414 2413 2334 2335 2415 2414 2335 2336 
2416 2415 2336 2337 2417 2416 2337 2338 2418 
2417 2338 2339 2419 2418 2339 2340 2420 2419 
2340 2341 2421 2420 2341 2342 2422 2421 2342 
2343 2423 2422 2343 2344 2424 2423 2344 2345 
2425 2424 2345 2346 2426 2425 2346 2347 2427 
2426 2347 2348 2428 2427 2348 2349 2429 2428 
2349 2350 2430 2429 2350 2351 2431 2430 2351 
2352 2432 2431 2352 2353 2433 2432 2353 2354 
2434 2433 2354 2355 2435 2434 2355 2356 2436 
2435 2356 2357 2437 2436 2357 2358 2438 2437 
2358 2359 2439 2438 2359 2360 2440 2439 2360 
2361 2441 2440 2361 2362 2442 2441 2362 2363 
2443 2442 2363 2364 2444 2443 2364 2365 2445 
2444 2365 2366 2446 2445 2366 2367 2447 2446 
2367 2368 2448 2447 2368 2369 2449 2448 2369 
2370 2450 2449 2370 2371 2451 2450 2371 2372 
2452 2451 2372 2373 2453 2452 2373 2374 2454 
2453 2374 2375 2455 2454 2375 2376 2456 2455 
2376 2377 2457 2456 2377 2378 2458 2457 2378 
2379 2459 2458 2379 2380 2460 2459 2380 2381 
2461 2460 2381 2382 2462 2461 2382 2383 2463 
2462 2383 2384 2464 2463 2384 2385 2465 2464 
2385 2386 2466 2465 2386 2387 2467 2466 2387 
2388 2468 2467 2388 2389 2469 2468 2389 2390 
2470 2469 2390 2391 2471 2470 2391 2392 2472 
2471 2392 2393 2473 2472 2393 2394 2474 2473 
2394 2395 2475 2474 2395 2396 2476 2475 2396 
2397 2477 2476 2397 2398 2478 2477 2398 2399 
2479 2478 2399 2320 2400 2479 2400 2401 2481 
2480 2401 2402 2482 2481 2402 2403 2483 2482 
2403 2404 2484 2483 2404 2405 2485 2484 2405 
2406 2486 2485 2406 2407 2487 2486 2407 2408 
2488 2487 2408 2409 2489 2488 2409 2410 2490 
2489 2410 2411 2491 2490 2411 2412 2492 2491 
2412 2413 2493 2492 2413 2414 2494 2493 2414 
2415 2495 2494 2415 2416 2496 2495 2416 2417 
2497 2496 2417 2418 2498 2497 2418 2419 2499 
2498 2419 2420 2500 2499 2420 2421 2501 2500 
2421 2422 2502 2501 2422 2423 2503 2502 2423 
2424 2504 2503 2424 2425 2505 2504 2425 2426 
2506 2505 2426 2427 2507 2506 2427 2428 2508 
2507 2428 2429 2509 2508 2429 2430 2510 2509 
2430 2431 2511 2510 2431 2432 2512 2511 2432 
2433 2513 2512 2433 2434 2514 2513 2434 2435 
2515 2514 2435 2436 2516 2515 2436 2437 2517 
2516 2437 2438 2518 2517 2438 2439 2519 2518 
2439 2440 2520 2519 2440 2441 2521 2520 2441 
2442 2522 2521 2442 2443 2523 2522 2443 2444 
2524 2523 2444 2445 2525 2524 2445 2446 2526 
2525 2446 2447 2527 2526 2447 2448 2528 2527 
2448 2449 2529 2528 2449 2450 2530 2529 2450 
2451 2531 2530 2451 2452 2532 2531 2452 2453 
2533 2532 2453 2454 2534 2533 2454 2455 2535 
2534 2455 2456 2536 2535 2456 2457 2537 2536 
2457 2458 2538 2537 2458 2459 2539 2538 2459 
2460 2540 2539 2460 2461 2541 2540 2461 2462 
2542 2541 2462 2463 2543 2542 2463 2464 2544 
2543 2464 2465 2545 2544 2465 2466 2546 2545 
2466 2467 2547 2546 2467 2468 2548 2547 2468 
2469 2549 2548 2469 2470 2550 2549 2470 2471 
2551 2550 2471 2472 2552 2551 2472 2473 2553 
2552 2473 2474 2554 2553 2474 2475 2555 2554 
2475 2476 2556 2555 2476 2477 2557 2556 2477 
2478 2558 2557 2478 2479 2559 2558 2479 2400 
2480 2559 2480 2481 2561 2560 2481 2482 2562 
2561 2482 2483 2563 2562 2483 2484 2564 2563 
2484 2485 2565 2564 2485 2486 2566 2565 2486 
2487 2567 2566 2487 2488 2568 2567 2488 2489 
2569 2568 2489 2490 2570 2569 2490 2491 2571 
2570 2491 2492 2572 2571 2492 2493 2573 2572 
2493 2494 2574 2573 2494 2495 2575 2574 2495 
2496 2576 2575 2496 2497 2577 2576 2497 2498 
2578 2577 2498 2499 2579 2578 2499 2500 2580 
2579 2500 2501 2581 2580 2501 2502 2582 2581 
2502 2503 2583 2582 2503 2504 2584 2583 2504 
2505 2585 2584 2505 2506 2586 2585 2506 2507 
2587 2586 2507 2508 2588 2587 2508 2509 2589 
2588 2509 2510 2590 2589 2510 2511 2591 2590 
2511 2512 2592 2591 2512 2513 2593 2592 2513 
2514 2594 2593 2514 2515 2595 2594 2515 2516 
2596 2595 2516 2517 2597 2596 2517 2518 2598 
2597 2518 2519 2599 2598 2519 2520 2600 2599 
2520 2521 2601 2600 2521 2522 2602 2601 2522 
2523 2603 2602 2523 2524 2604 2603 2524 2525 
2605 2604 2525 2526 2606 2605 2526 2527 2607 
2606 2527 2528 2608 2607 2528 2529 2609 2608 
2529 2530 2610 2609 2530 2531 2611 2610 2531 
2532 2612 2611 2532 2533 2613 2612 2533 2534 
2614 2613 2534 2535 2615 2614 2535 2536 2616 
2615 2536 2537 2617 2616 2537 2538 2618 2617 
2538 2539 2619 2618 2539 2540 2620 2619 2540 
2541 2621 2620 2541 2542 2622 2621 2542 2543 
2623 2622 2543 2544 2624 2623 2544 2545 2625 
2624 2545 2546 2626 2625 2546 2547 2627 2626 
2547 2548 2628 2627 2548 2549 2629 2628 2549 
2550 2630 2629 2550 2551 2631 2630 2551 2552 
2632 2631 2552 2553 2633 2632 2553 2554 2634 
2633 2554 2555 2635 2634 2555 2556 2636 2635 
2556 2557 2637 2636 2557 2558 2638 2637 2558 
2559 2639 2638 2559 2480 2560 2639 2560 2561 
2641 2640 2561 2562 2642 2641 2562 2563 2643 
2642 2563 2564 2644 2643 2564 2565 2645 2644 
2565 2566 2646 2645 2566 2567 2647 2646 2567 
2568 2648 2647 2568 2569 2649 2648 2569 2570 
2650 2649 2570 2571 2651 2650 2571 2572 2652 
2651 2572 2573 2653 2652 2573 2574 2654 2653 
2574 2575 2655 2654 2575 2576 2656 2655 2576 
2577 2657 2656 2577 2578 2658 2657 2578 2579 
2659 2658 2579 2580 2660 2659 2580 2581 2661 
2660 2581 2582 2662 2661 2582 2583 2663 2662 
2583 2584 2664 2663 2584 2585 2665 2664 2585 
2586 2666 2665 2586 2587 2667 2666 2587 2588 
2668 2667 2588 2589 2669 2668 2589 2590 2670 
2669 2590 2591 2671 2670 2591 2592 2672 2671 
2592 2593 2673 2672 2593 2594 2674 2673 2594 
2595 2675 2674 2595 2596 2676 2675 2596 2597 
2677 2676 2597 2598 2678 2677 2598 2599 2679 
2678 2599 2600 2680 2679 2600 2601 2681 2680 
2601 2602 2682 2681 2602 2603 2683 2682 2603 
2604 2684 2683 2604 2605 2685 2684 2605 2606 
2686 2685 2606 2607 2687 2686 2607 2608 2688 
2687 2608 2609 2689 2688 2609 2610 2690 2689 
2610 2611 2691 2690 2611 2612 2692 2691 2612 
2613 2693 2692 2613 2614 2694 2693 2614 2615 
2695 2694 2615 2616 2696 2695 2616 2617 2697 
2696 2617 2618 2698 2697 2618 2619 2699 2698 
2619 2620 2700 2699 2620 2621 2701 2700 2621 
2622 2702 2701 2622 2623 2703 2702 2623 2624 
2704 2703 2624 2625 2705 2704 2625 2626 2706 
2705 2626 2627 2707 2706 2627 2628 2708 2707 
2628 2629 2709 2708 2629 2630 2710 2709 2630 
2631 2711 2710 2631 2632 2712 2711 2632 2633 
2713 2712 2633 2634 2714 2713 2634 2635 2715 
2714 2635 2636 2716 2715 2636 2637 2717 2716 
2637 2638 2718 2717 2638 2639 2719 2718 2639 
2560 2640 2719 2640 2641 2721 2720 2641 2642 
2722 2721 2642 2643 2723 2722 2643 2644 2724 
2723 2644 2645 2725 2724 2645 2646 2726 2725 
2646 2647 2727 2726 2647 2648 2728 2727 2648 
2649 2729 2728 2649 2650 2730 2729 2650 2651 
2731 2730 2651 2652 2732 2731 2652 2653 2733 
2732 2653 2654 2734 2733 2654 2655 2735 2734 
2655 2656 2736 2735 2656 2657 2737 2736 2657 
2658 2738 2737 2658 2659 2739 2738 2659 2660 
2740 2739 2660 2661 2741 2740 2661 2662 2742 
2741 2662 2663 2743 2742 2663 2664 2744 2743 
2664 2665 2745 2744 2665 2666 2746 2745 2666 
2667 2747 2746 2667 2668 2748 2747 2668 2669 
2749 2748 2669 2670 2750 2749 2670 2671 2751 
2750 2671 2672 2752 2751 2672 2673 2753 2752 
2673 2674 2754 2753 2674 2675 2755 2754 2675 
2676 2756 2755 2676 2677 2757 2756 2677 2678 
2758 2757 2678 2679 2759 2758 2679 2680 2760 
2759 2680 2681 2761 2760 2681 2682 2762 2761 
2682 2683 2763 2762 2683 2684 2764 2763 2684 
2685 2765 2764 2685 2686 2766 2765 2686 2687 
2767 2766 2687 2688 2768 2767 2688 2689 2769 
2768 2689 2690 2770 2769 2690 2691 2771 2770 
2691 2692 2772 2771 2692 2693 2773 2772 2693 
2694 2774 2773 2694 2695 2775 2774 2695 2696 
2776 2775 2696 2697 2777 2776 2697 2698 2778 
2777 2698 2699 2779 2778 2699 2700 2780 2779 
2700 2701 2781 2780 2701 2702 2782 2781 2702 
2703 2783 2782 2703 2704 2784 2783 2704 2705 
2785 2784 2705 2706 2786 2785 2706 2707 2787 
2786 2707 2708 2788 2787 2708 2709 2789 2788 
2709 2710 2790 2789 2710 2711 2791 2790 2711 
2712 2792 2791 2712 2713 2793 2792 2713 2714 
2794 2793 2714 2715 2795 2794 2715 2716 2796 
2795 2716 2717 2797 2796 2717 2718 2798 2797 
2718 2719 2799 2798 2719 2640 2720 2799 2720 
2721 2801 2800 2721 2722 2802 2801 2722 2723 
2803 2802 2723 2724 2804 2803 2724 2725 2805 
2804 2725 2726 2806 2805 2726 2727 2807 2806 
2727 2728 2808 2807 2728 2729 2809 2808 2729 
2730 2810 2809 2730 2731 2811 2810 2731 2732 
2812 2811 2732 2733 2813 2812 2733 2734 2814 
2813 2734 2735 2815 2814 2735 2736 2816 2815 
2736 2737 2817 2816 2737 2738 2818 2817 2738 
2739 2819 2818 2739 2740 2820 2819 2740 2741 
2821 2820 2741 2742 2822 2821 2742 2743 2823 
2822 2743 2744 2824 2823 2744 2745 2825 2824 
2745 2746 2826 2825 2746 2747 2827 2826 2747 
2748 2828 2827 2748 2749 2829 2828 2749 2750 
2830 2829 2750 2751 2831 2830 2751 2752 2832 
2831 2752 2753 2833 2832 2753 2754 2834 2833 
2754 2755 2835 2834 2755 2756 2836 2835 2756 
2757 2837 2836 2757 2758 2838 2837 2758 2759 
2839 2838 2759 2760 2840 2839 2760 2761 2841 
2840 2761 2762 2842 2841 2762 2763 2843 2842 
2763 2764 2844 2843 2764 2765 2845 2844 2765 
2766 2846 2845 2766 2767 2847 2846 2767 2768 
2848 2847 2768 2769 2849 2848 2769 2770 2850 
2849 2770 2771 2851 2850 2771 2772 2852 2851 
2772 2773 2853 2852 2773 2774 2854 2853 2774 
2775 2855 2854 2775 2776 2856 2855 2776 2777 
2857 2856 2777 2778 2858 2857 2778 2779 2859 
2858 2779 2780 2860 2859 2780 2781 2861 2860 
2781 2782 2862 2861 2782 2783 2863 2862 2783 
2784 2864 2863 2784 2785 2865 2864 2785 2786 
2866 2865 2786 2787 2867 2866 2787 2788 2868 
2867 2788 2789 2869 2868 2789 2790 2870 2869 
2790 2791 2871 2870 2791 2792 2872 2871 2792 
2793 2873 2872 2793 2794 2874 2873 2794 2795 
2875 2874 2795 2796 2876 2875 2796 2797 2877 
2876 2797 2798 2878 2877 2798 2799 2879 2878 
2799 2720 2800 2879 2800 2801 2881 2880 2801 
2802 2882 2881 2802 2803 2883 2882 2803 2804 
2884 2883 2804 2805 2885 2884 2805 2806 2886 
2885 2806 2807 2887 2886 2807 2808 2888 2887 
2808 2809 2889 2888 2809 2810 2890 2889 2810 
2811 2891 2890 2811 2812 2892 2891 2812 2813 
2893 2892 2813 2814 2894 2893 2814 2815 2895 
2894 2815 2816 2896 2895 2816 2817 2897 2896 
2817 2818 2898 2897 2818 2819 2899 2898 2819 
2820 2900 2899 2820 2821 2901 2900 2821 2822 
2902 2901 2822 2823 2903 2902 2823 2824 2904 
2903 2824 2825 2905 2904 2825 2826 2906 2905 
2826 2827 2907 2906 2827 2828 2908 2907 2828 
2829 2909 2908 2829 2830 2910 2909 2830 2831 
2911 2910 2831 2832 2912 2911 2832 2833 2913 
2912 2833 2834 2914 2913 2834 2835 2915 2914 
2835 2836 2916 2915 2836 2837 2917 2916 2837 
2838 2918 2917 2838 2839 2919 2918 2839 2840 
2920 2919 2840 2841 2921 2920 2841 2842 2922 
2921 2842 2843 2923 2922 2843 2844 2924 2923 
2844 2845 2925 2924 2845 2846 2926 2925 2846 
2847 2927 2926 2847 2848 2928 2927 2848 2849 
2929 2928 2849 2850 2930 2929 2850 2851 2931 
2930 2851 2852 2932 2931 2852 2853 2933 2932 
2853 2854 2934 2933 2854 2855 2935 2934 2855 
2856 2936 2935 2856 2857 2937 2936 2857 2858 
2938 2937 2858 2859 2939 2938 2859 2860 2940 
2939 2860 2861 2941 2940 2861 2862 2942 2941 
2862 2863 2943 2942 2863 2864 2944 2943 2864 
2865 2945 2944 2865 2866 2946 2945 2866 2867 
2947 2946 2867 2868 2948 2947 2868 2869 2949 
2948 2869 2870 2950 2949 2870 2871 2951 2950 
2871 2872 2952 2951 2872 2873 2953 2952 2873 
2874 2954 2953 2874 2875 2955 2954 2875 2876 
2956 2955 2876 2877 2957 2956 2877 2878 2958 
2957 2878 2879 2959 2958 2879 2800 2880 2959 
2880 2881 2961 2960 2881 2882 2962 2961 2882 
2883 2963 2962 2883 2884 2964 2963 2884 2885 
2965 2964 2885 2886 2966 2965 2886 2887 2967 
2966 2887 2888 2968 2967 2888 2889 2969 2968 
2889 2890 2970 2969 2890 2891 2971 2970 2891 
2892 2972 2971 2892 2893 2973 2972 2893 2894 
2974 2973 2894 2895 2975 2974 2895 2896 2976 
2975 2896 2897 2977 2976 2897 2898 2978 2977 
2898 2899 2979 2978 2899 2900 2980 2979 2900 
2901 2981 2980 2901 2902 2982 2981 2902 2903 
2983 2982 2903 2904 2984 2983 2904 2905 2985 
2984 2905 2906 2986 2985 2906 2907 2987 2986 
2907 2908 2988 2987 2908 2909 2989 2988 2909 
2910 2990 2989 2910 2911 2991 2990 2911 2912 
2992 2991 2912 2913 2993 2992 2913 2914 2994 
2993 2914 2915 2995 2994 2915 2916 2996 2995 
2916 2917 2997 2996 2917 2918 2998 2997 2918 
2919 2999 2998 2919 2920 3000 2999 2920 2921 
3001 3000 2921 2922 3002 3001 2922 2923 3003 
3002 2923 2924 3004 3003 2924 2925 3005 3004 
2925 2926 3006 3005 2926 2927 3007 3006 2927 
2928 3008 3007 2928 2929 3009 3008 2929 2930 
3010 3009 2930 2931 3011 3010 2931 2932 3012 
3011 2932 2933 3013 3012 2933 2934 3014 3013 
2934 2935 3015 3014 2935 2936 3016 3015 2936 
2937 3017 3016 2937 2938 3018 3017 2938 2939 
3019 3018 2939 2940 3020 3019 2940 2941 3021 
3020 2941 2942 3022 3021 2942 2943 3023 3022 
2943 2944 3024 3023 2944 2945 3025 3024 2945 
2946 3026 3025 2946 2947 3027 3026 2947 2948 
3028 3027 2948 2949 3029 3028 2949 2950 3030 
3029 2950 2951 3031 3030 2951 2952 3032 3031 
2952 2953 3033 3032 2953 2954 3034 3033 2954 
2955 3035 3034 2955 2956 3036 3035 2956 2957 
3037 3036 2957 2958 3038 3037 2958 2959 3039 
3038 2959 2880 2960 3039 2960 2961 3041 3040 
2961 2962 3042 3041 2962 2963 3043 3042 2963 
2964 3044 3043 2964 2965 3045 3044 2965 2966 
3046 3045 2966 2967 3047 3046 2967 2968 3048 
3047 2968 2969 3049 3048 2969 2970 3050 3049 
2970 2971 3051 3050 2971 2972 3052 3051 2972 
2973 3053 3052 2973 2974 3054 3053 2974 2975 
3055 3054 2975 2976 3056 3055 2976 2977 3057 
3056 2977 2978 3058 3057 2978 2979 3059 3058 
2979 2980 3060 3059 2980 2981 3061 3060 2981 
2982 3062 3061 2982 2983 3063 3062 2983 2984 
3064 3063 2984 2985 3065 3064 2985 2986 3066 
3065 2986 2987 3067 3066 2987 2988 3068 3067 
2988 2989 3069 3068 2989 2990 3070 3069 2990 
2991 3071 3070 2991 2992 3072 3071 2992 2993 
3073 3072 2993 2994 3074 3073 2994 2995 3075 
3074 2995 2996 3076 3075 2996 2997 3077 3076 
2997 2998 3078 3077 2998 2999 3079 3078 2999 
3000 3080 3079 3000 3001 3081 3080 3001 3002 
3082 3081 3002 3003 3083 3082 3003 3004 3084 
3083 3004 3005 3085 3084 3005 3006 3086 3085 
3006 3007 3087 3086 3007 3008 3088 3087 3008 
3009 3089 3088 3009 3010 3090 3089 3010 3011 
3091 3090 3011 3012 3092 3091 3012 3013 3093 
3092 3013 3014 3094 3093 3014 3015 3095 3094 
3015 3016 3096 3095 3016 3017 3097 3096 3017 
3018 3098 3097 3018 3019 3099 3098 3019 3020 
3100 3099 3020 3021 3101 3100 3021 3022 3102 
3101 3022 3023 3103 3102 3023 3024 3104 3103 
3024 3025 3105 3104 3025 3026 3106 3105 3026 
3027 3107 3106 3027 3028 3108 3107 3028 3029 
3109 3108 3029 3030 3110 3109 3030 3031 3111 
3110 3031 3032 3112 3111 3032 3033 3113 3112 
3033 3034 3114 3113 3034 3035 3115 3114 3035 
3036 3116 3115 3036 3037 3117 3116 3037 3038 
3118 3117 3038 3039 3119 3118 3039 2960 3040 
3119 3040 3041 3121 3120 3041 3042 3122 3121 
3042 3043 3123 3122 3043 3044 3124 3123 3044 
3045 3125 3124 3045 3046 3126 3125 3046 3047 
3127 3126 3047 3048 3128 3127 3048 3049 3129 
3128 3049 3050 3130 3129 3050 3051 3131 3130 
3051 3052 3132 3131 3052 3053 3133 3132 3053 
3054 3134 3133 3054 3055 3135 3134 3055 3056 
3136 3135 3056 3057 3137 3136 3057 3058 3138 
3137 3058 3059 3139 3138 3059 3060 3140 3139 
3060 3061 3141 3140 3061 3062 3142 3141 3062 
3063 3143 3142 3063 3064 3144 3143 3064 3065 
3145 3144 3065 3066 3146 3145 3066 3067 3147 
3146 3067 3068 3148 3147 3068 3069 3149 3148 
3069 3070 3150 3149 3070 3071 3151 3150 3071 
3072 3152 3151 3072 3073 3153 3152 3073 3074 
3154 3153 3074 3075 3155 3154 3075 3076 3156 
3155 3076 3077 3157 3156 3077 3078 3158 3157 
3078 3079 3159 3158 3079 3080 3160 3159 3080 
3081 3161 3160 3081 3082 3162 3161 3082 3083 
3163 3162 3083 3084 3164 3163 3084 3085 3165 
3164 3085 3086 3166 3165 3086 3087 3167 3166 
3087 3088 3168 3167 3088 3089 3169 3168 3089 
3090 3170 3169 3090 3091 3171 3170 3091 3092 
3172 3171 3092 3093 3173 3172 3093 3094 3174 
3173 3094 3095 3175 3174 3095 3096 3176 3175 
3096 3097 3177 3176 3097 3098 3178 3177 3098 
3099 3179 3178 3099 3100 3180 3179 3100 3101 
3181 3180 3101 3102 3182 3181 3102 3103 3183 
3182 3103 3104 3184 3183 3104 3105 3185 3184 
3105 3106 3186 3185 3106 3107 3187 3186 3107 
3108 3188 3187 3108 3109 3189 3188 3109 3110 
3190 3189 3110 3111 3191 3190 3111 3112 3192 
3191 3112 3113 3193 3192 3113 3114 3194 3193 
3114 3115 3195 3194 3115 3116 3196 3195 3116 
3117 3197 3196 3117 3118 3198 3197 3118 3119 
3199 3198 3119 3040 3120 3199 3120 3121 3201 
3200 3121 3122 3202 3201 3122 3123 3203 3202 
3123 3124 3204 3203 3124 3125 3205 3204 3125 
3126 3206 3205 3126 3127 3207 3206 3127 3128 
3208 3207 3128 3129 3209 3208 3129 3130 3210 
3209 3130 3131 3211 3210 3131 3132 3212 3211 
3132 3133 3213 3212 3133 3134 3214 3213 3134 
3135 3215 3214 3135 3136 3216 3215 3136 3137 
3217 3216 3137 3138 3218 3217 3138 3139 3219 
3218 3139 3140 3220 3219 3140 3141 3221 3220 
3141 3142 3222 3221 3142 3143 3223 3222 3143 
3144 3224 3223 3144 3145 3225 3224 3145 3146 
3226 3225 3146 3147 3227 3226 3147 3148 3228 
3227 3148 3149 3229 3228 3149 3150 3230 3229 
3150 3151 3231 3230 3151 3152 3232 3231 3152 
3153 3233 3232 3153 3154 3234 3233 3154 3155 
3235 3234 3155 3156 3236 3235 3156 3157 3237 
3236 3157 3158 3238 3237 3158 3159 3239 3238 
3159 3160 3240 3239 3160 3161 3241 3240 3161 
3162 3242 3241 3162 3163 3243 3242 3163 3164 
3244 3243 3164 3165 3245 3244 3165 3166 3246 
3245 3166 3167 3247 3246 3167 3168 3248 3247 
3168 3169 3249 3248 3169 3170 3250 3249 3170 
3171 3251 3250 3171 3172 3252 3251 3172 3173 
3253 3252 3173 3174 3254 3253 3174 3175 3255 
3254 3175 3176 3256 3255 3176 3177 3257 3256 
3177 3178 3258 3257 3178 3179 3259 3258 3179 
3180 3260 3259 3180 3181 3261 3260 3181 3182 
3262 3261 3182 3183 3263 3262 3183 3184 3264 
3263 3184 3185 3265 3264 3185 3186 3266 3265 
3186 3187 3267 3266 3187 3188 3268 3267 3188 
3189 3269 3268 3189 3190 3270 3269 3190 3191 
3271 3270 3191 3192 3272 3271 3192 3193 3273 
3272 3193 3194 3274 3273 3194 3195 3275 3274 
3195 3196 3276 3275 3196 3197 3277 3276 3197 
3198 3278 3277 3198 3199 3279 3278 3199 3120 
3200 3279 
POINT_DATA 3280
FIELD FieldData 2
_paraTheta 1 3280 float
0 0 0 0 0 0 0 0 0 
0 0 0 0 0 0 0 0 0 
0 0 0 0 0 0 0 0 0 
0 0 0 0 0 0 0 0 0 
0 0 0 0 0 0 0 0 0 
0 0 0 0 0 0 0 0 0 
0 0 0 0 0 0 0 0 0 
0 0 0 0 0 0 0 0 0 
0 0 0 0 0 0 0 0 0.0785398 
0.0785398 0.0785398 0.0785398 0.0785398 0.0785398 0.0785398 0.0785398 0.0785398 0.0785398 
0.0785398 0.0785398 0.0785398 0.0785398 0.0785398 0.0785398 0.0785398 0.0785398 0.0785398 
0.0785398 0.0785398 0.0785398 0.0785398 0.0785398 0.0785398 0.0785398 0.0785398 0.0785398 
0.0785398 0.0785398 0.0785398 0.0785398 0.0785398 0.0785398 0.0785398 0.0785398 0.0785398 
0.0785398 0.0785398 0.0785398 0.0785398 0.0785398 0.0785398 0.0785398 0.0785398 0.0785398 
0.0785398 0.0785398 0.0785398 0.0785398 0.0785398 0.0785398 0.0785398 0.0785398 0.0785398 
0.0785398 0.0785398 0.0785398 0.0785398 0.0785398 0.0785398 0.0785398 0.0785398 0.0785398 
0.0785398 0.0785398 0.0785398 0.0785398 0.0785398 0.0785398 0.0785398 0.0785398 0.0785398 
0.0785398 0.0785398 0.0785398 0.0785398 0.0785398 0.0785398 0.0785398 0.15708 0.15708 
0.15708 0.15708 0.15708 0.15708 0.15708 0.15708 0.15708 0.15708 0.15708 
0.15708 0.15708 0.15708 0.15708 0.15708 0.15708 0.15708 0.15708 0.15708 
0.15708 0.15708 0.15708 0.15708 0.15708 0.15708 0.15708 0.15708 0.15708 
0.15708 0.15708 0.15708 0.15708 0.15708 0.15708 0.15708 0.15708 0.15708 
0.15708 0.15708 0.15708 0.15708 0.15708 0.15708 0.15708 0.15708 0.15708 
0.15708 0.15708 0.15708 0.15708 0.15708 0.15708 0.15708 0.15708 0.15708 
0.15708 0.15708 0.15708 0.15708 0.15708 0.15708 0.15708 0.15708 0.15708 
0.15708 0.15708 0.15708 0.15708 0.15708 0.15708 0.15708 0.15708 0.15708 
0.15708 0.15708 0.15708 0.15708 0.15708 0.15708 0.235619 0.235619 0.235619 
0.235619 0.235619 0.235619 0.235619 0.235619 0.235619 0.235619 0.235619 0.235619 
0.235619 0.235619 0.235619 0.235619 0.235619 0.235619 0.235619 0.235619 0.235619 
0.235619 0.235619 0.235619 0.235619 0.235619 0.235619 0.235619 0.235619 0.235619 
0.235619 0.235619 0.235619 0.235619 0.235619 0.235619 0.235619 0.235619 0.235619 
0.235619 0.235619 0.235619 0.235619 0.235619 0.235619 0.235619 0.235619 0.235619 
0.235619 0.235619 0.235619 0.235619 0.235619 0.235619 0.235619 0.235619 0.235619 
0.235619 0.235619 0.235619 0.235619 0.235619 0.235619 0.235619 0.235619 0.235619 
0.235619 0.235619 0.235619 0.235619 0.235619 0.235619 0.235619 0.235619 0.235619 
0.235619 0.235619 0.235619 0.235619 0.235619 0.314159 0.314159 0.314159 0.314159 
0.314159 0.314159 0.314159 0.314159 0.314159 0.314159 0.314159 0.314159 0.314159 
0.314159 0.314159 0.314159 0.314159 0.314159 0.314159 0.314159 0.314159 0.314159 
0.314159 0.314159 0.314159 0.314159 0.314159 0.314159 0.314159 0.314159 0.314159 
0.314159 0.314159 0.314159 0.314159 0.314159 0.314159 0.314159 0.314159 0.314159 
0.314159 0.314159 0.314159 0.314159 0.314159 0.314159 0.314159 0.314159 0.314159 
0.314159 0.314159 0.314159 0.314159 0.314159 0.314159 0.314159 0.314159 0.314159 
0.314159 0.314159 0.314159 0.314159 0.314159 0.314159 0.314159 0.314159 0.314159 
0.314159 0.314159 0.314159 0.314159 0.314159 0.314159 0.314159 0.314159 0.314159 
0.314159 0.314159 0.314159 0.314159 0.392699 0.392699 0.392699 0.392699 0.392699 
0.392699 0.392699 0.392699 0.392699 0.392699 0.392699 0.392699 0.392699 0.392699 
0.392699 0.392699 0.392699 0.392699 0.392699 0.392699 0.392699 0.392699 0.392699 
0.392699 0.392699 0.392699 0.392699 0.392699 0.392699 0.392699 0.392699 0.392699 
0.392699 0.392699 0.392699 0.392699 0.392699 0.392699 0.392699 0.392699 0.392699 
0.392699 0.392699 0.392699 0.392699 0.392699 0.392699 0.392699 0.392699 0.392699 
0.392699 0.392699 0.392699 0.392699 0.392699 0.392699 0.392699 0.392699 0.392699 
0.392699 0.392699 0.392699 0.392699 0.392699 0.392699 0.392699 0.392699 0.392699 
0.392699 0.392699 0.392699 0.392699 0.392699 0.392699 0.392699 0.392699 0.392699 
0.392699 0.392699 0.392699 0.471239 0.471239 0.471239 0.471239 0.471239 0.471239 
0.471239 0.471239 0.471239 0.471239 0.471239 0.471239 0.471239 0.471239 0.471239 
0.471239 0.471239 0.471239 0.471239 0.471239 0.471239 0.471239 0.471239 0.471239 
0.471239 0.471239 0.471239 0.471239 0.471239 0.471239 0.471239 0.471239 0.471239 
0.471239 0.471239 0.471239 0.471239 0.471239 0.471239 0.471239 0.471239 0.471239 
0.471239 0.471239 0.471239 0.471239 0.471239 0.471239 0.471239 0.471239 0.471239 
0.471239 0.471239 0.471239 0.471239 0.471239 0.471239 0.471239 0.471239 0.471239 
0.471239 0.471239 0.471239 0.471239 0.471239 0.471239 0.471239 0.471239 0.471239 
0.471239 0.471239 0.471239 0.471239 0.471239 0.471239 0.471239 0.471239 0.471239 
0.471239 0.471239 0.549779 0.549779 0.549779 0.549779 0.549779 0.549779 0.549779 
0.549779 0.549779 0.549779 0.549779 0.549779 0.549779 0.549779 0.549779 0.549779 
0.549779 0.549779 0.549779 0.549779 0.549779 0.549779 0.549779 0.549779 0.549779 
0.549779 0.549779 0.549779 0.549779 0.549779 0.549779 0.549779 0.549779 0.549779 
0.549779 0.549779 0.549779 0.549779 0.549779 0.549779 0.549779 0.549779 0.549779 
0.549779 0.549779 0.549779 0.549779 0.549779 0.549779 0.549779 0.549779 0.549779 
0.549779 0.549779 0.549779 0.549779 0.549779 0.549779 0.549779 0.549779 0.549779 
0.549779 0.549779 0.549779 0.549779 0.549779 0.549779 0.549779 0.549779 0.549779 
0.549779 0.549779 0.549779 0.549779 0.549779 0.549779 0.549779 0.549779 0.549779 
0.549779 0.628319 0.628319 0.628319 0.628319 0.628319 0.628319 0.628319 0.628319 
0.628319 0.628319 0.628319 0.628319 0.628319 0.628319 0.628319 0.628319 0.628319 
0.628319 0.628319 0.628319 0.628319 0.628319 0.628319 0.628319 0.628319 0.628319 
0.628319 0.628319 0.628319 0.628319 0.628319 0.628319 0.628319 0.628319 0.628319 
0.628319 0.628319 0.628319 0.628319 0.628319 0.628319 0.628319 0.628319 0.628319 
0.628319 0.628319 0.628319 0.628319 0.628319 0.628319 0.628319 0.628319 0.628319 
0.628319 0.628319 0.628319 0.628319 0.628319 0.628319 0.628319 0.628319 0.628319 
0.628319 0.628319 0.628319 0.628319 0.628319 0.628319 0.628319 0.628319 0.628319 
0.628319 0.628319 0.628319 0.628319 0.628319 0.628319 0.628319 0.628319 0.628319 
0.706858 0.706858 0.706858 0.706858 0.706858 0.706858 0.706858 0.706858 0.706858 
0.706858 0.706858 0.706858 0.706858 0.706858 0.706858 0.706858 0.706858 0.706858 
0.706858 0.706858 0.706858 0.706858 0.706858 0.706858 0.706858 0.706858 0.706858 
0.706858 0.706858 0.706858 0.706858 0.706858 0.706858 0.706858 0.706858 0.706858 
0.706858 0.706858 0.706858 0.706858 0.706858 0.706858 0.706858 0.706858 0.706858 
0.706858 0.706858 0.706858 0.706858 0.706858 0.706858 0.706858 0.706858 0.706858 
0.706858 0.706858 0.706858 0.706858 0.706858 0.706858 0.706858 0.706858 0.706858 
0.706858 0.706858 0.706858 0.706858 0.706858 0.706858 0.706858 0.706858 0.706858 
0.706858 0.706858 0.706858 0.706858 0.706858 0.706858 0.706858 0.706858 0.785398 
0.785398 0.785398 0.785398 0.785398 0.785398 0.785398 0.785398 0.785398 0.785398 
0.785398 0.785398 0.785398 0.785398 0.785398 0.785398 0.785398 0.785398 0.785398 
0.785398 0.785398 0.785398 0.785398 0.785398 0.785398 0.785398 0.785398 0.785398 
0.785398 0.785398 0.785398 0.785398 0.785398 0.785398 0.785398 0.785398 0.785398 
0.785398 0.785398 0.785398 0.785398 0.785398 0.785398 0.785398 0.785398 0.785398 
0.785398 0.785398 0.785398 0.785398 0.785398 0.785398 0.785398 0.785398 0.785398 
0.785398 0.785398 0.785398 0.785398 0.785398 0.785398 0.785398 0.785398 0.785398 
0.785398 0.785398 0.785398 0.785398 0.785398 0.785398 0.785398 0.785398 0.785398 
0.785398 0.785398 0.785398 0.785398 0.785398 0.785398 0.785398 0.863938 0.863938 
0.863938 0.863938 0.863938 0.863938 0.863938 0.863938 0.863938 0.863938 0.863938 
0.863938 0.863938 0.863938 0.863938 0.863938 0.863938 0.863938 0.863938 0.863938 
0.863938 0.863938 0.863938 0.863938 0.863938 0.863938 0.863938 0.863938 0.863938 
0.863938 0.863938 0.863938 0.863938 0.863938 0.863938 0.863938 0.863938 0.863938 
0.863938 0.863938 0.863938 0.863938 0.863938 0.863938 0.863938 0.863938 0.863938 
0.863938 0.863938 0.863938 0.863938 0.863938 0.863938 0.863938 0.863938 0.863938 
0.863938 0.863938 0.863938 0.863938 0.863938 0.863938 0.863938 0.863938 0.863938 
0.863938 0.863938 0.863938 0.863938 0.863938 0.863938 0.863938 0.863938 0.863938 
0.863938 0.863938 0.863938 0.863938 0.863938 0.863938 0.942478 0.942478 0.942478 
0.942478 0.942478 0.942478 0.942478 0.942478 0.942478 0.942478 0.942478 0.942478 
0.942478 0.942478 0.942478 0.942478 0.942478 0.942478 0.942478 0.942478 0.942478 
0.942478 0.942478 0.942478 0.942478 0.942478 0.942478 0.942478 0.942478 0.942478 
0.942478 0.942478 0.942478 0.942478 0.942478 0.942478 0.942478 0.942478 0.942478 
0.942478 0.942478 0.942478 0.942478 0.942478 0.942478 0.942478 0.942478 0.942478 
0.942478 0.942478 0.942478 0.942478 0.942478 0.942478 0.942478 0.942478 0.942478 
0.942478 0.942478 0.942478 0.942478 0.942478 0.942478 0.942478 0.942478 0.942478 
0.942478 0.942478 0.942478 0.942478 0.942478 0.942478 0.942478 0.942478 0.942478 
0.942478 0.942478 0.942478 0.942478 0.942478 1.02102 1.02102 1.02102 1.02102 
1.02102 1.02102 1.02102 1.02102 1.02102 1.02102 1.02102 1.02102 1.02102 
1.02102 1.02102 1.02102 1.02102 1.02102 1.02102 1.02102 1.02102 1.02102 
1.02102 1.02102 1.02102 1.02102 1.02102 1.02102 1.02102 1.02102 1.02102 
1.02102 1.02102 1.02102 1.02102 1.02102 1.02102 1.02102 1.02102 1.02102 
1.02102 1.02102 1.02102 1.02102 1.02102 1.02102 1.02102 1.02102 1.02102 
1.02102 1.02102 1.02102 1.02102 1.02102 1.02102 1.02102 1.02102 1.02102 
1.02102 1.02102 1.02102 1.02102 1.02102 1.02102 1.02102 1.02102 1.02102 
1.02102 1.02102 1.02102 1.02102 1.02102 1.02102 1.02102 1.02102 1.02102 
1.02102 1.02102 1.02102 1.02102 1.09956 1.09956 1.09956 1.09956 1.09956 
1.09956 1.09956 1.09956 1.09956 1.09956 1.09956 1.09956 1.09956 1.09956 
1.09956 1.09956 1.09956 1.09956 1.09956 1.09956 1.09956 1.09956 1.09956 
1.09956 1.09956 1.09956 1.09956 1.09956 1.09956 1.09956 1.09956 1.09956 
1.09956 1.09956 1.09956 1.09956 1.09956 1.09956 1.09956 1.09956 1.09956 
1.09956 1.09956 1.09956 1.09956 1.09956 1.09956 1.09956 1.09956 1.09956 
1.09956 1.09956 1.09956 1.09956 1.09956 1.09956 1.09956 1.09956 1.09956 
1.09956 1.09956 1.09956 1.09956 1.09956 1.09956 1.09956 1.09956 1.09956 
1.09956 1.09956 1.09956 1.09956 1.09956 1.09956 1.09956 1.09956 1.09956 
1.09956 1.09956 1.09956 1.1781 1.1781 1.1781 1.1781 1.1781 1.1781 
1.1781 1.1781 1.1781 1.1781 1.1781 1.1781 1.1781 1.1781 1.1781 
1.1781 1.1781 1.1781 1.1781 1.1781 1.1781 1.1781 1.1781 1.1781 
1.1781 1.1781 1.1781 1.1781 1.1781 1.1781 1.1781 1.1781 1.1781 
1.1781 1.1781 1.1781 1.1781 1.1781 1.1781 1.1781 1.1781 1.1781 
1.1781 1.1781 1.1781 1.1781 1.1781 1.1781 1.1781 1.1781 1.1781 
1.1781 1.1781 1.1781 1.1781 1.1781 1.1781 1.1781 1.1781 1.1781 
1.1781 1.1781 1.1781 1.1781 1.1781 1.1781 1.1781 1.1781 1.1781 
1.1781 1.1781 1.1781 1.1781 1.1781 1.1781 1.1781 1.1781 1.1781 
1.1781 1.1781 1.25664 1.25664 1.25664 1.25664 1.25664 1.25664 1.25664 
1.25664 1.25664 1.25664 1.25664 1.25664 1.25664 1.25664 1.25664 1.25664 
1.25664 1.25664 1.25664 1.25664 1.25664 1.25664 1.25664 1.25664 1.25664 
1.25664 1.25664 1.25664 1.25664 1.25664 1.25664 1.25664 1.25664 1.25664 
1.25664 1.25664 1.25664 1.25664 1.25664 1.25664 1.25664 1.25664 1.25664 
1.25664 1.25664 1.25664 1.25664 1.25664 1.25664 1.25664 1.25664 1.25664 
1.25664 1.25664 1.25664 1.25664 1.25664 1.25664 1.25664 1.25664 1.25664 
1.25664 1.25664 1.25664 1.25664 1.25664 1.25664 1.25664 1.25664 1.25664 
1.25664 1.25664 1.25664 1.25664 1.25664 1.25664 1.25664 1.25664 1.25664 
1.25664 1.33518 1.33518 1.33518 1.33518 1.33518 1.33518 1.33518 1.33518 
1.33518 1.33518 1.33518 1.33518 1.33518 1.33518 1.33518 1.33518 1.33518 
1.33518 1.33518 1.33518 1.33518 1.33518 1.33518 1.33518 1.33518 1.33518 
1.33518 1.33518 1.33518 1.33518 1.33518 1.33518 1.33518 1.33518 1.33518 
1.33518 1.33518 1.33518 1.33518 1.33518 1.33518 1.33518 1.33518 1.33518 
1.33518 1.33518 1.33518 1.33518 1.33518 1.33518 1.33518 1.33518 1.33518 
1.33518 1.33518 1.33518 1.33518 1.33518 1.33518 1.33518 1.33518 1.33518 
1.33518 1.33518 1.33518 1.33518 1.33518 1.33518 1.33518 1.33518 1.33518 
1.33518 1.33518 1.33518 1.33518 1.33518 1.33518 1.33518 1.33518 1.33518 
1.41372 1.41372 1.41372 1.41372 1.41372 1.41372 1.41372 1.41372 1.41372 
1.41372 1.41372 1.41372 1.41372 1.41372 1.41372 1.41372 1.41372 1.41372 
1.41372 1.41372 1.41372 1.41372 1.41372 1.41372 1.41372 1.41372 1.41372 
1.41372 1.41372 1.41372 1.41372 1.41372 1.41372 1.41372 1.41372 1.41372 
1.41372 1.41372 1.41372 1.41372 1.41372 1.41372 1.41372 1.41372 1.41372 
1.41372 1.41372 1.41372 1.41372 1.41372 1.41372 1.41372 1.41372 1.41372 
1.41372 1.41372 1.41372 1.41372 1.41372 1.41372 1.41372 1.41372 1.41372 
1.41372 1.41372 1.41372 1.41372 1.41372 1.41372 1.41372 1.41372 1.41372 
1.41372 1.41372 1.41372 1.41372 1.41372 1.41372 1.41372 1.41372 1.49226 
1.49226 1.49226 1.49226 1.49226 1.49226 1.49226 1.49226 1.49226 1.49226 
1.49226 1.49226 1.49226 1.49226 1.49226 1.49226 1.49226 1.49226 1.49226 
1.49226 1.49226 1.49226 1.49226 1.49226 1.49226 1.49226 1.49226 1.49226 
1.49226 1.49226 1.49226 1.49226 1.49226 1.49226 1.49226 1.49226 1.49226 
1.49226 1.49226 1.49226 1.49226 1.49226 1.49226 1.49226 1.49226 1.49226 
1.49226 1.49226 1.49226 1.49226 1.49226 1.49226 1.49226 1.49226 1.49226 
1.49226 1.49226 1.49226 1.49226 1.49226 1.49226 1.49226 1.49226 1.49226 
1.49226 1.49226 1.49226 1.49226 1.49226 1.49226 1.49226 1.49226 1.49226 
1.49226 1.49226 1.49226 1.49226 1.49226 1.49226 1.49226 1.5708 1.5708 
1.5708 1.5708 1.5708 1.5708 1.5708 1.5708 1.5708 1.5708 1.5708 
1.5708 1.5708 1.5708 1.5708 1.5708 1.5708 1.5708 1.5708 1.5708 
1.5708 1.5708 1.5708 1.5708 1.5708 1.5708 1.5708 1.5708 1.5708 
1.5708 1.5708 1.5708 1.5708 1.5708 1.5708 1.5708 1.5708 1.5708 
1.5708 1.5708 1.5708 1.5708 1.5708 1.5708 1.5708 1.5708 1.5708 
1.5708 1.5708 1.5708 1.5708 1.5708 1.5708 1.5708 1.5708 1.5708 
1.5708 1.5708 1.5708 1.5708 1.5708 1.5708 1.5708 1.5708 1.5708 
1.5708 1.5708 1.5708 1.5708 1.5708 1.5708 1.5708 1.5708 1.5708 
1.5708 1.5708 1.5708 1.5708 1.5708 1.5708 1.64934 1.64934 1.64934 
1.64934 1.64934 1.64934 1.64934 1.64934 1.64934 1.64934 1.64934 1.64934 
1.64934 1.64934 1.64934 1.64934 1.64934 1.64934 1.64934 1.64934 1.64934 
1.64934 1.64934 1.64934 1.64934 1.64934 1.64934 1.64934 1.64934 1.64934 
1.64934 1.64934 1.64934 1.64934 1.64934 1.64934 1.64934 1.64934 1.64934 
1.64934 1.64934 1.64934 1.64934 1.64934 1.64934 1.64934 1.64934 1.64934 
1.64934 1.64934 1.64934 1.64934 1.64934 1.64934 1.64934 1.64934 1.64934 
1.64934 1.64934 1.64934 1.64934 1.64934 1.64934 1.64934 1.64934 1.64934 
1.64934 1.64934 1.64934 1.64934 1.64934 1.64934 1.64934 1.64934 1.64934 
1.64934 1.64934 1.64934 1.64934 1.64934 1.72788 1.72788 1.72788 1.72788 
1.72788 1.72788 1.72788 1.72788 1.72788 1.72788 1.72788 1.72788 1.72788 
1.72788 1.72788 1.72788 1.72788 1.72788 1.72788 1.72788 1.72788 1.72788 
1.72788 1.72788 1.72788 1.72788 1.72788 1.72788 1.72788 1.72788 1.72788 
1.72788 1.72788 1.72788 1.72788 1.72788 1.72788 1.72788 1.72788 1.72788 
1.72788 1.72788 1.72788 1.72788 1.72788 1.72788 1.72788 1.72788 1.72788 
1.72788 1.72788 1.72788 1.72788 1.72788 1.72788 1.72788 1.72788 1.72788 
1.72788 1.72788 1.72788 1.72788 1.72788 1.72788 1.72788 1.72788 1.72788 
1.72788 1.72788 1.72788 1.72788 1.72788 1.72788 1.72788 1.72788 1.72788 
1.72788 1.72788 1.72788 1.72788 1.80642 1.80642 1.80642 1.80642 1.80642 
1.80642 1.80642 1.80642 1.80642 1.80642 1.80642 1.80642 1.80642 1.80642 
1.80642 1.80642 1.80642 1.80642 1.80642 1.80642 1.80642 1.80642 1.80642 
1.80642 1.80642 1.80642 1.80642 1.80642 1.80642 1.80642 1.80642 1.80642 
1.80642 1.80642 1.80642 1.80642 1.80642 1.80642 1.80642 1.80642 1.80642 
1.80642 1.80642 1.80642 1.80642 1.80642 1.80642 1.80642 1.80642 1.80642 
1.80642 1.80642 1.80642 1.80642 1.80642 1.80642 1.80642 1.80642 1.80642 
1.80642 1.80642 1.80642 1.80642 1.80642 1.80642 1.80642 1.80642 1.80642 
1.80642 1.80642 1.80642 1.80642 1.80642 1.80642 1.80642 1.80642 1.80642 
1.80642 1.80642 1.80642 1.88496 1.88496 1.88496 1.88496 1.88496 1.88496 
1.88496 1.88496 1.88496 1.88496 1.88496 1.88496 1.88496 1.88496 1.88496 
1.88496 1.88496 1.88496 1.88496 1.88496 1.88496 1.88496 1.88496 1.88496 
1.88496 1.88496 1.88496 1.88496 1.88496 1.88496 1.88496 1.88496 1.88496 
1.88496 1.88496 1.88496 1.88496 1.88496 1.88496 1.88496 1.88496 1.88496 
1.88496 1.88496 1.88496 1.88496 1.88496 1.88496 1.88496 1.88496 1.88496 
1.88496 1.88496 1.88496 1.88496 1.88496 1.88496 1.88496 1.88496 1.88496 
1.88496 1.88496 1.88496 1.88496 1.88496 1.88496 1.88496 1.88496 1.88496 
1.88496 1.88496 1.88496 1.88496 1.88496 1.88496 1.88496 1.88496 1.88496 
1.88496 1.88496 1.9635 1.9635 1.9635 1.9635 1.9635 1.9635 1.9635 
1.9635 1.9635 1.9635 1.9635 1.9635 1.9635 1.9635 1.9635 1.9635 
1.9635 1.9635 1.9635 1.9635 1.9635 1.9635 1.9635 1.9635 1.9635 
1.9635 1.9635 1.9635 1.9635 1.9635 1.9635 1.9635 1.9635 1.9635 
1.9635 1.9635 1.9635 1.9635 1.9635 1.9635 1.9635 1.9635 1.9635 
1.9635 1.9635 1.9635 1.9635 1.9635 1.9635 1.9635 1.9635 1.9635 
1.9635 1.9635 1.9635 1.9635 1.9635 1.9635 1.9635 1.9635 1.9635 
1.9635 1.9635 1.9635 1.9635 1.9635 1.9635 1.9635 1.9635 1.9635 
1.9635 1.9635 1.9635 1.9635 1.9635 1.9635 1.9635 1.9635 1.9635 
1.9635 2.04204 2.04204 2.04204 2.04204 2.04204 2.04204 2.04204 2.04204 
2.04204 2.04204 2.04204 2.04204 2.04204 2.04204 2.04204 2.04204 2.04204 
2.04204 2.04204 2.04204 2.04204 2.04204 2.04204 2.04204 2.04204 2.04204 
2.04204 2.04204 2.04204 2.04204 2.04204 2.04204 2.04204 2.04204 2.04204 
2.04204 2.04204 2.04204 2.04204 2.04204 2.04204 2.04204 2.04204 2.04204 
2.04204 2.04204 2.04204 2.04204 2.04204 2.04204 2.04204 2.04204 2.04204 
2.04204 2.04204 2.04204 2.04204 2.04204 2.04204 2.04204 2.04204 2.04204 
2.04204 2.04204 2.04204 2.04204 2.04204 2.04204 2.04204 2.04204 2.04204 
2.04204 2.04204 2.04204 2.04204 2.04204 2.04204 2.04204 2.04204 2.04204 
2.12057 2.12057 2.12057 2.12057 2.12057 2.12057 2.12057 2.12057 2.12057 
2.12057 2.12057 2.12057 2.12057 2.12057 2.12057 2.12057 2.12057 2.12057 
2.12057 2.12057 2.12057 2.12057 2.12057 2.12057 2.12057 2.12057 2.12057 
2.12057 2.12057 2.12057 2.12057 2.12057 2.12057 2.12057 2.12057 2.12057 
2.12057 2.12057 2.12057 2.12057 2.12057 2.12057 2.12057 2.12057 2.12057 
2.12057 2.12057 2.12057 2.12057 2.12057 2.12057 2.12057 2.12057 2.12057 
2.12057 2.12057 2.12057 2.12057 2.12057 2.12057 2.12057 2.12057 2.12057 
2.12057 2.12057 2.12057 2.12057 2.12057 2.12057 2.12057 2.12057 2.12057 
2.12057 2.12057 2.12057 2.12057 2.12057 2.12057 2.12057 2.12057 2.19911 
2.19911 2.19911 2.19911 2.19911 2.19911 2.19911 2.19911 2.19911 2.19911 
2.19911 2.19911 2.19911 2.19911 2.19911 2.19911 2.19911 2.19911 2.19911 
2.19911 2.19911 2.19911 2.19911 2.19911 2.19911 2.19911 2.19911 2.19911 
2.19911 2.19911 2.19911 2.19911 2.19911 2.19911 2.19911 2.19911 2.19911 
2.19911 2.19911 2.19911 2.19911 2.19911 2.19911 2.19911 2.19911 2.19911 
2.19911 2.19911 2.19911 2.19911 2.19911 2.19911 2.19911 2.19911 2.19911 
2.19911 2.19911 2.19911 2.19911 2.19911 2.19911 2.19911 2.19911 2.19911 
2.19911 2.19911 2.19911 2.19911 2.19911 2.19911 2.19911 2.19911 2.19911 
2.19911 2.19911 2.19911 2.19911 2.19911 2.19911 2.19911 2.27765 2.27765 
2.27765 2.27765 2.27765 2.27765 2.27765 2.27765 2.27765 2.27765 2.27765 
2.27765 2.27765 2.27765 2.27765 2.27765 2.27765 2.27765 2.27765 2.27765 
2.27765 2.27765 2.27765 2.27765 2.27765 2.27765 2.27765 2.27765 2.27765 
2.27765 2.27765 2.27765 2.27765 2.27765 2.27765 2.27765 2.27765 2.27765 
2.27765 2.27765 2.27765 2.27765 2.27765 2.27765 2.27765 2.27765 2.27765 
2.27765 2.27765 2.27765 2.27765 2.27765 2.27765 2.27765 2.27765 2.27765 
2.27765 2.27765 2.27765 2.27765 2.27765 2.27765 2.27765 2.27765 2.27765 
2.27765 2.27765 2.27765 2.27765 2.27765 2.27765 2.27765 2.27765 2.27765 
2.27765 2.27765 2.27765 2.27765 2.27765 2.27765 2.35619 2.35619 2.35619 
2.35619 2.35619 2.35619 2.35619 2.35619 2.35619 2.35619 2.35619 2.35619 
2.35619 2.35619 2.35619 2.35619 2.35619 2.35619 2.35619 2.35619 2.35619 
2.35619 2.35619 2.35619 2.35619 2.35619 2.35619 2.35619 2.35619 2.35619 
2.35619 2.35619 2.35619 2.35619 2.35619 2.35619 2.35619 2.35619 2.35619 
2.35619 2.35619 2.35619 2.35619 2.35619 2.35619 2.35619 2.35619 2.35619 
2.35619 2.35619 2.35619 2.35619 2.35619 2.35619 2.35619 2.35619 2.35619 
2.35619 2.35619 2.35619 2.35619 2.35619 2.35619 2.35619 2.35619 2.35619 
2.35619 2.35619 2.35619 2.35619 2.35619 2.35619 2.35619 2.35619 2.35619 
2.35619 2.35619 2.35619 2.35619 2.35619 2.43473 2.43473 2.43473 2.43473 
2.43473 2.43473 2.43473 2.43473 2.43473 2.43473 2.43473 2.43473 2.43473 
2.43473 2.43473 2.43473 2.43473 2.43473 2.43473 2.43473 2.43473 2.43473 
2.43473 2.43473 2.43473 2.43473 2.43473 2.43473 2.43473 2.43473 2.43473 
2.43473 2.43473 2.43473 2.43473 2.43473 2.43473 2.43473 2.43473 2.43473 
2.43473 2.43473 2.43473 2.43473 2.43473 2.43473 2.43473 2.43473 2.43473 
2.43473 2.43473 2.43473 2.43473 2.43473 2.43473 2.43473 2.43473 2.43473 
2.43473 2.43473 2.43473 2.43473 2.43473 2.43473 2.43473 2.43473 2.43473 
2.43473 2.43473 2.43473 2.43473 2.43473 2.43473 2.43473 2.43473 2.43473 
2.43473 2.43473 2.43473 2.43473 2.51327 2.51327 2.51327 2.51327 2.51327 
2.51327 2.51327 2.51327 2.51327 2.51327 2.51327 2.51327 2.51327 2.51327 
2.51327 2.51327 2.51327 2.51327 2.51327 2.51327 2.51327 2.51327 2.51327 
2.51327 2.51327 2.51327 2.51327 2.51327 2.51327 2.51327 2.51327 2.51327 
2.51327 2.51327 2.51327 2.51327 2.51327 2.51327 2.51327 2.51327 2.51327 
2.51327 2.51327 2.51327 2.51327 2.51327 2.51327 2.51327 2.51327 2.51327 
2.51327 2.51327 2.51327 2.51327 2.51327 2.51327 2.51327 2.51327 2.51327 
2.51327 2.51327 2.51327 2.51327 2.51327 2.51327 2.51327 2.51327 2.51327 
2.51327 2.51327 2.51327 2.51327 2.51327 2.51327 2.51327 2.51327 2.51327 
2.51327 2.51327 2.51327 2.59181 2.59181 2.59181 2.59181 2.59181 2.59181 
2.59181 2.59181 2.59181 2.59181 2.59181 2.59181 2.59181 2.59181 2.59181 
2.59181 2.59181 2.59181 2.59181 2.59181 2.59181 2.59181 2.59181 2.59181 
2.59181 2.59181 2.59181 2.59181 2.59181 2.59181 2.59181 2.59181 2.59181 
2.59181 2.59181 2.59181 2.59181 2.59181 2.59181 2.59181 2.59181 2.59181 
2.59181 2.59181 2.59181 2.59181 2.59181 2.59181 2.59181 2.59181 2.59181 
2.59181 2.59181 2.59181 2.59181 2.59181 2.59181 2.59181 2.59181 2.59181 
2.59181 2.59181 2.59181 2.59181 2.59181 2.59181 2.59181 2.59181 2.59181 
2.59181 2.59181 2.59181 2.59181 2.59181 2.59181 2.59181 2.59181 2.59181 
2.59181 2.59181 2.67035 2.67035 2.67035 2.67035 2.67035 2.67035 2.67035 
2.67035 2.67035 2.67035 2.67035 2.67035 2.67035 2.67035 2.67035 2.67035 
2.67035 2.67035 2.67035 2.67035 2.67035 2.67035 2.67035 2.67035 2.67035 
2.67035 2.67035 2.67035 2.67035 2.67035 2.67035 2.67035 2.67035 2.67035 
2.67035 2.67035 2.67035 2.67035 2.67035 2.67035 2.67035 2.67035 2.67035 
2.67035 2.67035 2.67035 2.67035 2.67035 2.67035 2.67035 2.67035 2.67035 
2.67035 2.67035 2.67035 2.67035 2.67035 2.67035 2.67035 2.67035 2.67035 
2.67035 2.67035 2.67035 2.67035 2.67035 2.67035 2.67035 2.67035 2.67035 
2.67035 2.67035 2.67035 2.67035 2.67035 2.67035 2.67035 2.67035 2.67035 
2.67035 2.74889 2.74889 2.74889 2.74889 2.74889 2.74889 2.74889 2.74889 
2.74889 2.74889 2.74889 2.74889 2.74889 2.74889 2.74889 2.74889 2.74889 
2.74889 2.74889 2.74889 2.74889 2.74889 2.74889 2.74889 2.74889 2.74889 
2.74889 2.74889 2.74889 2.74889 2.74889 2.74889 2.74889 2.74889 2.74889 
2.74889 2.74889 2.74889 2.74889 2.74889 2.74889 2.74889 2.74889 2.74889 
2.74889 2.74889 2.74889 2.74889 2.74889 2.74889 2.74889 2.74889 2.74889 
2.74889 2.74889 2.74889 2.74889 2.74889 2.74889 2.74889 2.74889 2.74889 
2.74889 2.74889 2.74889 2.74889 2.74889 2.74889 2.74889 2.74889 2.74889 
2.74889 2.74889 2.74889 2.74889 2.74889 2.74889 2.74889 2.74889 2.74889 
2.82743 2.82743 2.82743 2.82743 2.82743 2.82743 2.82743 2.82743 2.82743 
2.82743 2.82743 2.82743 2.82743 2.82743 2.82743 2.82743 2.82743 2.82743 
2.82743 2.82743 2.82743 2.82743 2.82743 2.82743 2.82743 2.82743 2.82743 
2.82743 2.82743 2.82743 2.82743 2.82743 2.82743 2.82743 2.82743 2.82743 
2.82743 2.82743 2.82743 2.82743 2.82743 2.82743 2.82743 2.82743 2.82743 
2.82743 2.82743 2.82743 2.82743 2.82743 2.82743 2.82743 2.82743 2.82743 
2.82743 2.82743 2.82743 2.82743 2.82743 2.82743 2.82743 2.82743 2.82743 
2.82743 2.82743 2.82743 2.82743 2.82743 2.82743 2.82743 2.82743 2.82743 
2.82743 2.82743 2.82743 2.82743 2.82743 2.82743 2.82743 2.82743 2.90597 
2.90597 2.90597 2.90597 2.90597 2.90597 2.90597 2.90597 2.90597 2.90597 
2.90597 2.90597 2.90597 2.90597 2.90597 2.90597 2.90597 2.90597 2.90597 
2.90597 2.90597 2.90597 2.90597 2.90597 2.90597 2.90597 2.90597 2.90597 
2.90597 2.90597 2.90597 2.90597 2.90597 2.90597 2.90597 2.90597 2.90597 
2.90597 2.90597 2.90597 2.90597 2.90597 2.90597 2.90597 2.90597 2.90597 
2.90597 2.90597 2.90597 2.90597 2.90597 2.90597 2.90597 2.90597 2.90597 
2.90597 2.90597 2.90597 2.90597 2.90597 2.90597 2.90597 2.90597 2.90597 
2.90597 2.90597 2.90597 2.90597 2.90597 2.90597 2.90597 2.90597 2.90597 
2.90597 2.90597 2.90597 2.90597 2.90597 2.90597 2.90597 2.98451 2.98451 
2.98451 2.98451 2.98451 2.98451 2.98451 2.98451 2.98451 2.98451 2.98451 
2.98451 2.98451 2.98451 2.98451 2.98451 2.98451 2.98451 2.98451 2.98451 
2.98451 2.98451 2.98451 2.98451 2.98451 2.98451 2.98451 2.98451 2.98451 
2.98451 2.98451 2.98451 2.98451 2.98451 2.98451 2.98451 2.98451 2.98451 
2.98451 2.98451 2.98451 2.98451 2.98451 2.98451 2.98451 2.98451 2.98451 
2.98451 2.98451 2.98451 2.98451 2.98451 2.98451 2.98451 2.98451 2.98451 
2.98451 2.98451 2.98451 2.98451 2.98451 2.98451 2.98451 2.98451 2.98451 
2.98451 2.98451 2.98451 2.98451 2.98451 2.98451 2.98451 2.98451 2.98451 
2.98451 2.98451 2.98451 2.98451 2.98451 2.98451 3.06305 3.06305 3.06305 
3.06305 3.06305 3.06305 3.06305 3.06305 3.06305 3.06305 3.06305 3.06305 
3.06305 3.06305 3.06305 3.06305 3.06305 3.06305 3.06305 3.06305 3.06305 
3.06305 3.06305 3.06305 3.06305 3.06305 3.06305 3.06305 3.06305 3.06305 
3.06305 3.06305 3.06305 3.06305 3.06305 3.06305 3.06305 3.06305 3.06305 
3.06305 3.06305 3.06305 3.06305 3.06305 3.06305 3.06305 3.06305 3.06305 
3.06305 3.06305 3.06305 3.06305 3.06305 3.06305 3.06305 3.06305 3.06305 
3.06305 3.06305 3.06305 3.06305 3.06305 3.06305 3.06305 3.06305 3.06305 
3.06305 3.06305 3.06305 3.06305 3.06305 3.06305 3.06305 3.06305 3.06305 
3.06305 3.06305 3.06305 3.06305 3.06305 3.14159 3.14159 3.14159 3.14159 
3.14159 3.14159 3.14159 3.14159 3.14159 3.14159 3.14159 3.14159 3.14159 
3.14159 3.14159 3.14159 3.14159 3.14159 3.14159 3.14159 3.14159 3.14159 
3.14159 3.14159 3.14159 3.14159 3.14159 3.14159 3.14159 3.14159 3.14159 
3.14159 3.14159 3.14159 3.14159 3.14159 3.14159 3.14159 3.14159 3.14159 
3.14159 3.14159 3.14159 3.14159 3.14159 3.14159 3.14159 3.14159 3.14159 
3.14159 3.14159 3.14159 3.14159 3.14159 3.14159 3.14159 3.14159 3.14159 
3.14159 3.14159 3.14159 3.14159 3.14159 3.14159 3.14159 3.14159 3.14159 
3.14159 3.14159 3.14159 3.14159 3.14159 3.14159 3.14159 3.14159 3.14159 
3.14159 3.14159 3.14159 3.14159 
_paraPhi 1 3280 float
0 0.0785398 0.15708 0.235619 0.314159 0.392699 0.471239 0.549779 0.628319 
0.706858 0.785398 0.863938 0.942478 1.02102 1.09956 1.1781 1.25664 1.33518 
1.41372 1.49226 1.5708 1.64934 1.72788 1.80642 1.88496 1.9635 2.04204 
2.12057 2.19911 2.27765 2.35619 2.43473 2.51327 2.59181 2.67035 2.74889 
2.82743 2.90597 2.98451 3.06305 3.14159 3.22013 3.29867 3.37721 3.45575 
3.53429 3.61283 3.69137 3.76991 3.84845 3.92699 4.00553 4.08407 4.16261 
4.24115 4.31969 4.39823 4.47677 4.55531 4.63385 4.71239 4.79093 4.86947 
4.94801 5.02655 5.10509 5.18363 5.26217 5.34071 5.41925 5.49779 5.57633 
5.65487 5.73341 5.81195 5.89049 5.96903 6.04757 6.12611 6.20465 0 
0.0785398 0.15708 0.235619 0.314159 0.392699 0.471239 0.549779 0.628319 0.706858 
0.785398 0.863938 0.942478 1.02102 1.09956 1.1781 1.25664 1.33518 1.41372 
1.49226 1.5708 1.64934 1.72788 1.80642 1.88496 1.9635 2.04204 2.12057 
2.19911 2.27765 2.35619 2.43473 2.51327 2.59181 2.67035 2.74889 2.82743 
2.90597 2.98451 3.06305 3.14159 3.22013 3.29867 3.37721 3.45575 3.53429 
3.61283 3.69137 3.76991 3.84845 3.92699 4.00553 4.08407 4.16261 4.24115 
4.31969 4.39823 4.47677 4.55531 4.63385 4.71239 4.79093 4.86947 4.94801 
5.02655 5.10509 5.18363 5.26217 5.34071 5.41925 5.49779 5.57633 5.65487 
5.73341 5.81195 5.89049 5.96903 6.04757 6.12611 6.20465 0 0.0785398 
0.15708 0.235619 0.314159 0.392699 0.471239 0.549779 0.628319 0.706858 0.785398 
0.863938 0.942478 1.02102 1.09956 1.1781 1.25664 1.33518 1.41372 1.49226 
1.5708 1.64934 1.72788 1.80642 1.88496 1.9635 2.04204 2.12057 2.19911 
2.27765 2.35619 2.43473 2.51327 2.59181 2.67035 2.74889 2.82743 2.90597 
2.98451 3.06305 3.14159 3.22013 3.29867 3.37721 3.45575 3.53429 3.61283 
3.69137 3.76991 3.84845 3.92699 4.00553 4.08407 4.16261 4.24115 4.31969 
4.39823 4.47677 4.55531 4.63385 4.71239 4.79093 4.86947 4.94801 5.02655 
5.10509 5.18363 5.26217 5.34071 5.41925 5.49779 5.57633 5.65487 5.73341 
5.81195 5.89049 5.96903 6.04757 6.12611 6.20465 0 0.0785398 0.15708 
0.235619 0.314159 0.392699 0.471239 0.549779 0.628319 0.706858 0.785398 0.863938 
0.942478 1.02102 1.09956 1.1781 1.25664 1.33518 1.41372 1.49226 1.5708 
1.64934 1.72788 1.80642 1.88496 1.9635 2.04204 2.12057 2.19911 2.27765 
2.35619 2.43473 2.51327 2.59181 2.67035 2.74889 2.82743 2.90597 2.98451 
3.06305 3.14159 3.22013 3.29867 3.37721 3.45575 3.53429 3.61283 3.69137 
3.76991 3.84845 3.92699 4.00553 4.08407 4.16261 4.24115 4.31969 4.39823 
4.47677 4.55531 4.63385 4.71239 4.79093 4.86947 4.94801 5.02655 5.10509 
5.18363 5.26217 5.34071 5.41925 5.49779 5.57633 5.65487 5.73341 5.81195 
5.89049 5.96903 6.04757 6.12611 6.20465 0 0.0785398 0.15708 0.235619 
0.314159 0.392699 0.471239 0.549779 0.628319 0.706858 0.785398 0.863938 0.942478 
1.02102 1.09956 1.1781 1.25664 1.33518 1.41372 1.49226 1.5708 1.64934 
1.72788 1.80642 1.88496 1.9635 2.04204 2.12057 2.19911 2.27765 2.35619 
2.43473 2.51327 2.59181 2.67035 2.74889 2.82743 2.90597 2.98451 3.06305 
3.14159 3.22013 3.29867 3.37721 3.45575 3.53429 3.61283 3.69137 3.76991 
3.84845 3.92699 4.00553 4.08407 4.16261 4.24115 4.31969 4.39823 4.47677 
4.55531 4.63385 4.71239 4.79093 4.86947 4.94801 5.02655 5.10509 5.18363 
5.26217 5.34071 5.41925 5.49779 5.57633 5.65487 5.73341 5.81195 5.89049 
5.96903 6.04757 6.12611 6.20465 0 0.0785398 0.15708 0.235619 0.314159 
0.392699 0.471239 0.549779 0.628319 0.706858 0.785398 0.863938 0.942478 1.02102 
1.09956 1.1781 1.25664 1.33518 1.41372 1.49226 1.5708 1.64934 1.72788 
1.80642 1.88496 1.9635 2.04204 2.12057 2.19911 2.27765 2.35619 2.43473 
2.51327 2.59181 2.67035 2.74889 2.82743 2.90597 2.98451 3.06305 3.14159 
3.22013 3.29867 3.37721 3.45575 3.53429 3.61283 3.69137 3.76991 3.84845 
3.92699 4.00553 4.08407 4.16261 4.24115 4.31969 4.39823 4.47677 4.55531 
4.63385 4.71239 4.79093 4.86947 4.94801 5.02655 5.10509 5.18363 5.26217 
5.34071 5.41925 5.49779 5.57633 5.65487 5.73341 5.81195 5.89049 5.96903 
6.04757 6.12611 6.20465 0 0.0785398 0.15708 0.235619 0.314159 0.392699 
0.471239 0.549779 0.628319 0.706858 0.785398 0.863938 0.942478 1.02102 1.09956 
1.1781 1.25664 1.33518 1.41372 1.49226 1.5708 1.64934 1.72788 1.80642 
1.88496 1.9635 2.04204 2.12057 2.19911 2.27765 2.35619 2.43473 2.51327 
2.59181 2.67035 2.74889 2.82743 2.90597 2.98451 3.06305 3.14159 3.22013 
3.29867 3.37721 3.45575 3.53429 3.61283 3.69137 3.76991 3.84845 3.92699 
4.00553 4.08407 4.16261 4.24115 4.31969 4.39823 4.47677 4.55531 4.63385 
4.71239 4.79093 4.86947 4.94801 5.02655 5.10509 5.18363 5.26217 5.34071 
5.41925 5.49779 5.57633 5.65487 5.73341 5.81195 5.89049 5.96903 6.04757 
6.12611 6.20465 0 0.0785398 0.15708 0.235619 0.314159 0.392699 0.471239 
0.549779 0.628319 0.706858 0.785398 0.863938 0.942478 1.02102 1.09956 1.1781 
1.25664 1.33518 1.41372 1.49226 1.5708 1.64934 1.72788 1.80642 1.88496 
1.9635 2.04204 2.12057 2.19911 2.27765 2.35619 2.43473 2.51327 2.59181 
2.67035 2.74889 2.82743 2.90597 2.98451 3.06305 3.14159 3.22013 3.29867 
3.37721 3.45575 3.53429 3.61283 3.69137 3.76991 3.84845 3.92699 4.00553 
4.08407 4.16261 4.24115 4.31969 4.39823 4.47677 4.55531 4.63385 4.71239 
4.79093 4.86947 4.94801 5.02655 5.10509 5.18363 5.26217 5.34071 5.41925 
5.49779 5.57633 5.65487 5.73341 5.81195 5.89049 5.96903 6.04757 6.12611 
6.20465 0 0.0785398 0.15708 0.235619 0.314159 0.392699 0.471239 0.549779 
0.628319 0.706858 0.785398 0.863938 0.942478 1.02102 1.09956 1.1781 1.25664 
1.33518 1.41372 1.49226 1.5708 1.64934 1.72788 1.80642 1.88496 1.9635 
2.04204 2.12057 2.19911 2.27765 2.35619 2.43473 2.51327 2.59181 2.67035 
2.74889 2.82743 2.90597 2.98451 3.06305 3.14159 3.22013 3.29867 3.37721 
3.45575 3.53429 3.61283 3.69137 3.76991 3.84845 3.92699 4.00553 4.08407 
4.16261 4.24115 4.31969 4.39823 4.47677 4.55531 4.63385 4.71239 4.79093 
4.86947 4.94801 5.02655 5.10509 5.18363 5.26217 5.34071 5.41925 5.49779 
5.57633 5.65487 5.73341 5.81195 5.89049 5.96903 6.04757 6.12611 6.20465 
0 0.0785398 0.15708 0.235619 0.314159 0.392699 0.471239 0.549779 0.628319 
0.706858 0.785398 0.863938 0.942478 1.02102 1.09956 1.1781 1.25664 1.33518 
1.41372 1.49226 1.5708 1.64934 1.72788 1.80642 1.88496 1.9635 2.04204 
2.12057 2.19911 2.27765 2.35619 2.43473 2.51327 2.59181 2.67035 2.74889 
2.82743 2.90597 2.98451 3.06305 3.14159 3.22013 3.29867 3.37721 3.45575 
3.53429 3.61283 3.69137 3.76991 3.84845 3.92699 4.00553 4.08407 4.16261 
4.24115 4.31969 4.39823 4.47677 4.55531 4.63385 4.71239 4.79093 4.86947 
4.94801 5.02655 5.10509 5.18363 5.26217 5.34071 5.41925 5.49779 5.57633 
5.65487 5.73341 5.81195 5.89049 5.96903 6.04757 6.12611 6.20465 0 
0.0785398 0.15708 0.235619 0.314159 0.392699 0.471239 0.549779 0.628319 0.706858 
0.785398 0.863938 0.942478 1.02102 1.09956 1.1781 1.25664 1.33518 1.41372 
1.49226 1.5708 1.64934 1.72788 1.80642 1.88496 1.9635 2.04204 2.12057 
2.19911 2.27765 2.35619 2.43473 2.51327 2.59181 2.67035 2.74889 2.82743 
2.90597 2.98451 3.06305 3.14159 3.22013 3.29867 3.37721 3.45575 3.53429 
3.61283 3.69137 3.76991 3.84845 3.92699 4.00553 4.08407 4.16261 4.24115 
4.31969 4.39823 4.47677 4.55531 4.63385 4.71239 4.79093 4.86947 4.94801 
5.02655 5.10509 5.18363 5.26217 5.34071 5.41925 5.49779 5.57633 5.65487 
5.73341 5.81195 5.89049 5.96903 6.04757 6.12611 6.20465 0 0.0785398 
0.15708 0.235619 0.314159 0.392699 0.471239 0.549779 0.628319 0.706858 0.785398 
0.863938 0.942478 1.02102 1.09956 1.1781 1.25664 1.33518 1.41372 1.49226 
1.5708 1.64934 1.72788 1.80642 1.88496 1.9635 2.04204 2.12057 2.19911 
2.27765 2.35619 2.43473 2.51327 2.59181 2.67035 2.74889 2.82743 2.90597 
2.98451 3.06305 3.14159 3.22013 3.29867 3.37721 3.45575 3.53429 3.61283 
3.69137 3.76991 3.84845 3.92699 4.00553 4.08407 4.16261 4.24115 4.31969 
4.39823 4.47677 4.55531 4.63385 4.71239 4.79093 4.86947 4.94801 5.02655 
5.10509 5.18363 5.26217 5.34071 5.41925 5.49779 5.57633 5.65487 5.73341 
5.81195 5.89049 5.96903 6.04757 6.12611 6.20465 0 0.0785398 0.15708 
0.235619 0.314159 0.392699 0.471239 0.549779 0.628319 0.706858 0.785398 0.863938 
0.942478 1.02102 1.09956 1.1781 1.25664 1.33518 1.41372 1.49226 1.5708 
1.64934 1.72788 1.80642 1.88496 1.9635 2.04204 2.12057 2.19911 2.27765 
2.35619 2.43473 2.51327 2.59181 2.67035 2.74889 2.82743 2.90597 2.98451 
3.06305 3.14159 3.22013 3.29867 3.37721 3.45575 3.53429 3.61283 3.69137 
3.76991 3.84845 3.92699 4.00553 4.08407 4.16261 4.24115 4.31969 4.39823 
4.47677 4.55531 4.63385 4.71239 4.79093 4.86947 4.94801 5.02655 5.10509 
5.18363 5.26217 5.34071 5.41925 5.49779 5.57633 5.65487 5.73341 5.81195 
5.89049 5.96903 6.04757 6.12611 6.20465 0 0.0785398 0.15708 0.235619 
0.314159 0.392699 0.471239 0.549779 0.628319 0.706858 0.785398 0.863938 0.942478 
1.02102 1.09956 1.1781 1.25664 1.33518 1.41372 1.49226 1.5708 1.64934 
1.72788 1.80642 1.88496 1.9635 2.04204 2.12057 2.19911 2.27765 2.35619 
2.43473 2.51327 2.59181 2.67035 2.74889 2.82743 2.90597 2.98451 3.06305 
3.14159 3.22013 3.29867 3.37721 3.45575 3.53429 3.61283 3.69137 3.76991 
3.84845 3.92699 4.00553 4.08407 4.16261 4.24115 4.31969 4.39823 4.47677 
4.55531 4.63385 4.71239 4.79093 4.86947 4.94801 5.02655 5.10509 5.18363 
5.26217 5.34071 5.41925 5.49779 5.57633 5.65487 5.73341 5.81195 5.89049 
5.96903 6.04757 6.12611 6.20465 0 0.0785398 0.15708 0.235619 0.314159 
0.392699 0.471239 0.549779 0.628319 0.706858 0.785398 0.863938 0.942478 1.02102 
1.09956 1.1781 1.25664 1.33518 1.41372 1.49226 1.5708 1.64934 1.72788 
1.80642 1.88496 1.9635 2.04204 2.12057 2.19911 2.27765 2.35619 2.43473 
2.51327 2.59181 2.67035 2.74889 2.82743 2.90597 2.98451 3.06305 3.14159 
3.22013 3.29867 3.37721 3.45575 3.53429 3.61283 3.69137 3.76991 3.84845 
3.92699 4.00553 4.08407 4.16261 4.24115 4.31969 4.39823 4.47677 4.55531 
4.63385 4.71239 4.79093 4.86947 4.94801 5.02655 5.10509 5.18363 5.26217 
5.34071 5.41925 5.49779 5.57633 5.65487 5.73341 5.81195 5.89049 5.96903 
6.04757 6.12611 6.20465 0 0.0785398 0.15708 0.235619 0.314159 0.392699 
0.471239 0.549779 0.628319 0.706858 0.785398 0.863938 0.942478 1.02102 1.09956 
1.1781 1.25664 1.33518 1.41372 1.49226 1.5708 1.64934 1.72788 1.80642 
1.88496 1.9635 2.04204 2.12057 2.19911 2.27765 2.35619 2.43473 2.51327 
2.59181 2.67035 2.74889 2.82743 2.90597 2.98451 3.06305 3.14159 3.22013 
3.29867 3.37721 3.45575 3.53429 3.61283 3.69137 3.76991 3.84845 3.92699 
4.00553 4.08407 4.16261 4.24115 4.31969 4.39823 4.47677 4.55531 4.63385 
4.71239 4.79093 4.86947 4.94801 5.02655 5.10509 5.18363 5.26217 5.34071 
5.41925 5.49779 5.57633 5.65487 5.73341 5.81195 5.89049 5.96903 6.04757 
6.12611 6.20465 0 0.0785398 0.15708 0.235619 0.314159 0.392699 0.471239 
0.549779 0.628319 0.706858 0.785398 0.863938 0.942478 1.02102 1.09956 1.1781 
1.25664 1.33518 1.41372 1.49226 1.5708 1.64934 1.72788 1.80642 1.88496 
1.9635 2.04204 2.12057 2.19911 2.27765 2.35619 2.43473 2.51327 2.59181 
2.67035 2.74889 2.82743 2.90597 2.98451 3.06305 3.14159 3.22013 3.29867 
3.37721 3.45575 3.53429 3.61283 3.69137 3.76991 3.84845 3.92699 4.00553 
4.08407 4.16261 4.24115 4.31969 4.39823 4.47677 4.55531 4.63385 4.71239 
4.79093 4.86947 4.94801 5.02655 5.10509 5.18363 5.26217 5.34071 5.41925 
5.49779 5.57633 5.65487 5.73341 5.81195 5.89049 5.96903 6.04757 6.12611 
6.20465 0 0.0785398 0.15708 0.235619 0.314159 0.392699 0.471239 0.549779 
0.628319 0.706858 0.785398 0.863938 0.942478 1.02102 1.09956 1.1781 1.25664 
1.33518 1.41372 1.49226 1.5708 1.64934 1.72788 1.80642 1.88496 1.9635 
2.04204 2.12057 2.19911 2.27765 2.35619 2.43473 2.51327 2.59181 2.67035 
2.74889 2.82743 2.90597 2.98451 3.06305 3.14159 3.22013 3.29867 3.37721 
3.45575 3.53429 3.61283 3.69137 3.76991 3.84845 3.92699 4.00553 4.08407 
4.16261 4.24115 4.31969 4.39823 4.47677 4.55531 4.63385 4.71239 4.79093 
4.86947 4.94801 5.02655 5.10509 5.18363 5.26217 5.34071 5.41925 5.49779 
5.57633 5.65487 5.73341 5.81195 5.89049 5.96903 6.04757 6.12611 6.20465 
0 0.0785398 0.15708 0.235619 0.314159 0.392699 0.471239 0.549779 0.628319 
0.706858 0.785398 0.863938 0.942478 1.02102 1.09956 1.1781 1.25664 1.33518 
1.41372 1.49226 1.5708 1.64934 1.72788 1.80642 1.88496 1.9635 2.04204 
2.12057 2.19911 2.27765 2.35619 2.43473 2.51327 2.59181 2.67035 2.74889 
2.82743 2.90597 2.98451 3.06305 3.14159 3.22013 3.29867 3.37721 3.45575 
3.53429 3.61283 3.69137 3.76991 3.84845 3.92699 4.00553 4.08407 4.16261 
4.24115 4.31969 4.39823 4.47677 4.55531 4.63385 4.71239 4.79093 4.86947 
4.94801 5.02655 5.10509 5.18363 5.26217 5.34071 5.41925 5.49779 5.57633 
5.65487 5.73341 5.81195 5.89049 5.96903 6.04757 6.12611 6.20465 0 
0.0785398 0.15708 0.235619 0.314159 0.392699 0.471239 0.549779 0.628319 0.706858 
0.785398 0.863938 0.942478 1.02102 1.09956 1.1781 1.25664 1.33518 1.41372 
1.49226 1.5708 1.64934 1.72788 1.80642 1.88496 1.9635 2.04204 2.12057 
2.19911 2.27765 2.35619 2.43473 2.51327 2.59181 2.67035 2.74889 2.82743 
2.90597 2.98451 3.06305 3.14159 3.22013 3.29867 3.37721 3.45575 3.53429 
3.61283 3.69137 3.76991 3.84845 3.92699 4.00553 4.08407 4.16261 4.24115 
4.31969 4.39823 4.47677 4.55531 4.63385 4.71239 4.79093 4.86947 4.94801 
5.02655 5.10509 5.18363 5.26217 5.34071 5.41925 5.49779 5.57633 5.65487 
5.73341 5.81195 5.89049 5.96903 6.04757 6.12611 6.20465 0 0.0785398 
0.15708 0.235619 0.314159 0.392699 0.471239 0.549779 0.628319 0.706858 0.785398 
0.863938 0.942478 1.02102 1.09956 1.1781 1.25664 1.33518 1.41372 1.49226 
1.5708 1.64934 1.72788 1.80642 1.88496 1.9635 2.04204 2.12057 2.19911 
2.27765 2.35619 2.43473 2.51327 2.59181 2.67035 2.74889 2.82743 2.90597 
2.98451 3.06305 3.14159 3.22013 3.29867 3.37721 3.45575 3.53429 3.61283 
3.69137 3.76991 3.84845 3.92699 4.00553 4.08407 4.16261 4.24115 4.31969 
4.39823 4.47677 4.55531 4.63385 4.71239 4.79093 4.86947 4.94801 5.02655 
5.10509 5.18363 5.26217 5.34071 5.41925 5.49779 5.57633 5.65487 5.73341 
5.81195 5.89049 5.96903 6.04757 6.12611 6.20465 0 0.0785398 0.15708 
0.235619 0.314159 0.392699 0.471239 0.549779 0.628319 0.706858 0.785398 0.863938 
0.942478 1.02102 1.09956 1.1781 1.25664 1.33518 1.41372 1.49226 1.5708 
1.64934 1.72788 1.80642 1.88496 1.9635 2.04204 2.12057 2.19911 2.27765 
2.35619 2.43473 2.51327 2.59181 2.67035 2.74889 2.82743 2.90597 2.98451 
3.06305 3.14159 3.22013 3.29867 3.37721 3.45575 3.53429 3.61283 3.69137 
3.76991 3.84845 3.92699 4.00553 4.08407 4.16261 4.24115 4.31969 4.39823 
4.47677 4.55531 4.63385 4.71239 4.79093 4.86947 4.94801 5.02655 5.10509 
5.18363 5.26217 5.34071 5.41925 5.49779 5.57633 5.65487 5.73341 5.81195 
5.89049 5.96903 6.04757 6.12611 6.20465 0 0.0785398 0.15708 0.235619 
0.314159 0.392699 0.471239 0.549779 0.628319 0.706858 0.785398 0.863938 0.942478 
1.02102 1.09956 1.1781 1.25664 1.33518 1.41372 1.49226 1.5708 1.64934 
1.72788 1.80642 1.88496 1.9635 2.04204 2.12057 2.19911 2.27765 2.35619 
2.43473 2.51327 2.59181 2.67035 2.74889 2.82743 2.90597 2.98451 3.06305 
3.14159 3.22013 3.29867 3.37721 3.45575 3.53429 3.61283 3.69137 3.76991 
3.84845 3.92699 4.00553 4.08407 4.16261 4.24115 4.31969 4.39823 4.47677 
4.55531 4.63385 4.71239 4.79093 4.86947 4.94801 5.02655 5.10509 5.18363 
5.26217 5.34071 5.41925 5.49779 5.57633 5.65487 5.73341 5.81195 5.89049 
5.96903 6.04757 6.12611 6.20465 0 0.0785398 0.15708 0.235619 0.314159 
0.392699 0.471239 0.549779 0.628319 0.706858 0.785398 0.863938 0.942478 1.02102 
1.09956 1.1781 1.25664 1.33518 1.41372 1.49226 1.5708 1.64934 1.72788 
1.80642 1.88496 1.9635 2.04204 2.12057 2.19911 2.27765 2.35619 2.43473 
2.51327 2.59181 2.67035 2.74889 2.82743 2.90597 2.98451 3.06305 3.14159 
3.22013 3.29867 3.37721 3.45575 3.53429 3.61283 3.69137 3.76991 3.84845 
3.92699 4.00553 4.08407 4.16261 4.24115 4.31969 4.39823 4.47677 4.55531 
4.63385 4.71239 4.79093 4.86947 4.94801 5.02655 5.10509 5.18363 5.26217 
5.34071 5.41925 5.49779 5.57633 5.65487 5.73341 5.81195 5.89049 5.96903 
6.04757 6.12611 6.20465 0 0.0785398 0.15708 0.235619 0.314159 0.392699 
0.471239 0.549779 0.628319 0.706858 0.785398 0.863938 0.942478 1.02102 1.09956 
1.1781 1.25664 1.33518 1.41372 1.49226 1.5708 1.64934 1.72788 1.80642 
1.88496 1.9635 2.04204 2.12057 2.19911 2.27765 2.35619 2.43473 2.51327 
2.59181 2.67035 2.74889 2.82743 2.90597 2.98451 3.06305 3.14159 3.22013 
3.29867 3.37721 3.45575 3.53429 3.61283 3.69137 3.76991 3.84845 3.92699 
4.00553 4.08407 4.16261 4.24115 4.31969 4.39823 4.47677 4.55531 4.63385 
4.71239 4.79093 4.86947 4.94801 5.02655 5.10509 5.18363 5.26217 5.34071 
5.41925 5.49779 5.57633 5.65487 5.73341 5.81195 5.89049 5.96903 6.04757 
6.12611 6.20465 0 0.0785398 0.15708 0.235619 0.314159 0.392699 0.471239 
0.549779 0.628319 0.706858 0.785398 0.863938 0.942478 1.02102 1.09956 1.1781 
1.25664 1.33518 1.41372 1.49226 1.5708 1.64934 1.72788 1.80642 1.88496 
1.9635 2.04204 2.12057 2.19911 2.27765 2.35619 2.43473 2.51327 2.59181 
2.67035 2.74889 2.82743 2.90597 2.98451 3.06305 3.14159 3.22013 3.29867 
3.37721 3.45575 3.53429 3.61283 3.69137 3.76991 3.84845 3.92699 4.00553 
4.08407 4.16261 4.24115 4.31969 4.39823 4.47677 4.55531 4.63385 4.71239 
4.79093 4.86947 4.94801 5.02655 5.10509 5.18363 5.26217 5.34071 5.41925 
5.49779 5.57633 5.65487 5.73341 5.81195 5.89049 5.96903 6.04757 6.12611 
6.20465 0 0.0785398 0.15708 0.235619 0.314159 0.392699 0.471239 0.549779 
0.628319 0.706858 0.785398 0.863938 0.942478 1.02102 1.09956 1.1781 1.25664 
1.33518 1.41372 1.49226 1.5708 1.64934 1.72788 1.80642 1.88496 1.9635 
2.04204 2.12057 2.19911 2.27765 2.35619 2.43473 2.51327 2.59181 2.67035 
2.74889 2.82743 2.90597 2.98451 3.06305 3.14159 3.22013 3.29867 3.37721 
3.45575 3.53429 3.61283 3.69137 3.76991 3.84845 3.92699 4.00553 4.08407 
4.16261 4.24115 4.31969 4.39823 4.47677 4.55531 4.63385 4.71239 4.79093 
4.86947 4.94801 5.02655 5.10509 5.18363 5.26217 5.34071 5.41925 5.49779 
5.57633 5.65487 5.73341 5.81195 5.89049 5.96903 6.04757 6.12611 6.20465 
0 0.0785398 0.15708 0.235619 0.314159 0.392699 0.471239 0.549779 0.628319 
0.706858 0.785398 0.863938 0.942478 1.02102 1.09956 1.1781 1.25664 1.33518 
1.41372 1.49226 1.5708 1.64934 1.72788 1.80642 1.88496 1.9635 2.04204 
2.12057 2.19911 2.27765 2.35619 2.43473 2.51327 2.59181 2.67035 2.74889 
2.82743 2.90597 2.98451 3.06305 3.14159 3.22013 3.29867 3.37721 3.45575 
3.53429 3.61283 3.69137 3.76991 3.84845 3.92699 4.00553 4.08407 4.16261 
4.24115 4.31969 4.39823 4.47677 4.55531 4.63385 4.71239 4.79093 4.86947 
4.94801 5.02655 5.10509 5.18363 5.26217 5.34071 5.41925 5.49779 5.57633 
5.65487 5.73341 5.81195 5.89049 5.96903 6.04757 6.12611 6.20465 0 
0.0785398 0.15708 0.235619 0.314159 0.392699 0.471239 0.549779 0.628319 0.706858 
0.785398 0.863938 0.942478 1.02102 1.09956 1.1781 1.25664 1.33518 1.41372 
1.49226 1.5708 1.64934 1.72788 1.80642 1.88496 1.9635 2.04204 2.12057 
2.19911 2.27765 2.35619 2.43473 2.51327 2.59181 2.67035 2.74889 2.82743 
2.90597 2.98451 3.06305 3.14159 3.22013 3.29867 3.37721 3.45575 3.53429 
3.61283 3.69137 3.76991 3.84845 3.92699 4.00553 4.08407 4.16261 4.24115 
4.31969 4.39823 4.47677 4.55531 4.63385 4.71239 4.79093 4.86947 4.94801 
5.02655 5.10509 5.18363 5.26217 5.34071 5.41925 5.49779 5.57633 5.65487 
5.73341 5.81195 5.89049 5.96903 6.04757 6.12611 6.20465 0 0.0785398 
0.15708 0.235619 0.314159 0.392699 0.471239 0.549779 0.628319 0.706858 0.785398 
0.863938 0.942478 1.02102 1.09956 1.1781 1.25664 1.33518 1.41372 1.49226 
1.5708 1.64934 1.72788 1.80642 1.88496 1.9635 2.04204 2.12057 2.19911 
2.27765 2.35619 2.43473 2.51327 2.59181 2.67035 2.74889 2.82743 2.90597 
2.98451 3.06305 3.14159 3.22013 3.29867 3.37721 3.45575 3.53429 3.61283 
3.69137 3.76991 3.84845 3.92699 4.00553 4.08407 4.16261 4.24115 4.31969 
4.39823 4.47677 4.55531 4.63385 4.71239 4.79093 4.86947 4.94801 5.02655 
5.10509 5.18363 5.26217 5.34071 5.41925 5.49779 5.57633 5.65487 5.73341 
5.81195 5.89049 5.96903 6.04757 6.12611 6.20465 0 0.0785398 0.15708 
0.235619 0.314159 0.392699 0.471239 0.549779 0.628319 0.706858 0.785398 0.863938 
0.942478 1.02102 1.09956 1.1781 1.25664 1.33518 1.41372 1.49226 1.5708 
1.64934 1.72788 1.80642 1.88496 1.9635 2.04204 2.12057 2.19911 2.27765 
2.35619 2.43473 2.51327 2.59181 2.67035 2.74889 2.82743 2.90597 2.98451 
3.06305 3.14159 3.22013 3.29867 3.37721 3.45575 3.53429 3.61283 3.69137 
3.76991 3.84845 3.92699 4.00553 4.08407 4.16261 4.24115 4.31969 4.39823 
4.47677 4.55531 4.63385 4.71239 4.79093 4.86947 4.94801 5.02655 5.10509 
5.18363 5.26217 5.34071 5.41925 5.49779 5.57633 5.65487 5.73341 5.81195 
5.89049 5.96903 6.04757 6.12611 6.20465 0 0.0785398 0.15708 0.235619 
0.314159 0.392699 0.471239 0.549779 0.628319 0.706858 0.785398 0.863938 0.942478 
1.02102 1.09956 1.1781 1.25664 1.33518 1.41372 1.49226 1.5708 1.64934 
1.72788 1.80642 1.88496 1.9635 2.04204 2.12057 2.19911 2.27765 2.35619 
2.43473 2.51327 2.59181 2.67035 2.74889 2.82743 2.90597 2.98451 3.06305 
3.14159 3.22013 3.29867 3.37721 3.45575 3.53429 3.61283 3.69137 3.76991 
3.84845 3.92699 4.00553 4.08407 4.16261 4.24115 4.31969 4.39823 4.47677 
4.55531 4.63385 4.71239 4.79093 4.86947 4.94801 5.02655 5.10509 5.18363 
5.26217 5.34071 5.41925 5.49779 5.57633 5.65487 5.73341 5.81195 5.89049 
5.96903 6.04757 6.12611 6.20465 0 0.0785398 0.15708 0.235619 0.314159 
0.392699 0.471239 0.549779 0.628319 0.706858 0.785398 0.863938 0.942478 1.02102 
1.09956 1.1781 1.25664 1.33518 1.41372 1.49226 1.5708 1.64934 1.72788 
1.80642 1.88496 1.9635 2.04204 2.12057 2.19911 2.27765 2.35619 2.43473 
2.51327 2.59181 2.67035 2.74889 2.82743 2.90597 2.98451 3.06305 3.14159 
3.22013 3.29867 3.37721 3.45575 3.53429 3.61283 3.69137 3.76991 3.84845 
3.92699 4.00553 4.08407 4.16261 4.24115 4.31969 4.39823 4.47677 4.55531 
4.63385 4.71239 4.79093 4.86947 4.94801 5.02655 5.10509 5.18363 5.26217 
5.34071 5.41925 5.49779 5.57633 5.65487 5.73341 5.81195 5.89049 5.96903 
6.04757 6.12611 6.20465 0 0.0785398 0.15708 0.235619 0.314159 0.392699 
0.471239 0.549779 0.628319 0.706858 0.785398 0.863938 0.942478 1.02102 1.09956 
1.1781 1.25664 1.33518 1.41372 1.49226 1.5708 1.64934 1.72788 1.80642 
1.88496 1.9635 2.04204 2.12057 2.19911 2.27765 2.35619 2.43473 2.51327 
2.59181 2.67035 2.74889 2.82743 2.90597 2.98451 3.06305 3.14159 3.22013 
3.29867 3.37721 3.45575 3.53429 3.61283 3.69137 3.76991 3.84845 3.92699 
4.00553 4.08407 4.16261 4.24115 4.31969 4.39823 4.47677 4.55531 4.63385 
4.71239 4.79093 4.86947 4.94801 5.02655 5.10509 5.18363 5.26217 5.34071 
5.41925 5.49779 5.57633 5.65487 5.73341 5.81195 5.89049 5.96903 6.04757 
6.12611 6.20465 0 0.0785398 0.15708 0.235619 0.314159 0.392699 0.471239 
0.549779 0.628319 0.706858 0.785398 0.863938 0.942478 1.02102 1.09956 1.1781 
1.25664 1.33518 1.41372 1.49226 1.5708 1.64934 1.72788 1.80642 1.88496 
1.9635 2.04204 2.12057 2.19911 2.27765 2.35619 2.43473 2.51327 2.59181 
2.67035 2.74889 2.82743 2.90597 2.98451 3.06305 3.14159 3.22013 3.29867 
3.37721 3.45575 3.53429 3.61283 3.69137 3.76991 3.84845 3.92699 4.00553 
4.08407 4.16261 4.24115 4.31969 4.39823 4.47677 4.55531 4.63385 4.71239 
4.79093 4.86947 4.94801 5.02655 5.10509 5.18363 5.26217 5.34071 5.41925 
5.49779 5.57633 5.65487 5.73341 5.81195 5.89049 5.96903 6.04757 6.12611 
6.20465 0 0.0785398 0.15708 0.235619 0.314159 0.392699 0.471239 0.549779 
0.628319 0.706858 0.785398 0.863938 0.942478 1.02102 1.09956 1.1781 1.25664 
1.33518 1.41372 1.49226 1.5708 1.64934 1.72788 1.80642 1.88496 1.9635 
2.04204 2.12057 2.19911 2.27765 2.35619 2.43473 2.51327 2.59181 2.67035 
2.74889 2.82743 2.90597 2.98451 3.06305 3.14159 3.22013 3.29867 3.37721 
3.45575 3.53429 3.61283 3.69137 3.76991 3.84845 3.92699 4.00553 4.08407 
4.16261 4.24115 4.31969 4.39823 4.47677 4.55531 4.63385 4.71239 4.79093 
4.86947 4.94801 5.02655 5.10509 5.18363 5.26217 5.34071 5.41925 5.49779 
5.57633 5.65487 5.73341 5.81195 5.89049 5.96903 6.04757 6.12611 6.20465 
0 0.0785398 0.15708 0.235619 0.314159 0.392699 0.471239 0.549779 0.628319 
0.706858 0.785398 0.863938 0.942478 1.02102 1.09956 1.1781 1.25664 1.33518 
1.41372 1.49226 1.5708 1.64934 1.72788 1.80642 1.88496 1.9635 2.04204 
2.12057 2.19911 2.27765 2.35619 2.43473 2.51327 2.59181 2.67035 2.74889 
2.82743 2.90597 2.98451 3.06305 3.14159 3.22013 3.29867 3.37721 3.45575 
3.53429 3.61283 3.69137 3.76991 3.84845 3.92699 4.00553 4.08407 4.16261 
4.24115 4.31969 4.39823 4.47677 4.55531 4.63385 4.71239 4.79093 4.86947 
4.94801 5.02655 5.10509 5.18363 5.26217 5.34071 5.41925 5.49779 5.57633 
5.65487 5.73341 5.81195 5.89049 5.96903 6.04757 6.12611 6.20465 0 
0.0785398 0.15708 0.235619 0.314159 0.392699 0.471239 0.549779 0.628319 0.706858 
0.785398 0.863938 0.942478 1.02102 1.09956 1.1781 1.25664 1.33518 1.41372 
1.49226 1.5708 1.64934 1.72788 1.80642 1.88496 1.9635 2.04204 2.12057 
2.19911 2.27765 2.35619 2.43473 2.51327 2.59181 2.67035 2.74889 2.82743 
2.90597 2.98451 3.06305 3.14159 3.22013 3.29867 3.37721 3.45575 3.53429 
3.61283 3.69137 3.76991 3.84845 3.92699 4.00553 4.08407 4.16261 4.24115 
4.31969 4.39823 4.47677 4.55531 4.63385 4.71239 4.79093 4.86947 4.94801 
5.02655 5.10509 5.18363 5.26217 5.34071 5.41925 5.49779 5.57633 5.65487 
5.73341 5.81195 5.89049 5.96903 6.04757 6.12611 6.20465 0 0.0785398 
0.15708 0.235619 0.314159 0.392699 0.471239 0.549779 0.628319 0.706858 0.785398 
0.863938 0.942478 1.02102 1.09956 1.1781 1.25664 1.33518 1.41372 1.49226 
1.5708 1.64934 1.72788 1.80642 1.88496 1.9635 2.04204 2.12057 2.19911 
2.27765 2.35619 2.43473 2.51327 2.59181 2.67035 2.74889 2.82743 2.90597 
2.98451 3.06305 3.14159 3.22013 3.29867 3.37721 3.45575 3.53429 3.61283 
3.69137 3.76991 3.84845 3.92699 4.00553 4.08407 4.16261 4.24115 4.31969 
4.39823 4.47677 4.55531 4.63385 4.71239 4.79093 4.86947 4.94801 5.02655 
5.10509 5.18363 5.26217 5.34071 5.41925 5.49779 5.57633 5.65487 5.73341 
5.81195 5.89049 5.96903 6.04757 6.12611 6.20465 0 0.0785398 0.15708 
0.235619 0.314159 0.392699 0.471239 0.549779 0.628319 0.706858 0.785398 0.863938 
0.942478 1.02102 1.09956 1.1781 1.25664 1.33518 1.41372 1.49226 1.5708 
1.64934 1.72788 1.80642 1.88496 1.9635 2.04204 2.12057 2.19911 2.27765 
2.35619 2.43473 2.51327 2.59181 2.67035 2.74889 2.82743 2.90597 2.98451 
3.06305 3.14159 3.22013 3.29867 3.37721 3.45575 3.53429 3.61283 3.69137 
3.76991 3.84845 3.92699 4.00553 4.08407 4.16261 4.24115 4.31969 4.39823 
4.47677 4.55531 4.63385 4.71239 4.79093 4.86947 4.94801 5.02655 5.10509 
5.18363 5.26217 5.34071 5.41925 5.49779 5.57633 5.65487 5.73341 5.81195 
5.89049 5.96903 6.04757 6.12611 6.20465 0 0.0785398 0.15708 0.235619 
0.314159 0.392699 0.471239 0.549779 0.628319 0.706858 0.785398 0.863938 0.942478 
1.02102 1.09956 1.1781 1.25664 1.33518 1.41372 1.49226 1.5708 1.64934 
1.72788 1.80642 1.88496 1.9635 2.04204 2.12057 2.19911 2.27765 2.35619 
2.43473 2.51327 2.59181 2.67035 2.74889 2.82743 2.90597 2.98451 3.06305 
3.14159 3.22013 3.29867 3.37721 3.45575 3.53429 3.61283 3.69137 3.76991 
3.84845 3.92699 4.00553 4.08407 4.16261 4.24115 4.31969 4.39823 4.47677 
4.55531 4.63385 4.71239 4.79093 4.86947 4.94801 5.02655 5.10509 5.18363 
5.26217 5.34071 5.41925 5.49779 5.57633 5.65487 5.73341 5.81195 5.89049 
5.96903 6.04757 6.12611 6.20465 
