Protocol,ProtocolKey,Cohort,Side,Model,EvalSeed,OptunaTrials,BestOOF_BalancedAccuracy,Test_Accuracy,Test_BalancedAccuracy,Test_Sensitivity,Test_Specificity,Test_F1_Macro,Test_ROC_AUC,BestParams,RunDir
Optuna no-PLS coefficient,coef_raw,All_coef,left,SVM,42,10,0.8424181631354896,0.8,0.787037037037037,0.7407407407407407,0.8333333333333334,0.784688995215311,0.8742283950617283,"{""C"": 29.154431891537552, ""gamma_mode"": ""scale""}",C:\Users\IHCK\Desktop\17-9-2569\Hippocampal-Shape-Analysis-for-Epilepsy-Detection\Model\optuna_runs_10fold_all\final\coef_raw\All_coef\left\SVM\seed_42
Optuna no-PLS coefficient,coef_raw,All_coef,left,SVM,123,10,0.8424181631354896,0.7866666666666666,0.7766203703703703,0.7407407407407407,0.8125,0.7720364741641338,0.8618827160493827,"{""C"": 29.154431891537552, ""gamma_mode"": ""scale""}",C:\Users\IHCK\Desktop\17-9-2569\Hippocampal-Shape-Analysis-for-Epilepsy-Detection\Model\optuna_runs_10fold_all\final\coef_raw\All_coef\left\SVM\seed_123
Optuna no-PLS coefficient,coef_raw,All_coef,left,SVM,2026,10,0.8424181631354896,0.8,0.7951388888888888,0.7777777777777778,0.8125,0.7877758913412563,0.8626543209876544,"{""C"": 29.154431891537552, ""gamma_mode"": ""scale""}",C:\Users\IHCK\Desktop\17-9-2569\Hippocampal-Shape-Analysis-for-Epilepsy-Detection\Model\optuna_runs_10fold_all\final\coef_raw\All_coef\left\SVM\seed_2026
Optuna no-PLS coefficient,coef_raw,All_coef,left,MLP,42,10,0.8669080589127562,0.8,0.7951388888888888,0.7777777777777778,0.8125,0.7877758913412563,0.8271604938271605,"{""batch_size"": 8, ""dropout"": 0.4579309401710595, ""lr"": 0.000642033033629786, ""weight_decay"": 5.4880470007660465e-06}",C:\Users\IHCK\Desktop\17-9-2569\Hippocampal-Shape-Analysis-for-Epilepsy-Detection\Model\optuna_runs_10fold_all\final\coef_raw\All_coef\left\MLP\seed_42
Optuna no-PLS coefficient,coef_raw,All_coef,left,MLP,123,10,0.8669080589127562,0.7866666666666666,0.7766203703703703,0.7407407407407407,0.8125,0.7720364741641338,0.8441358024691359,"{""batch_size"": 8, ""dropout"": 0.4579309401710595, ""lr"": 0.000642033033629786, ""weight_decay"": 5.4880470007660465e-06}",C:\Users\IHCK\Desktop\17-9-2569\Hippocampal-Shape-Analysis-for-Epilepsy-Detection\Model\optuna_runs_10fold_all\final\coef_raw\All_coef\left\MLP\seed_123
Optuna no-PLS coefficient,coef_raw,All_coef,left,MLP,2026,10,0.8669080589127562,0.7866666666666666,0.8009259259259259,0.8518518518518519,0.75,0.7800586510263929,0.849537037037037,"{""batch_size"": 8, ""dropout"": 0.4579309401710595, ""lr"": 0.000642033033629786, ""weight_decay"": 5.4880470007660465e-06}",C:\Users\IHCK\Desktop\17-9-2569\Hippocampal-Shape-Analysis-for-Epilepsy-Detection\Model\optuna_runs_10fold_all\final\coef_raw\All_coef\left\MLP\seed_2026
Optuna no-PLS coefficient,coef_raw,All_coef,left,ResNet,42,10,0.6638939178940158,0.6933333333333334,0.630787037037037,0.4074074074074074,0.8541666666666666,0.634920634920635,0.7584876543209876,"{""batch_size"": 8, ""dropout"": 0.29807076404450805, ""lr"": 0.00028180680291847244, ""weight_decay"": 2.4586032763280077e-06}",C:\Users\IHCK\Desktop\17-9-2569\Hippocampal-Shape-Analysis-for-Epilepsy-Detection\Model\optuna_runs_10fold_all\final\coef_raw\All_coef\left\ResNet\seed_42
Optuna no-PLS coefficient,coef_raw,All_coef,left,ResNet,123,10,0.6638939178940158,0.6533333333333333,0.5833333333333334,0.3333333333333333,0.8333333333333334,0.5819039451114922,0.7083333333333334,"{""batch_size"": 8, ""dropout"": 0.29807076404450805, ""lr"": 0.00028180680291847244, ""weight_decay"": 2.4586032763280077e-06}",C:\Users\IHCK\Desktop\17-9-2569\Hippocampal-Shape-Analysis-for-Epilepsy-Detection\Model\optuna_runs_10fold_all\final\coef_raw\All_coef\left\ResNet\seed_123
Optuna no-PLS coefficient,coef_raw,All_coef,left,ResNet,2026,10,0.6638939178940158,0.7466666666666667,0.6643518518518519,0.37037037037037035,0.9583333333333334,0.6708246708246708,0.7314814814814815,"{""batch_size"": 8, ""dropout"": 0.29807076404450805, ""lr"": 0.00028180680291847244, ""weight_decay"": 2.4586032763280077e-06}",C:\Users\IHCK\Desktop\17-9-2569\Hippocampal-Shape-Analysis-for-Epilepsy-Detection\Model\optuna_runs_10fold_all\final\coef_raw\All_coef\left\ResNet\seed_2026
Optuna no-PLS coefficient,coef_raw,All_coef,left,ResNetAE,42,10,0.6569946665361843,0.6266666666666667,0.5543981481481481,0.2962962962962963,0.8125,0.5497427101200686,0.6219135802469136,"{""batch_size"": 16, ""dropout"": 0.3080272084711243, ""lr"": 0.00011240768803005555, ""recon_weight"": 0.05143828405076928, ""weight_decay"": 0.004337920697490943}",C:\Users\IHCK\Desktop\17-9-2569\Hippocampal-Shape-Analysis-for-Epilepsy-Detection\Model\optuna_runs_10fold_all\final\coef_raw\All_coef\left\ResNetAE\seed_42
Optuna no-PLS coefficient,coef_raw,All_coef,left,ResNetAE,123,10,0.6569946665361843,0.64,0.5648148148148149,0.2962962962962963,0.8333333333333334,0.5598782873288415,0.6589506172839505,"{""batch_size"": 16, ""dropout"": 0.3080272084711243, ""lr"": 0.00011240768803005555, ""recon_weight"": 0.05143828405076928, ""weight_decay"": 0.004337920697490943}",C:\Users\IHCK\Desktop\17-9-2569\Hippocampal-Shape-Analysis-for-Epilepsy-Detection\Model\optuna_runs_10fold_all\final\coef_raw\All_coef\left\ResNetAE\seed_123
Optuna no-PLS coefficient,coef_raw,All_coef,left,ResNetAE,2026,10,0.6569946665361843,0.6933333333333334,0.6064814814814814,0.2962962962962963,0.9166666666666666,0.6015246015246014,0.7445987654320987,"{""batch_size"": 16, ""dropout"": 0.3080272084711243, ""lr"": 0.00011240768803005555, ""recon_weight"": 0.05143828405076928, ""weight_decay"": 0.004337920697490943}",C:\Users\IHCK\Desktop\17-9-2569\Hippocampal-Shape-Analysis-for-Epilepsy-Detection\Model\optuna_runs_10fold_all\final\coef_raw\All_coef\left\ResNetAE\seed_2026
Optuna no-PLS coefficient,coef_raw,All_coef,left,MobileNet,42,10,0.670817634682194,0.6666666666666666,0.59375,0.3333333333333333,0.8541666666666666,0.5924798956748533,0.7399691358024691,"{""batch_size"": 32, ""dropout"": 0.3099025726528951, ""lr"": 0.0016967533607196547, ""weight_decay"": 7.068974950624607e-06}",C:\Users\IHCK\Desktop\17-9-2569\Hippocampal-Shape-Analysis-for-Epilepsy-Detection\Model\optuna_runs_10fold_all\final\coef_raw\All_coef\left\MobileNet\seed_42
Optuna no-PLS coefficient,coef_raw,All_coef,left,MobileNet,123,10,0.670817634682194,0.6533333333333333,0.6157407407407407,0.48148148148148145,0.75,0.6173469387755102,0.6188271604938271,"{""batch_size"": 32, ""dropout"": 0.3099025726528951, ""lr"": 0.0016967533607196547, ""weight_decay"": 7.068974950624607e-06}",C:\Users\IHCK\Desktop\17-9-2569\Hippocampal-Shape-Analysis-for-Epilepsy-Detection\Model\optuna_runs_10fold_all\final\coef_raw\All_coef\left\MobileNet\seed_123
Optuna no-PLS coefficient,coef_raw,All_coef,left,MobileNet,2026,10,0.670817634682194,0.6933333333333334,0.6712962962962963,0.5925925925925926,0.75,0.6698564593301435,0.7191358024691358,"{""batch_size"": 32, ""dropout"": 0.3099025726528951, ""lr"": 0.0016967533607196547, ""weight_decay"": 7.068974950624607e-06}",C:\Users\IHCK\Desktop\17-9-2569\Hippocampal-Shape-Analysis-for-Epilepsy-Detection\Model\optuna_runs_10fold_all\final\coef_raw\All_coef\left\MobileNet\seed_2026
Optuna no-PLS coefficient,coef_raw,All_coef,left,SqueezeNet,42,10,0.506727993345403,0.5333333333333333,0.48148148148148145,0.2962962962962963,0.6666666666666666,0.48009506833036253,0.4891975308641975,"{""batch_size"": 8, ""dropout"": 0.4579309401710595, ""lr"": 0.000642033033629786, ""weight_decay"": 5.4880470007660465e-06}",C:\Users\IHCK\Desktop\17-9-2569\Hippocampal-Shape-Analysis-for-Epilepsy-Detection\Model\optuna_runs_10fold_all\final\coef_raw\All_coef\left\SqueezeNet\seed_42
Optuna no-PLS coefficient,coef_raw,All_coef,left,SqueezeNet,123,10,0.506727993345403,0.5466666666666666,0.5,0.3333333333333333,0.6666666666666666,0.499607535321821,0.5478395061728394,"{""batch_size"": 8, ""dropout"": 0.4579309401710595, ""lr"": 0.000642033033629786, ""weight_decay"": 5.4880470007660465e-06}",C:\Users\IHCK\Desktop\17-9-2569\Hippocampal-Shape-Analysis-for-Epilepsy-Detection\Model\optuna_runs_10fold_all\final\coef_raw\All_coef\left\SqueezeNet\seed_123
Optuna no-PLS coefficient,coef_raw,All_coef,left,SqueezeNet,2026,10,0.506727993345403,0.56,0.4942129629629629,0.25925925925925924,0.7291666666666666,0.48874199545548447,0.4861111111111111,"{""batch_size"": 8, ""dropout"": 0.4579309401710595, ""lr"": 0.000642033033629786, ""weight_decay"": 5.4880470007660465e-06}",C:\Users\IHCK\Desktop\17-9-2569\Hippocampal-Shape-Analysis-for-Epilepsy-Detection\Model\optuna_runs_10fold_all\final\coef_raw\All_coef\left\SqueezeNet\seed_2026
Optuna no-PLS coefficient,coef_raw,All_coef,right,SVM,42,10,0.8332039911308204,0.8533333333333334,0.8045454545454545,0.7,0.9090909090909091,0.8094248094248094,0.8927272727272727,"{""C"": 75.7947995334801, ""gamma_mode"": ""auto""}",C:\Users\IHCK\Desktop\17-9-2569\Hippocampal-Shape-Analysis-for-Epilepsy-Detection\Model\optuna_runs_10fold_all\final\coef_raw\All_coef\right\SVM\seed_42
Optuna no-PLS coefficient,coef_raw,All_coef,right,SVM,123,10,0.8332039911308204,0.84,0.7795454545454545,0.65,0.9090909090909091,0.7885338345864661,0.8954545454545455,"{""C"": 75.7947995334801, ""gamma_mode"": ""auto""}",C:\Users\IHCK\Desktop\17-9-2569\Hippocampal-Shape-Analysis-for-Epilepsy-Detection\Model\optuna_runs_10fold_all\final\coef_raw\All_coef\right\SVM\seed_123
Optuna no-PLS coefficient,coef_raw,All_coef,right,SVM,2026,10,0.8332039911308204,0.84,0.7795454545454545,0.65,0.9090909090909091,0.7885338345864661,0.89,"{""C"": 75.7947995334801, ""gamma_mode"": ""auto""}",C:\Users\IHCK\Desktop\17-9-2569\Hippocampal-Shape-Analysis-for-Epilepsy-Detection\Model\optuna_runs_10fold_all\final\coef_raw\All_coef\right\SVM\seed_2026
Optuna no-PLS coefficient,coef_raw,All_coef,right,MLP,42,10,0.8568736141906874,0.84,0.7954545454545454,0.7,0.8909090909090909,0.7954545454545454,0.8763636363636363,"{""batch_size"": 32, ""dropout"": 0.3099025726528951, ""lr"": 0.0016967533607196547, ""weight_decay"": 7.068974950624607e-06}",C:\Users\IHCK\Desktop\17-9-2569\Hippocampal-Shape-Analysis-for-Epilepsy-Detection\Model\optuna_runs_10fold_all\final\coef_raw\All_coef\right\MLP\seed_42
Optuna no-PLS coefficient,coef_raw,All_coef,right,MLP,123,10,0.8568736141906874,0.8666666666666667,0.8295454545454546,0.75,0.9090909090909091,0.8295454545454546,0.8954545454545455,"{""batch_size"": 32, ""dropout"": 0.3099025726528951, ""lr"": 0.0016967533607196547, ""weight_decay"": 7.068974950624607e-06}",C:\Users\IHCK\Desktop\17-9-2569\Hippocampal-Shape-Analysis-for-Epilepsy-Detection\Model\optuna_runs_10fold_all\final\coef_raw\All_coef\right\MLP\seed_123
Optuna no-PLS coefficient,coef_raw,All_coef,right,MLP,2026,10,0.8568736141906874,0.8666666666666667,0.8295454545454546,0.75,0.9090909090909091,0.8295454545454546,0.8909090909090909,"{""batch_size"": 32, ""dropout"": 0.3099025726528951, ""lr"": 0.0016967533607196547, ""weight_decay"": 7.068974950624607e-06}",C:\Users\IHCK\Desktop\17-9-2569\Hippocampal-Shape-Analysis-for-Epilepsy-Detection\Model\optuna_runs_10fold_all\final\coef_raw\All_coef\right\MLP\seed_2026
Optuna no-PLS coefficient,coef_raw,All_coef,right,ResNet,42,10,0.7175720620842572,0.76,0.6772727272727272,0.5,0.8545454545454545,0.6828007518796992,0.7718181818181818,"{""batch_size"": 8, ""dropout"": 0.2465447373174767, ""lr"": 0.0004345454109729479, ""weight_decay"": 1.461896279370496e-05}",C:\Users\IHCK\Desktop\17-9-2569\Hippocampal-Shape-Analysis-for-Epilepsy-Detection\Model\optuna_runs_10fold_all\final\coef_raw\All_coef\right\ResNet\seed_42
Optuna no-PLS coefficient,coef_raw,All_coef,right,ResNet,123,10,0.7175720620842572,0.8266666666666667,0.7386363636363636,0.55,0.9272727272727272,0.7577639751552794,0.7936363636363637,"{""batch_size"": 8, ""dropout"": 0.2465447373174767, ""lr"": 0.0004345454109729479, ""weight_decay"": 1.461896279370496e-05}",C:\Users\IHCK\Desktop\17-9-2569\Hippocampal-Shape-Analysis-for-Epilepsy-Detection\Model\optuna_runs_10fold_all\final\coef_raw\All_coef\right\ResNet\seed_123
Optuna no-PLS coefficient,coef_raw,All_coef,right,ResNet,2026,10,0.7175720620842572,0.84,0.7477272727272728,0.55,0.9454545454545454,0.7718052738336714,0.8727272727272727,"{""batch_size"": 8, ""dropout"": 0.2465447373174767, ""lr"": 0.0004345454109729479, ""weight_decay"": 1.461896279370496e-05}",C:\Users\IHCK\Desktop\17-9-2569\Hippocampal-Shape-Analysis-for-Epilepsy-Detection\Model\optuna_runs_10fold_all\final\coef_raw\All_coef\right\ResNet\seed_2026
Optuna no-PLS coefficient,coef_raw,All_coef,right,ResNetAE,42,10,0.6481152993348116,0.7866666666666666,0.6954545454545454,0.5,0.8909090909090909,0.7076023391812866,0.8172727272727274,"{""batch_size"": 8, ""dropout"": 0.16239780813448107, ""lr"": 0.0003574712922600243, ""recon_weight"": 0.011900590783184251, ""weight_decay"": 0.006351221010640704}",C:\Users\IHCK\Desktop\17-9-2569\Hippocampal-Shape-Analysis-for-Epilepsy-Detection\Model\optuna_runs_10fold_all\final\coef_raw\All_coef\right\ResNetAE\seed_42
Optuna no-PLS coefficient,coef_raw,All_coef,right,ResNetAE,123,10,0.6481152993348116,0.84,0.7477272727272728,0.55,0.9454545454545454,0.7718052738336714,0.8336363636363636,"{""batch_size"": 8, ""dropout"": 0.16239780813448107, ""lr"": 0.0003574712922600243, ""recon_weight"": 0.011900590783184251, ""weight_decay"": 0.006351221010640704}",C:\Users\IHCK\Desktop\17-9-2569\Hippocampal-Shape-Analysis-for-Epilepsy-Detection\Model\optuna_runs_10fold_all\final\coef_raw\All_coef\right\ResNetAE\seed_123
Optuna no-PLS coefficient,coef_raw,All_coef,right,ResNetAE,2026,10,0.6481152993348116,0.8,0.7045454545454546,0.5,0.9090909090909091,0.7204968944099379,0.8354545454545453,"{""batch_size"": 8, ""dropout"": 0.16239780813448107, ""lr"": 0.0003574712922600243, ""recon_weight"": 0.011900590783184251, ""weight_decay"": 0.006351221010640704}",C:\Users\IHCK\Desktop\17-9-2569\Hippocampal-Shape-Analysis-for-Epilepsy-Detection\Model\optuna_runs_10fold_all\final\coef_raw\All_coef\right\ResNetAE\seed_2026
Optuna no-PLS coefficient,coef_raw,All_coef,right,MobileNet,42,10,0.6884146341463414,0.7466666666666667,0.5886363636363636,0.25,0.9272727272727272,0.5939013964092335,0.8063636363636364,"{""batch_size"": 8, ""dropout"": 0.2465447373174767, ""lr"": 0.0004345454109729479, ""weight_decay"": 1.461896279370496e-05}",C:\Users\IHCK\Desktop\17-9-2569\Hippocampal-Shape-Analysis-for-Epilepsy-Detection\Model\optuna_runs_10fold_all\final\coef_raw\All_coef\right\MobileNet\seed_42
Optuna no-PLS coefficient,coef_raw,All_coef,right,MobileNet,123,10,0.6884146341463414,0.7733333333333333,0.6386363636363637,0.35,0.9272727272727272,0.6543778801843317,0.8536363636363637,"{""batch_size"": 8, ""dropout"": 0.2465447373174767, ""lr"": 0.0004345454109729479, ""weight_decay"": 1.461896279370496e-05}",C:\Users\IHCK\Desktop\17-9-2569\Hippocampal-Shape-Analysis-for-Epilepsy-Detection\Model\optuna_runs_10fold_all\final\coef_raw\All_coef\right\MobileNet\seed_123
Optuna no-PLS coefficient,coef_raw,All_coef,right,MobileNet,2026,10,0.6884146341463414,0.8,0.7522727272727272,0.65,0.8545454545454545,0.7482658312821661,0.8054545454545454,"{""batch_size"": 8, ""dropout"": 0.2465447373174767, ""lr"": 0.0004345454109729479, ""weight_decay"": 1.461896279370496e-05}",C:\Users\IHCK\Desktop\17-9-2569\Hippocampal-Shape-Analysis-for-Epilepsy-Detection\Model\optuna_runs_10fold_all\final\coef_raw\All_coef\right\MobileNet\seed_2026
Optuna no-PLS coefficient,coef_raw,All_coef,right,SqueezeNet,42,10,0.5170731707317073,0.68,0.4636363636363636,0.0,0.9272727272727272,0.4047619047619048,0.4263636363636364,"{""batch_size"": 8, ""dropout"": 0.4579309401710595, ""lr"": 0.000642033033629786, ""weight_decay"": 5.4880470007660465e-06}",C:\Users\IHCK\Desktop\17-9-2569\Hippocampal-Shape-Analysis-for-Epilepsy-Detection\Model\optuna_runs_10fold_all\final\coef_raw\All_coef\right\SqueezeNet\seed_42
Optuna no-PLS coefficient,coef_raw,All_coef,right,SqueezeNet,123,10,0.5170731707317073,0.64,0.5159090909090909,0.25,0.7818181818181819,0.5156661085864626,0.49727272727272726,"{""batch_size"": 8, ""dropout"": 0.4579309401710595, ""lr"": 0.000642033033629786, ""weight_decay"": 5.4880470007660465e-06}",C:\Users\IHCK\Desktop\17-9-2569\Hippocampal-Shape-Analysis-for-Epilepsy-Detection\Model\optuna_runs_10fold_all\final\coef_raw\All_coef\right\SqueezeNet\seed_123
Optuna no-PLS coefficient,coef_raw,All_coef,right,SqueezeNet,2026,10,0.5170731707317073,0.7066666666666667,0.4818181818181818,0.0,0.9636363636363636,0.4140625,0.45181818181818184,"{""batch_size"": 8, ""dropout"": 0.4579309401710595, ""lr"": 0.000642033033629786, ""weight_decay"": 5.4880470007660465e-06}",C:\Users\IHCK\Desktop\17-9-2569\Hippocampal-Shape-Analysis-for-Epilepsy-Detection\Model\optuna_runs_10fold_all\final\coef_raw\All_coef\right\SqueezeNet\seed_2026
Optuna no-PLS coefficient,coef_raw,All_coef_Ds004469,left,SVM,42,10,0.5508744038155803,0.8333333333333334,0.5,0.0,1.0,0.45454545454545453,0.9500000000000001,"{""C"": 0.030771802712506867, ""gamma_mode"": ""auto""}",C:\Users\IHCK\Desktop\17-9-2569\Hippocampal-Shape-Analysis-for-Epilepsy-Detection\Model\optuna_runs_10fold_all\final\coef_raw\All_coef_Ds004469\left\SVM\seed_42
Optuna no-PLS coefficient,coef_raw,All_coef_Ds004469,left,SVM,123,10,0.5508744038155803,0.16666666666666666,0.5,1.0,0.0,0.14285714285714285,0.5,"{""C"": 0.030771802712506867, ""gamma_mode"": ""auto""}",C:\Users\IHCK\Desktop\17-9-2569\Hippocampal-Shape-Analysis-for-Epilepsy-Detection\Model\optuna_runs_10fold_all\final\coef_raw\All_coef_Ds004469\left\SVM\seed_123
Optuna no-PLS coefficient,coef_raw,All_coef_Ds004469,left,SVM,2026,10,0.5508744038155803,0.16666666666666666,0.5,1.0,0.0,0.14285714285714285,0.5,"{""C"": 0.030771802712506867, ""gamma_mode"": ""auto""}",C:\Users\IHCK\Desktop\17-9-2569\Hippocampal-Shape-Analysis-for-Epilepsy-Detection\Model\optuna_runs_10fold_all\final\coef_raw\All_coef_Ds004469\left\SVM\seed_2026
Optuna no-PLS coefficient,coef_raw,All_coef_Ds004469,left,MLP,42,10,0.568362480127186,0.6666666666666666,0.4,0.0,0.8,0.4000000000000001,0.04999999999999999,"{""batch_size"": 16, ""dropout"": 0.23013213230530574, ""lr"": 0.0007641361869233315, ""weight_decay"": 0.0048696409415209}",C:\Users\IHCK\Desktop\17-9-2569\Hippocampal-Shape-Analysis-for-Epilepsy-Detection\Model\optuna_runs_10fold_all\final\coef_raw\All_coef_Ds004469\left\MLP\seed_42
Optuna no-PLS coefficient,coef_raw,All_coef_Ds004469,left,MLP,123,10,0.568362480127186,0.6666666666666666,0.4,0.0,0.8,0.4000000000000001,0.09999999999999998,"{""batch_size"": 16, ""dropout"": 0.23013213230530574, ""lr"": 0.0007641361869233315, ""weight_decay"": 0.0048696409415209}",C:\Users\IHCK\Desktop\17-9-2569\Hippocampal-Shape-Analysis-for-Epilepsy-Detection\Model\optuna_runs_10fold_all\final\coef_raw\All_coef_Ds004469\left\MLP\seed_123
Optuna no-PLS coefficient,coef_raw,All_coef_Ds004469,left,MLP,2026,10,0.568362480127186,0.75,0.45,0.0,0.9,0.4285714285714286,0.04999999999999999,"{""batch_size"": 16, ""dropout"": 0.23013213230530574, ""lr"": 0.0007641361869233315, ""weight_decay"": 0.0048696409415209}",C:\Users\IHCK\Desktop\17-9-2569\Hippocampal-Shape-Analysis-for-Epilepsy-Detection\Model\optuna_runs_10fold_all\final\coef_raw\All_coef_Ds004469\left\MLP\seed_2026
Optuna no-PLS coefficient,coef_raw,All_coef_Ds004469,left,ResNet,42,10,0.5747217806041336,0.6666666666666666,0.4,0.0,0.8,0.4000000000000001,0.30000000000000004,"{""batch_size"": 8, ""dropout"": 0.16239780813448107, ""lr"": 0.0003574712922600243, ""weight_decay"": 0.006351221010640704}",C:\Users\IHCK\Desktop\17-9-2569\Hippocampal-Shape-Analysis-for-Epilepsy-Detection\Model\optuna_runs_10fold_all\final\coef_raw\All_coef_Ds004469\left\ResNet\seed_42
Optuna no-PLS coefficient,coef_raw,All_coef_Ds004469,left,ResNet,123,10,0.5747217806041336,0.6666666666666666,0.4,0.0,0.8,0.4000000000000001,0.35,"{""batch_size"": 8, ""dropout"": 0.16239780813448107, ""lr"": 0.0003574712922600243, ""weight_decay"": 0.006351221010640704}",C:\Users\IHCK\Desktop\17-9-2569\Hippocampal-Shape-Analysis-for-Epilepsy-Detection\Model\optuna_runs_10fold_all\final\coef_raw\All_coef_Ds004469\left\ResNet\seed_123
Optuna no-PLS coefficient,coef_raw,All_coef_Ds004469,left,ResNet,2026,10,0.5747217806041336,0.75,0.65,0.5,0.8,0.6210526315789474,0.5,"{""batch_size"": 8, ""dropout"": 0.16239780813448107, ""lr"": 0.0003574712922600243, ""weight_decay"": 0.006351221010640704}",C:\Users\IHCK\Desktop\17-9-2569\Hippocampal-Shape-Analysis-for-Epilepsy-Detection\Model\optuna_runs_10fold_all\final\coef_raw\All_coef_Ds004469\left\ResNet\seed_2026
Optuna no-PLS coefficient,coef_raw,All_coef_Ds004469,left,ResNetAE,42,10,0.604133545310016,0.5833333333333334,0.35,0.0,0.7,0.36842105263157887,0.35,"{""batch_size"": 16, ""dropout"": 0.14881529393791154, ""lr"": 0.0015635108708133452, ""recon_weight"": 0.04407984038169244, ""weight_decay"": 1.6536937182824424e-05}",C:\Users\IHCK\Desktop\17-9-2569\Hippocampal-Shape-Analysis-for-Epilepsy-Detection\Model\optuna_runs_10fold_all\final\coef_raw\All_coef_Ds004469\left\ResNetAE\seed_42
Optuna no-PLS coefficient,coef_raw,All_coef_Ds004469,left,ResNetAE,123,10,0.604133545310016,0.5,0.5,0.5,0.5,0.4375,0.75,"{""batch_size"": 16, ""dropout"": 0.14881529393791154, ""lr"": 0.0015635108708133452, ""recon_weight"": 0.04407984038169244, ""weight_decay"": 1.6536937182824424e-05}",C:\Users\IHCK\Desktop\17-9-2569\Hippocampal-Shape-Analysis-for-Epilepsy-Detection\Model\optuna_runs_10fold_all\final\coef_raw\All_coef_Ds004469\left\ResNetAE\seed_123
Optuna no-PLS coefficient,coef_raw,All_coef_Ds004469,left,ResNetAE,2026,10,0.604133545310016,0.5833333333333334,0.55,0.5,0.6,0.4957983193277311,0.55,"{""batch_size"": 16, ""dropout"": 0.14881529393791154, ""lr"": 0.0015635108708133452, ""recon_weight"": 0.04407984038169244, ""weight_decay"": 1.6536937182824424e-05}",C:\Users\IHCK\Desktop\17-9-2569\Hippocampal-Shape-Analysis-for-Epilepsy-Detection\Model\optuna_runs_10fold_all\final\coef_raw\All_coef_Ds004469\left\ResNetAE\seed_2026
Optuna no-PLS coefficient,coef_raw,All_coef_Ds004469,left,MobileNet,42,10,0.5453100158982512,0.5,0.3,0.0,0.6,0.33333333333333326,0.09999999999999998,"{""batch_size"": 8, ""dropout"": 0.16239780813448107, ""lr"": 0.0003574712922600243, ""weight_decay"": 0.006351221010640704}",C:\Users\IHCK\Desktop\17-9-2569\Hippocampal-Shape-Analysis-for-Epilepsy-Detection\Model\optuna_runs_10fold_all\final\coef_raw\All_coef_Ds004469\left\MobileNet\seed_42
Optuna no-PLS coefficient,coef_raw,All_coef_Ds004469,left,MobileNet,123,10,0.5453100158982512,0.5,0.3,0.0,0.6,0.33333333333333326,0.09999999999999998,"{""batch_size"": 8, ""dropout"": 0.16239780813448107, ""lr"": 0.0003574712922600243, ""weight_decay"": 0.006351221010640704}",C:\Users\IHCK\Desktop\17-9-2569\Hippocampal-Shape-Analysis-for-Epilepsy-Detection\Model\optuna_runs_10fold_all\final\coef_raw\All_coef_Ds004469\left\MobileNet\seed_123
Optuna no-PLS coefficient,coef_raw,All_coef_Ds004469,left,MobileNet,2026,10,0.5453100158982512,0.75,0.45,0.0,0.9,0.4285714285714286,0.04999999999999999,"{""batch_size"": 8, ""dropout"": 0.16239780813448107, ""lr"": 0.0003574712922600243, ""weight_decay"": 0.006351221010640704}",C:\Users\IHCK\Desktop\17-9-2569\Hippocampal-Shape-Analysis-for-Epilepsy-Detection\Model\optuna_runs_10fold_all\final\coef_raw\All_coef_Ds004469\left\MobileNet\seed_2026
Optuna no-PLS coefficient,coef_raw,All_coef_Ds004469,left,SqueezeNet,42,10,0.5206677265500795,0.5,0.3,0.0,0.6,0.33333333333333326,0.14999999999999997,"{""batch_size"": 8, ""dropout"": 0.16239780813448107, ""lr"": 0.0003574712922600243, ""weight_decay"": 0.006351221010640704}",C:\Users\IHCK\Desktop\17-9-2569\Hippocampal-Shape-Analysis-for-Epilepsy-Detection\Model\optuna_runs_10fold_all\final\coef_raw\All_coef_Ds004469\left\SqueezeNet\seed_42
Optuna no-PLS coefficient,coef_raw,All_coef_Ds004469,left,SqueezeNet,123,10,0.5206677265500795,0.5,0.3,0.0,0.6,0.33333333333333326,0.3,"{""batch_size"": 8, ""dropout"": 0.16239780813448107, ""lr"": 0.0003574712922600243, ""weight_decay"": 0.006351221010640704}",C:\Users\IHCK\Desktop\17-9-2569\Hippocampal-Shape-Analysis-for-Epilepsy-Detection\Model\optuna_runs_10fold_all\final\coef_raw\All_coef_Ds004469\left\SqueezeNet\seed_123
Optuna no-PLS coefficient,coef_raw,All_coef_Ds004469,left,SqueezeNet,2026,10,0.5206677265500795,0.4166666666666667,0.25,0.0,0.5,0.2941176470588235,0.25,"{""batch_size"": 8, ""dropout"": 0.16239780813448107, ""lr"": 0.0003574712922600243, ""weight_decay"": 0.006351221010640704}",C:\Users\IHCK\Desktop\17-9-2569\Hippocampal-Shape-Analysis-for-Epilepsy-Detection\Model\optuna_runs_10fold_all\final\coef_raw\All_coef_Ds004469\left\SqueezeNet\seed_2026
Optuna no-PLS coefficient,coef_raw,All_coef_Ds004469,right,SVM,42,10,0.5043290043290043,0.3333333333333333,0.18181818181818182,0.0,0.36363636363636365,0.25000000000000006,0.2727272727272727,"{""C"": 0.05415244119402541, ""gamma_mode"": ""scale""}",C:\Users\IHCK\Desktop\17-9-2569\Hippocampal-Shape-Analysis-for-Epilepsy-Detection\Model\optuna_runs_10fold_all\final\coef_raw\All_coef_Ds004469\right\SVM\seed_42
Optuna no-PLS coefficient,coef_raw,All_coef_Ds004469,right,SVM,123,10,0.5043290043290043,0.3333333333333333,0.18181818181818182,0.0,0.36363636363636365,0.25000000000000006,0.2727272727272727,"{""C"": 0.05415244119402541, ""gamma_mode"": ""scale""}",C:\Users\IHCK\Desktop\17-9-2569\Hippocampal-Shape-Analysis-for-Epilepsy-Detection\Model\optuna_runs_10fold_all\final\coef_raw\All_coef_Ds004469\right\SVM\seed_123
Optuna no-PLS coefficient,coef_raw,All_coef_Ds004469,right,SVM,2026,10,0.5043290043290043,0.08333333333333333,0.5,1.0,0.0,0.07692307692307693,0.9090909090909091,"{""C"": 0.05415244119402541, ""gamma_mode"": ""scale""}",C:\Users\IHCK\Desktop\17-9-2569\Hippocampal-Shape-Analysis-for-Epilepsy-Detection\Model\optuna_runs_10fold_all\final\coef_raw\All_coef_Ds004469\right\SVM\seed_2026
Optuna no-PLS coefficient,coef_raw,All_coef_Ds004469,right,MLP,42,10,0.5909090909090909,0.9166666666666666,0.5,0.0,1.0,0.4782608695652174,0.2727272727272727,"{""batch_size"": 16, ""dropout"": 0.23013213230530574, ""lr"": 0.0007641361869233315, ""weight_decay"": 0.0048696409415209}",C:\Users\IHCK\Desktop\17-9-2569\Hippocampal-Shape-Analysis-for-Epilepsy-Detection\Model\optuna_runs_10fold_all\final\coef_raw\All_coef_Ds004469\right\MLP\seed_42
Optuna no-PLS coefficient,coef_raw,All_coef_Ds004469,right,MLP,123,10,0.5909090909090909,0.9166666666666666,0.5,0.0,1.0,0.4782608695652174,0.2727272727272727,"{""batch_size"": 16, ""dropout"": 0.23013213230530574, ""lr"": 0.0007641361869233315, ""weight_decay"": 0.0048696409415209}",C:\Users\IHCK\Desktop\17-9-2569\Hippocampal-Shape-Analysis-for-Epilepsy-Detection\Model\optuna_runs_10fold_all\final\coef_raw\All_coef_Ds004469\right\MLP\seed_123
Optuna no-PLS coefficient,coef_raw,All_coef_Ds004469,right,MLP,2026,10,0.5909090909090909,0.9166666666666666,0.5,0.0,1.0,0.4782608695652174,0.0,"{""batch_size"": 16, ""dropout"": 0.23013213230530574, ""lr"": 0.0007641361869233315, ""weight_decay"": 0.0048696409415209}",C:\Users\IHCK\Desktop\17-9-2569\Hippocampal-Shape-Analysis-for-Epilepsy-Detection\Model\optuna_runs_10fold_all\final\coef_raw\All_coef_Ds004469\right\MLP\seed_2026
Optuna no-PLS coefficient,coef_raw,All_coef_Ds004469,right,ResNet,42,10,0.5909090909090909,0.9166666666666666,0.5,0.0,1.0,0.4782608695652174,0.0,"{""batch_size"": 8, ""dropout"": 0.16239780813448107, ""lr"": 0.0003574712922600243, ""weight_decay"": 0.006351221010640704}",C:\Users\IHCK\Desktop\17-9-2569\Hippocampal-Shape-Analysis-for-Epilepsy-Detection\Model\optuna_runs_10fold_all\final\coef_raw\All_coef_Ds004469\right\ResNet\seed_42
Optuna no-PLS coefficient,coef_raw,All_coef_Ds004469,right,ResNet,123,10,0.5909090909090909,0.8333333333333334,0.45454545454545453,0.0,0.9090909090909091,0.45454545454545453,0.2727272727272727,"{""batch_size"": 8, ""dropout"": 0.16239780813448107, ""lr"": 0.0003574712922600243, ""weight_decay"": 0.006351221010640704}",C:\Users\IHCK\Desktop\17-9-2569\Hippocampal-Shape-Analysis-for-Epilepsy-Detection\Model\optuna_runs_10fold_all\final\coef_raw\All_coef_Ds004469\right\ResNet\seed_123
Optuna no-PLS coefficient,coef_raw,All_coef_Ds004469,right,ResNet,2026,10,0.5909090909090909,0.9166666666666666,0.5,0.0,1.0,0.4782608695652174,0.0,"{""batch_size"": 8, ""dropout"": 0.16239780813448107, ""lr"": 0.0003574712922600243, ""weight_decay"": 0.006351221010640704}",C:\Users\IHCK\Desktop\17-9-2569\Hippocampal-Shape-Analysis-for-Epilepsy-Detection\Model\optuna_runs_10fold_all\final\coef_raw\All_coef_Ds004469\right\ResNet\seed_2026
Optuna no-PLS coefficient,coef_raw,All_coef_Ds004469,right,ResNetAE,42,10,0.5909090909090909,0.75,0.4090909090909091,0.0,0.8181818181818182,0.4285714285714286,0.0,"{""batch_size"": 16, ""dropout"": 0.14881529393791154, ""lr"": 0.0015635108708133452, ""recon_weight"": 0.04407984038169244, ""weight_decay"": 1.6536937182824424e-05}",C:\Users\IHCK\Desktop\17-9-2569\Hippocampal-Shape-Analysis-for-Epilepsy-Detection\Model\optuna_runs_10fold_all\final\coef_raw\All_coef_Ds004469\right\ResNetAE\seed_42
Optuna no-PLS coefficient,coef_raw,All_coef_Ds004469,right,ResNetAE,123,10,0.5909090909090909,0.8333333333333334,0.45454545454545453,0.0,0.9090909090909091,0.45454545454545453,0.0,"{""batch_size"": 16, ""dropout"": 0.14881529393791154, ""lr"": 0.0015635108708133452, ""recon_weight"": 0.04407984038169244, ""weight_decay"": 1.6536937182824424e-05}",C:\Users\IHCK\Desktop\17-9-2569\Hippocampal-Shape-Analysis-for-Epilepsy-Detection\Model\optuna_runs_10fold_all\final\coef_raw\All_coef_Ds004469\right\ResNetAE\seed_123
Optuna no-PLS coefficient,coef_raw,All_coef_Ds004469,right,ResNetAE,2026,10,0.5909090909090909,0.75,0.4090909090909091,0.0,0.8181818181818182,0.4285714285714286,0.0,"{""batch_size"": 16, ""dropout"": 0.14881529393791154, ""lr"": 0.0015635108708133452, ""recon_weight"": 0.04407984038169244, ""weight_decay"": 1.6536937182824424e-05}",C:\Users\IHCK\Desktop\17-9-2569\Hippocampal-Shape-Analysis-for-Epilepsy-Detection\Model\optuna_runs_10fold_all\final\coef_raw\All_coef_Ds004469\right\ResNetAE\seed_2026
Optuna no-PLS coefficient,coef_raw,All_coef_Ds004469,right,MobileNet,42,10,0.5454545454545454,0.8333333333333334,0.45454545454545453,0.0,0.9090909090909091,0.45454545454545453,0.0,"{""batch_size"": 8, ""dropout"": 0.16239780813448107, ""lr"": 0.0003574712922600243, ""weight_decay"": 0.006351221010640704}",C:\Users\IHCK\Desktop\17-9-2569\Hippocampal-Shape-Analysis-for-Epilepsy-Detection\Model\optuna_runs_10fold_all\final\coef_raw\All_coef_Ds004469\right\MobileNet\seed_42
Optuna no-PLS coefficient,coef_raw,All_coef_Ds004469,right,MobileNet,123,10,0.5454545454545454,0.75,0.4090909090909091,0.0,0.8181818181818182,0.4285714285714286,0.36363636363636365,"{""batch_size"": 8, ""dropout"": 0.16239780813448107, ""lr"": 0.0003574712922600243, ""weight_decay"": 0.006351221010640704}",C:\Users\IHCK\Desktop\17-9-2569\Hippocampal-Shape-Analysis-for-Epilepsy-Detection\Model\optuna_runs_10fold_all\final\coef_raw\All_coef_Ds004469\right\MobileNet\seed_123
Optuna no-PLS coefficient,coef_raw,All_coef_Ds004469,right,MobileNet,2026,10,0.5454545454545454,0.9166666666666666,0.5,0.0,1.0,0.4782608695652174,0.18181818181818177,"{""batch_size"": 8, ""dropout"": 0.16239780813448107, ""lr"": 0.0003574712922600243, ""weight_decay"": 0.006351221010640704}",C:\Users\IHCK\Desktop\17-9-2569\Hippocampal-Shape-Analysis-for-Epilepsy-Detection\Model\optuna_runs_10fold_all\final\coef_raw\All_coef_Ds004469\right\MobileNet\seed_2026
Optuna no-PLS coefficient,coef_raw,All_coef_Ds004469,right,SqueezeNet,42,10,0.5432900432900433,0.6666666666666666,0.36363636363636365,0.0,0.7272727272727273,0.39999999999999997,0.2727272727272727,"{""batch_size"": 32, ""dropout"": 0.4233589392465845, ""lr"": 0.0007896186801026692, ""weight_decay"": 4.809461967501575e-06}",C:\Users\IHCK\Desktop\17-9-2569\Hippocampal-Shape-Analysis-for-Epilepsy-Detection\Model\optuna_runs_10fold_all\final\coef_raw\All_coef_Ds004469\right\SqueezeNet\seed_42
Optuna no-PLS coefficient,coef_raw,All_coef_Ds004469,right,SqueezeNet,123,10,0.5432900432900433,0.8333333333333334,0.45454545454545453,0.0,0.9090909090909091,0.45454545454545453,0.36363636363636365,"{""batch_size"": 32, ""dropout"": 0.4233589392465845, ""lr"": 0.0007896186801026692, ""weight_decay"": 4.809461967501575e-06}",C:\Users\IHCK\Desktop\17-9-2569\Hippocampal-Shape-Analysis-for-Epilepsy-Detection\Model\optuna_runs_10fold_all\final\coef_raw\All_coef_Ds004469\right\SqueezeNet\seed_123
Optuna no-PLS coefficient,coef_raw,All_coef_Ds004469,right,SqueezeNet,2026,10,0.5432900432900433,0.5833333333333334,0.3181818181818182,0.0,0.6363636363636364,0.3684210526315789,0.36363636363636365,"{""batch_size"": 32, ""dropout"": 0.4233589392465845, ""lr"": 0.0007896186801026692, ""weight_decay"": 4.809461967501575e-06}",C:\Users\IHCK\Desktop\17-9-2569\Hippocampal-Shape-Analysis-for-Epilepsy-Detection\Model\optuna_runs_10fold_all\final\coef_raw\All_coef_Ds004469\right\SqueezeNet\seed_2026
Optuna no-PLS coefficient,coef_raw,All_coef_Ds005602,left,SVM,42,10,0.8832611832611832,0.873015873015873,0.8673684210526316,0.84,0.8947368421052632,0.8673684210526316,0.9189473684210526,"{""C"": 29.154431891537552, ""gamma_mode"": ""scale""}",C:\Users\IHCK\Desktop\17-9-2569\Hippocampal-Shape-Analysis-for-Epilepsy-Detection\Model\optuna_runs_10fold_all\final\coef_raw\All_coef_Ds005602\left\SVM\seed_42
Optuna no-PLS coefficient,coef_raw,All_coef_Ds005602,left,SVM,123,10,0.8832611832611832,0.873015873015873,0.8673684210526316,0.84,0.8947368421052632,0.8673684210526316,0.92,"{""C"": 29.154431891537552, ""gamma_mode"": ""scale""}",C:\Users\IHCK\Desktop\17-9-2569\Hippocampal-Shape-Analysis-for-Epilepsy-Detection\Model\optuna_runs_10fold_all\final\coef_raw\All_coef_Ds005602\left\SVM\seed_123
Optuna no-PLS coefficient,coef_raw,All_coef_Ds005602,left,SVM,2026,10,0.8832611832611832,0.8412698412698413,0.8342105263157895,0.8,0.868421052631579,0.8342105263157895,0.92,"{""C"": 29.154431891537552, ""gamma_mode"": ""scale""}",C:\Users\IHCK\Desktop\17-9-2569\Hippocampal-Shape-Analysis-for-Epilepsy-Detection\Model\optuna_runs_10fold_all\final\coef_raw\All_coef_Ds005602\left\SVM\seed_2026
Optuna no-PLS coefficient,coef_raw,All_coef_Ds005602,left,MLP,42,10,0.9041125541125541,0.8571428571428571,0.8542105263157895,0.84,0.868421052631579,0.851764705882353,0.9084210526315789,"{""batch_size"": 32, ""dropout"": 0.3099025726528951, ""lr"": 0.0016967533607196547, ""weight_decay"": 7.068974950624607e-06}",C:\Users\IHCK\Desktop\17-9-2569\Hippocampal-Shape-Analysis-for-Epilepsy-Detection\Model\optuna_runs_10fold_all\final\coef_raw\All_coef_Ds005602\left\MLP\seed_42
Optuna no-PLS coefficient,coef_raw,All_coef_Ds005602,left,MLP,123,10,0.9041125541125541,0.8412698412698413,0.8410526315789473,0.84,0.8421052631578947,0.8362785862785863,0.9147368421052632,"{""batch_size"": 32, ""dropout"": 0.3099025726528951, ""lr"": 0.0016967533607196547, ""weight_decay"": 7.068974950624607e-06}",C:\Users\IHCK\Desktop\17-9-2569\Hippocampal-Shape-Analysis-for-Epilepsy-Detection\Model\optuna_runs_10fold_all\final\coef_raw\All_coef_Ds005602\left\MLP\seed_123
Optuna no-PLS coefficient,coef_raw,All_coef_Ds005602,left,MLP,2026,10,0.9041125541125541,0.8253968253968254,0.8210526315789474,0.8,0.8421052631578947,0.8188235294117647,0.9042105263157895,"{""batch_size"": 32, ""dropout"": 0.3099025726528951, ""lr"": 0.0016967533607196547, ""weight_decay"": 7.068974950624607e-06}",C:\Users\IHCK\Desktop\17-9-2569\Hippocampal-Shape-Analysis-for-Epilepsy-Detection\Model\optuna_runs_10fold_all\final\coef_raw\All_coef_Ds005602\left\MLP\seed_2026
Optuna no-PLS coefficient,coef_raw,All_coef_Ds005602,left,ResNet,42,10,0.6716450216450216,0.6349206349206349,0.5742105263157895,0.28,0.868421052631579,0.5599757060431217,0.6894736842105263,"{""batch_size"": 32, ""dropout"": 0.1185801650879991, ""lr"": 0.000471705203762518, ""weight_decay"": 0.0013826232179369874}",C:\Users\IHCK\Desktop\17-9-2569\Hippocampal-Shape-Analysis-for-Epilepsy-Detection\Model\optuna_runs_10fold_all\final\coef_raw\All_coef_Ds005602\left\ResNet\seed_42
Optuna no-PLS coefficient,coef_raw,All_coef_Ds005602,left,ResNet,123,10,0.6716450216450216,0.6031746031746031,0.5342105263157895,0.2,0.868421052631579,0.5054945054945056,0.7,"{""batch_size"": 32, ""dropout"": 0.1185801650879991, ""lr"": 0.000471705203762518, ""weight_decay"": 0.0013826232179369874}",C:\Users\IHCK\Desktop\17-9-2569\Hippocampal-Shape-Analysis-for-Epilepsy-Detection\Model\optuna_runs_10fold_all\final\coef_raw\All_coef_Ds005602\left\ResNet\seed_123
Optuna no-PLS coefficient,coef_raw,All_coef_Ds005602,left,ResNet,2026,10,0.6716450216450216,0.6825396825396826,0.6205263157894737,0.32,0.9210526315789473,0.6111111111111112,0.6957894736842105,"{""batch_size"": 32, ""dropout"": 0.1185801650879991, ""lr"": 0.000471705203762518, ""weight_decay"": 0.0013826232179369874}",C:\Users\IHCK\Desktop\17-9-2569\Hippocampal-Shape-Analysis-for-Epilepsy-Detection\Model\optuna_runs_10fold_all\final\coef_raw\All_coef_Ds005602\left\ResNet\seed_2026
Optuna no-PLS coefficient,coef_raw,All_coef_Ds005602,left,ResNetAE,42,10,0.69992784992785,0.6825396825396826,0.6205263157894737,0.32,0.9210526315789473,0.6111111111111112,0.7494736842105263,"{""batch_size"": 32, ""dropout"": 0.1798695128633439, ""lr"": 0.000160712385120399, ""recon_weight"": 0.04666963767236924, ""weight_decay"": 1.4742753159914662e-05}",C:\Users\IHCK\Desktop\17-9-2569\Hippocampal-Shape-Analysis-for-Epilepsy-Detection\Model\optuna_runs_10fold_all\final\coef_raw\All_coef_Ds005602\left\ResNetAE\seed_42
Optuna no-PLS coefficient,coef_raw,All_coef_Ds005602,left,ResNetAE,123,10,0.69992784992785,0.6190476190476191,0.5542105263157895,0.24,0.868421052631579,0.5333333333333333,0.6894736842105263,"{""batch_size"": 32, ""dropout"": 0.1798695128633439, ""lr"": 0.000160712385120399, ""recon_weight"": 0.04666963767236924, ""weight_decay"": 1.4742753159914662e-05}",C:\Users\IHCK\Desktop\17-9-2569\Hippocampal-Shape-Analysis-for-Epilepsy-Detection\Model\optuna_runs_10fold_all\final\coef_raw\All_coef_Ds005602\left\ResNetAE\seed_123
Optuna no-PLS coefficient,coef_raw,All_coef_Ds005602,left,ResNetAE,2026,10,0.69992784992785,0.7142857142857143,0.6810526315789474,0.52,0.8421052631578947,0.6856984478935699,0.8347368421052631,"{""batch_size"": 32, ""dropout"": 0.1798695128633439, ""lr"": 0.000160712385120399, ""recon_weight"": 0.04666963767236924, ""weight_decay"": 1.4742753159914662e-05}",C:\Users\IHCK\Desktop\17-9-2569\Hippocampal-Shape-Analysis-for-Epilepsy-Detection\Model\optuna_runs_10fold_all\final\coef_raw\All_coef_Ds005602\left\ResNetAE\seed_2026
Optuna no-PLS coefficient,coef_raw,All_coef_Ds005602,left,MobileNet,42,10,0.7216450216450216,0.6031746031746031,0.5752631578947368,0.44,0.7105263157894737,0.5758147050902236,0.5789473684210527,"{""batch_size"": 8, ""dropout"": 0.16239780813448107, ""lr"": 0.0003574712922600243, ""weight_decay"": 0.006351221010640704}",C:\Users\IHCK\Desktop\17-9-2569\Hippocampal-Shape-Analysis-for-Epilepsy-Detection\Model\optuna_runs_10fold_all\final\coef_raw\All_coef_Ds005602\left\MobileNet\seed_42
Optuna no-PLS coefficient,coef_raw,All_coef_Ds005602,left,MobileNet,123,10,0.7216450216450216,0.6984126984126984,0.6747368421052632,0.56,0.7894736842105263,0.6776191758685699,0.74,"{""batch_size"": 8, ""dropout"": 0.16239780813448107, ""lr"": 0.0003574712922600243, ""weight_decay"": 0.006351221010640704}",C:\Users\IHCK\Desktop\17-9-2569\Hippocampal-Shape-Analysis-for-Epilepsy-Detection\Model\optuna_runs_10fold_all\final\coef_raw\All_coef_Ds005602\left\MobileNet\seed_123
Optuna no-PLS coefficient,coef_raw,All_coef_Ds005602,left,MobileNet,2026,10,0.7216450216450216,0.7301587301587301,0.7147368421052631,0.64,0.7894736842105263,0.7161410018552876,0.7652631578947368,"{""batch_size"": 8, ""dropout"": 0.16239780813448107, ""lr"": 0.0003574712922600243, ""weight_decay"": 0.006351221010640704}",C:\Users\IHCK\Desktop\17-9-2569\Hippocampal-Shape-Analysis-for-Epilepsy-Detection\Model\optuna_runs_10fold_all\final\coef_raw\All_coef_Ds005602\left\MobileNet\seed_2026
Optuna no-PLS coefficient,coef_raw,All_coef_Ds005602,left,SqueezeNet,42,10,0.5170995670995672,0.4603174603174603,0.4157894736842105,0.2,0.631578947368421,0.4063192904656319,0.40736842105263166,"{""batch_size"": 8, ""dropout"": 0.2465447373174767, ""lr"": 0.0004345454109729479, ""weight_decay"": 1.461896279370496e-05}",C:\Users\IHCK\Desktop\17-9-2569\Hippocampal-Shape-Analysis-for-Epilepsy-Detection\Model\optuna_runs_10fold_all\final\coef_raw\All_coef_Ds005602\left\SqueezeNet\seed_42
Optuna no-PLS coefficient,coef_raw,All_coef_Ds005602,left,SqueezeNet,123,10,0.5170995670995672,0.5396825396825397,0.5089473684210526,0.36,0.6578947368421053,0.5079450579046593,0.5705263157894737,"{""batch_size"": 8, ""dropout"": 0.2465447373174767, ""lr"": 0.0004345454109729479, ""weight_decay"": 1.461896279370496e-05}",C:\Users\IHCK\Desktop\17-9-2569\Hippocampal-Shape-Analysis-for-Epilepsy-Detection\Model\optuna_runs_10fold_all\final\coef_raw\All_coef_Ds005602\left\SqueezeNet\seed_123
Optuna no-PLS coefficient,coef_raw,All_coef_Ds005602,left,SqueezeNet,2026,10,0.5170995670995672,0.49206349206349204,0.4421052631578948,0.2,0.6842105263157895,0.4285714285714286,0.41578947368421054,"{""batch_size"": 8, ""dropout"": 0.2465447373174767, ""lr"": 0.0004345454109729479, ""weight_decay"": 1.461896279370496e-05}",C:\Users\IHCK\Desktop\17-9-2569\Hippocampal-Shape-Analysis-for-Epilepsy-Detection\Model\optuna_runs_10fold_all\final\coef_raw\All_coef_Ds005602\left\SqueezeNet\seed_2026
Optuna no-PLS coefficient,coef_raw,All_coef_Ds005602,right,SVM,42,10,0.8747032758347839,0.8571428571428571,0.8379186602870814,0.7894736842105263,0.8863636363636364,0.8328912466843501,0.9174641148325358,"{""C"": 75.7947995334801, ""gamma_mode"": ""auto""}",C:\Users\IHCK\Desktop\17-9-2569\Hippocampal-Shape-Analysis-for-Epilepsy-Detection\Model\optuna_runs_10fold_all\final\coef_raw\All_coef_Ds005602\right\SVM\seed_42
Optuna no-PLS coefficient,coef_raw,All_coef_Ds005602,right,SVM,123,10,0.8747032758347839,0.8571428571428571,0.8379186602870814,0.7894736842105263,0.8863636363636364,0.8328912466843501,0.9198564593301435,"{""C"": 75.7947995334801, ""gamma_mode"": ""auto""}",C:\Users\IHCK\Desktop\17-9-2569\Hippocampal-Shape-Analysis-for-Epilepsy-Detection\Model\optuna_runs_10fold_all\final\coef_raw\All_coef_Ds005602\right\SVM\seed_123
Optuna no-PLS coefficient,coef_raw,All_coef_Ds005602,right,SVM,2026,10,0.8747032758347839,0.8571428571428571,0.8379186602870814,0.7894736842105263,0.8863636363636364,0.8328912466843501,0.9162679425837319,"{""C"": 75.7947995334801, ""gamma_mode"": ""auto""}",C:\Users\IHCK\Desktop\17-9-2569\Hippocampal-Shape-Analysis-for-Epilepsy-Detection\Model\optuna_runs_10fold_all\final\coef_raw\All_coef_Ds005602\right\SVM\seed_2026
Optuna no-PLS coefficient,coef_raw,All_coef_Ds005602,right,MLP,42,10,0.8845940813419845,0.8253968253968254,0.8002392344497608,0.7368421052631579,0.8636363636363636,0.7957559681697612,0.90311004784689,"{""batch_size"": 8, ""dropout"": 0.4579309401710595, ""lr"": 0.000642033033629786, ""weight_decay"": 5.4880470007660465e-06}",C:\Users\IHCK\Desktop\17-9-2569\Hippocampal-Shape-Analysis-for-Epilepsy-Detection\Model\optuna_runs_10fold_all\final\coef_raw\All_coef_Ds005602\right\MLP\seed_42
Optuna no-PLS coefficient,coef_raw,All_coef_Ds005602,right,MLP,123,10,0.8845940813419845,0.8412698412698413,0.8265550239234449,0.7894736842105263,0.8636363636363636,0.8168604651162792,0.9270334928229664,"{""batch_size"": 8, ""dropout"": 0.4579309401710595, ""lr"": 0.000642033033629786, ""weight_decay"": 5.4880470007660465e-06}",C:\Users\IHCK\Desktop\17-9-2569\Hippocampal-Shape-Analysis-for-Epilepsy-Detection\Model\optuna_runs_10fold_all\final\coef_raw\All_coef_Ds005602\right\MLP\seed_123
Optuna no-PLS coefficient,coef_raw,All_coef_Ds005602,right,MLP,2026,10,0.8845940813419845,0.8571428571428571,0.8379186602870814,0.7894736842105263,0.8863636363636364,0.8328912466843501,0.9330143540669856,"{""batch_size"": 8, ""dropout"": 0.4579309401710595, ""lr"": 0.000642033033629786, ""weight_decay"": 5.4880470007660465e-06}",C:\Users\IHCK\Desktop\17-9-2569\Hippocampal-Shape-Analysis-for-Epilepsy-Detection\Model\optuna_runs_10fold_all\final\coef_raw\All_coef_Ds005602\right\MLP\seed_2026
Optuna no-PLS coefficient,coef_raw,All_coef_Ds005602,right,ResNet,42,10,0.691644247507517,0.7936507936507936,0.7027511961722488,0.47368421052631576,0.9318181818181818,0.7219015280135823,0.8624401913875598,"{""batch_size"": 8, ""dropout"": 0.29807076404450805, ""lr"": 0.00028180680291847244, ""weight_decay"": 2.4586032763280077e-06}",C:\Users\IHCK\Desktop\17-9-2569\Hippocampal-Shape-Analysis-for-Epilepsy-Detection\Model\optuna_runs_10fold_all\final\coef_raw\All_coef_Ds005602\right\ResNet\seed_42
Optuna no-PLS coefficient,coef_raw,All_coef_Ds005602,right,ResNet,123,10,0.691644247507517,0.7301587301587301,0.6273923444976076,0.3684210526315789,0.8863636363636364,0.6363327674023769,0.8349282296650717,"{""batch_size"": 8, ""dropout"": 0.29807076404450805, ""lr"": 0.00028180680291847244, ""weight_decay"": 2.4586032763280077e-06}",C:\Users\IHCK\Desktop\17-9-2569\Hippocampal-Shape-Analysis-for-Epilepsy-Detection\Model\optuna_runs_10fold_all\final\coef_raw\All_coef_Ds005602\right\ResNet\seed_123
Optuna no-PLS coefficient,coef_raw,All_coef_Ds005602,right,ResNet,2026,10,0.691644247507517,0.8571428571428571,0.7930622009569378,0.631578947368421,0.9545454545454546,0.81524926686217,0.9066985645933014,"{""batch_size"": 8, ""dropout"": 0.29807076404450805, ""lr"": 0.00028180680291847244, ""weight_decay"": 2.4586032763280077e-06}",C:\Users\IHCK\Desktop\17-9-2569\Hippocampal-Shape-Analysis-for-Epilepsy-Detection\Model\optuna_runs_10fold_all\final\coef_raw\All_coef_Ds005602\right\ResNet\seed_2026
Optuna no-PLS coefficient,coef_raw,All_coef_Ds005602,right,ResNetAE,42,10,0.6875296724165216,0.6825396825396826,0.5783492822966507,0.3157894736842105,0.8409090909090909,0.5811170212765957,0.6543062200956937,"{""batch_size"": 8, ""dropout"": 0.4795542149013333, ""lr"": 0.000750011895041699, ""recon_weight"": 0.18043311207136256, ""weight_decay"": 1.5339162591163623e-06}",C:\Users\IHCK\Desktop\17-9-2569\Hippocampal-Shape-Analysis-for-Epilepsy-Detection\Model\optuna_runs_10fold_all\final\coef_raw\All_coef_Ds005602\right\ResNetAE\seed_42
Optuna no-PLS coefficient,coef_raw,All_coef_Ds005602,right,ResNetAE,123,10,0.6875296724165216,0.746031746031746,0.6836124401913876,0.5263157894736842,0.8409090909090909,0.6888888888888889,0.7272727272727273,"{""batch_size"": 8, ""dropout"": 0.4795542149013333, ""lr"": 0.000750011895041699, ""recon_weight"": 0.18043311207136256, ""weight_decay"": 1.5339162591163623e-06}",C:\Users\IHCK\Desktop\17-9-2569\Hippocampal-Shape-Analysis-for-Epilepsy-Detection\Model\optuna_runs_10fold_all\final\coef_raw\All_coef_Ds005602\right\ResNetAE\seed_123
Optuna no-PLS coefficient,coef_raw,All_coef_Ds005602,right,ResNetAE,2026,10,0.6875296724165216,0.8412698412698413,0.8116028708133971,0.7368421052631579,0.8863636363636364,0.8116028708133971,0.8791866028708134,"{""batch_size"": 8, ""dropout"": 0.4795542149013333, ""lr"": 0.000750011895041699, ""recon_weight"": 0.18043311207136256, ""weight_decay"": 1.5339162591163623e-06}",C:\Users\IHCK\Desktop\17-9-2569\Hippocampal-Shape-Analysis-for-Epilepsy-Detection\Model\optuna_runs_10fold_all\final\coef_raw\All_coef_Ds005602\right\ResNetAE\seed_2026
Optuna no-PLS coefficient,coef_raw,All_coef_Ds005602,right,MobileNet,42,10,0.7649153347048583,0.7777777777777778,0.6913875598086124,0.47368421052631576,0.9090909090909091,0.7067819148936171,0.8732057416267942,"{""batch_size"": 8, ""dropout"": 0.2465447373174767, ""lr"": 0.0004345454109729479, ""weight_decay"": 1.461896279370496e-05}",C:\Users\IHCK\Desktop\17-9-2569\Hippocampal-Shape-Analysis-for-Epilepsy-Detection\Model\optuna_runs_10fold_all\final\coef_raw\All_coef_Ds005602\right\MobileNet\seed_42
Optuna no-PLS coefficient,coef_raw,All_coef_Ds005602,right,MobileNet,123,10,0.7649153347048583,0.746031746031746,0.6686602870813397,0.47368421052631576,0.8636363636363636,0.6777493606138107,0.7966507177033493,"{""batch_size"": 8, ""dropout"": 0.2465447373174767, ""lr"": 0.0004345454109729479, ""weight_decay"": 1.461896279370496e-05}",C:\Users\IHCK\Desktop\17-9-2569\Hippocampal-Shape-Analysis-for-Epilepsy-Detection\Model\optuna_runs_10fold_all\final\coef_raw\All_coef_Ds005602\right\MobileNet\seed_123
Optuna no-PLS coefficient,coef_raw,All_coef_Ds005602,right,MobileNet,2026,10,0.7649153347048583,0.7777777777777778,0.736244019138756,0.631578947368421,0.8409090909090909,0.736244019138756,0.8923444976076556,"{""batch_size"": 8, ""dropout"": 0.2465447373174767, ""lr"": 0.0004345454109729479, ""weight_decay"": 1.461896279370496e-05}",C:\Users\IHCK\Desktop\17-9-2569\Hippocampal-Shape-Analysis-for-Epilepsy-Detection\Model\optuna_runs_10fold_all\final\coef_raw\All_coef_Ds005602\right\MobileNet\seed_2026
Optuna no-PLS coefficient,coef_raw,All_coef_Ds005602,right,SqueezeNet,42,10,0.50858521918025,0.6031746031746031,0.4916267942583732,0.21052631578947367,0.7727272727272727,0.4868035190615836,0.44258373205741625,"{""batch_size"": 16, ""dropout"": 0.4879639408647978, ""lr"": 0.00012184186502221769, ""weight_decay"": 0.0029154431891537554}",C:\Users\IHCK\Desktop\17-9-2569\Hippocampal-Shape-Analysis-for-Epilepsy-Detection\Model\optuna_runs_10fold_all\final\coef_raw\All_coef_Ds005602\right\SqueezeNet\seed_42
Optuna no-PLS coefficient,coef_raw,All_coef_Ds005602,right,SqueezeNet,123,10,0.50858521918025,0.6031746031746031,0.506578947368421,0.2631578947368421,0.75,0.5054945054945055,0.4198564593301435,"{""batch_size"": 16, ""dropout"": 0.4879639408647978, ""lr"": 0.00012184186502221769, ""weight_decay"": 0.0029154431891537554}",C:\Users\IHCK\Desktop\17-9-2569\Hippocampal-Shape-Analysis-for-Epilepsy-Detection\Model\optuna_runs_10fold_all\final\coef_raw\All_coef_Ds005602\right\SqueezeNet\seed_123
Optuna no-PLS coefficient,coef_raw,All_coef_Ds005602,right,SqueezeNet,2026,10,0.50858521918025,0.6507936507936508,0.5107655502392344,0.15789473684210525,0.8636363636363636,0.49489795918367346,0.4377990430622009,"{""batch_size"": 16, ""dropout"": 0.4879639408647978, ""lr"": 0.00012184186502221769, ""weight_decay"": 0.0029154431891537554}",C:\Users\IHCK\Desktop\17-9-2569\Hippocampal-Shape-Analysis-for-Epilepsy-Detection\Model\optuna_runs_10fold_all\final\coef_raw\All_coef_Ds005602\right\SqueezeNet\seed_2026
Optuna fold-local PLS-DA coefficient,coef_plsda,All_coef,left,SVM,42,10,0.7930713901257522,0.7333333333333333,0.71875,0.6666666666666666,0.7708333333333334,0.7150455927051672,0.7777777777777777,"{""C"": 2.481040974867813, ""gamma_mode"": ""auto""}",C:\Users\IHCK\Desktop\17-9-2569\Hippocampal-Shape-Analysis-for-Epilepsy-Detection\Model\optuna_runs_10fold_all\final\coef_plsda\All_coef\left\SVM\seed_42
Optuna fold-local PLS-DA coefficient,coef_plsda,All_coef,left,SVM,123,10,0.7930713901257522,0.7866666666666666,0.7847222222222222,0.7777777777777778,0.7916666666666666,0.775112443778111,0.8179012345679011,"{""C"": 2.481040974867813, ""gamma_mode"": ""auto""}",C:\Users\IHCK\Desktop\17-9-2569\Hippocampal-Shape-Analysis-for-Epilepsy-Detection\Model\optuna_runs_10fold_all\final\coef_plsda\All_coef\left\SVM\seed_123
Optuna fold-local PLS-DA coefficient,coef_plsda,All_coef,left,SVM,2026,10,0.7930713901257522,0.76,0.755787037037037,0.7407407407407407,0.7708333333333334,0.7470014992503748,0.7839506172839507,"{""C"": 2.481040974867813, ""gamma_mode"": ""auto""}",C:\Users\IHCK\Desktop\17-9-2569\Hippocampal-Shape-Analysis-for-Epilepsy-Detection\Model\optuna_runs_10fold_all\final\coef_plsda\All_coef\left\SVM\seed_2026
Optuna fold-local PLS-DA coefficient,coef_plsda,All_coef,left,MLP,42,10,0.8657826491167979,0.7866666666666666,0.7766203703703703,0.7407407407407407,0.8125,0.7720364741641338,0.8209876543209876,"{""batch_size"": 8, ""dropout"": 0.29807076404450805, ""lr"": 0.00028180680291847244, ""weight_decay"": 2.4586032763280077e-06}",C:\Users\IHCK\Desktop\17-9-2569\Hippocampal-Shape-Analysis-for-Epilepsy-Detection\Model\optuna_runs_10fold_all\final\coef_plsda\All_coef\left\MLP\seed_42
Optuna fold-local PLS-DA coefficient,coef_plsda,All_coef,left,MLP,123,10,0.8657826491167979,0.8,0.787037037037037,0.7407407407407407,0.8333333333333334,0.784688995215311,0.8248456790123457,"{""batch_size"": 8, ""dropout"": 0.29807076404450805, ""lr"": 0.00028180680291847244, ""weight_decay"": 2.4586032763280077e-06}",C:\Users\IHCK\Desktop\17-9-2569\Hippocampal-Shape-Analysis-for-Epilepsy-Detection\Model\optuna_runs_10fold_all\final\coef_plsda\All_coef\left\MLP\seed_123
Optuna fold-local PLS-DA coefficient,coef_plsda,All_coef,left,MLP,2026,10,0.8657826491167979,0.7733333333333333,0.7743055555555556,0.7777777777777778,0.7708333333333334,0.7625256099832372,0.8325617283950618,"{""batch_size"": 8, ""dropout"": 0.29807076404450805, ""lr"": 0.00028180680291847244, ""weight_decay"": 2.4586032763280077e-06}",C:\Users\IHCK\Desktop\17-9-2569\Hippocampal-Shape-Analysis-for-Epilepsy-Detection\Model\optuna_runs_10fold_all\final\coef_plsda\All_coef\left\MLP\seed_2026
Optuna fold-local PLS-DA coefficient,coef_plsda,All_coef,left,ResNet,42,10,0.6541811420462886,0.6266666666666667,0.5706018518518519,0.37037037037037035,0.7708333333333334,0.5710784313725491,0.5509259259259259,"{""batch_size"": 16, ""dropout"": 0.23013213230530574, ""lr"": 0.0007641361869233315, ""weight_decay"": 0.0048696409415209}",C:\Users\IHCK\Desktop\17-9-2569\Hippocampal-Shape-Analysis-for-Epilepsy-Detection\Model\optuna_runs_10fold_all\final\coef_plsda\All_coef\left\ResNet\seed_42
Optuna fold-local PLS-DA coefficient,coef_plsda,All_coef,left,ResNet,123,10,0.6541811420462886,0.6133333333333333,0.5520833333333334,0.3333333333333333,0.7708333333333334,0.5507126626730015,0.5694444444444444,"{""batch_size"": 16, ""dropout"": 0.23013213230530574, ""lr"": 0.0007641361869233315, ""weight_decay"": 0.0048696409415209}",C:\Users\IHCK\Desktop\17-9-2569\Hippocampal-Shape-Analysis-for-Epilepsy-Detection\Model\optuna_runs_10fold_all\final\coef_plsda\All_coef\left\ResNet\seed_123
Optuna fold-local PLS-DA coefficient,coef_plsda,All_coef,left,ResNet,2026,10,0.6541811420462886,0.6533333333333333,0.5833333333333334,0.3333333333333333,0.8333333333333334,0.5819039451114922,0.6226851851851851,"{""batch_size"": 16, ""dropout"": 0.23013213230530574, ""lr"": 0.0007641361869233315, ""weight_decay"": 0.0048696409415209}",C:\Users\IHCK\Desktop\17-9-2569\Hippocampal-Shape-Analysis-for-Epilepsy-Detection\Model\optuna_runs_10fold_all\final\coef_plsda\All_coef\left\ResNet\seed_2026
Optuna fold-local PLS-DA coefficient,coef_plsda,All_coef,left,ResNetAE,42,10,0.6594167441405294,0.7333333333333333,0.6863425925925926,0.5185185185185185,0.8541666666666666,0.6936274509803921,0.7469135802469136,"{""batch_size"": 32, ""dropout"": 0.12982025747190834, ""lr"": 0.0003364867144187955, ""recon_weight"": 0.19229567074543377, ""weight_decay"": 1.329652145729951e-05}",C:\Users\IHCK\Desktop\17-9-2569\Hippocampal-Shape-Analysis-for-Epilepsy-Detection\Model\optuna_runs_10fold_all\final\coef_plsda\All_coef\left\ResNetAE\seed_42
Optuna fold-local PLS-DA coefficient,coef_plsda,All_coef,left,ResNetAE,123,10,0.6594167441405294,0.7066666666666667,0.6493055555555556,0.4444444444444444,0.8541666666666666,0.6551003344481605,0.7121913580246914,"{""batch_size"": 32, ""dropout"": 0.12982025747190834, ""lr"": 0.0003364867144187955, ""recon_weight"": 0.19229567074543377, ""weight_decay"": 1.329652145729951e-05}",C:\Users\IHCK\Desktop\17-9-2569\Hippocampal-Shape-Analysis-for-Epilepsy-Detection\Model\optuna_runs_10fold_all\final\coef_plsda\All_coef\left\ResNetAE\seed_123
Optuna fold-local PLS-DA coefficient,coef_plsda,All_coef,left,ResNetAE,2026,10,0.6594167441405294,0.72,0.6840277777777778,0.5555555555555556,0.8125,0.6880570409982175,0.7492283950617283,"{""batch_size"": 32, ""dropout"": 0.12982025747190834, ""lr"": 0.0003364867144187955, ""recon_weight"": 0.19229567074543377, ""weight_decay"": 1.329652145729951e-05}",C:\Users\IHCK\Desktop\17-9-2569\Hippocampal-Shape-Analysis-for-Epilepsy-Detection\Model\optuna_runs_10fold_all\final\coef_plsda\All_coef\left\ResNetAE\seed_2026
Optuna fold-local PLS-DA coefficient,coef_plsda,All_coef,left,MobileNet,42,10,0.6652150511327494,0.64,0.5648148148148149,0.2962962962962963,0.8333333333333334,0.5598782873288415,0.6558641975308642,"{""batch_size"": 32, ""dropout"": 0.3099025726528951, ""lr"": 0.0016967533607196547, ""weight_decay"": 7.068974950624607e-06}",C:\Users\IHCK\Desktop\17-9-2569\Hippocampal-Shape-Analysis-for-Epilepsy-Detection\Model\optuna_runs_10fold_all\final\coef_plsda\All_coef\left\MobileNet\seed_42
Optuna fold-local PLS-DA coefficient,coef_plsda,All_coef,left,MobileNet,123,10,0.6652150511327494,0.6666666666666666,0.6261574074074074,0.48148148148148145,0.7708333333333334,0.6286393345216874,0.7006172839506173,"{""batch_size"": 32, ""dropout"": 0.3099025726528951, ""lr"": 0.0016967533607196547, ""weight_decay"": 7.068974950624607e-06}",C:\Users\IHCK\Desktop\17-9-2569\Hippocampal-Shape-Analysis-for-Epilepsy-Detection\Model\optuna_runs_10fold_all\final\coef_plsda\All_coef\left\MobileNet\seed_123
Optuna fold-local PLS-DA coefficient,coef_plsda,All_coef,left,MobileNet,2026,10,0.6652150511327494,0.7066666666666667,0.681712962962963,0.5925925925925926,0.7708333333333334,0.6817129629629629,0.7260802469135802,"{""batch_size"": 32, ""dropout"": 0.3099025726528951, ""lr"": 0.0016967533607196547, ""weight_decay"": 7.068974950624607e-06}",C:\Users\IHCK\Desktop\17-9-2569\Hippocampal-Shape-Analysis-for-Epilepsy-Detection\Model\optuna_runs_10fold_all\final\coef_plsda\All_coef\left\MobileNet\seed_2026
Optuna fold-local PLS-DA coefficient,coef_plsda,All_coef,left,SqueezeNet,42,10,0.5523315555120615,0.6266666666666667,0.6111111111111112,0.5555555555555556,0.6666666666666666,0.6064467766116941,0.6882716049382716,"{""batch_size"": 8, ""dropout"": 0.2465447373174767, ""lr"": 0.0004345454109729479, ""weight_decay"": 1.461896279370496e-05}",C:\Users\IHCK\Desktop\17-9-2569\Hippocampal-Shape-Analysis-for-Epilepsy-Detection\Model\optuna_runs_10fold_all\final\coef_plsda\All_coef\left\SqueezeNet\seed_42
Optuna fold-local PLS-DA coefficient,coef_plsda,All_coef,left,SqueezeNet,123,10,0.5523315555120615,0.6533333333333333,0.5266203703703703,0.07407407407407407,0.9791666666666666,0.4583333333333333,0.6550925925925927,"{""batch_size"": 8, ""dropout"": 0.2465447373174767, ""lr"": 0.0004345454109729479, ""weight_decay"": 1.461896279370496e-05}",C:\Users\IHCK\Desktop\17-9-2569\Hippocampal-Shape-Analysis-for-Epilepsy-Detection\Model\optuna_runs_10fold_all\final\coef_plsda\All_coef\left\SqueezeNet\seed_123
Optuna fold-local PLS-DA coefficient,coef_plsda,All_coef,left,SqueezeNet,2026,10,0.5523315555120615,0.6666666666666666,0.5451388888888888,0.1111111111111111,0.9791666666666666,0.49173217674166436,0.6666666666666667,"{""batch_size"": 8, ""dropout"": 0.2465447373174767, ""lr"": 0.0004345454109729479, ""weight_decay"": 1.461896279370496e-05}",C:\Users\IHCK\Desktop\17-9-2569\Hippocampal-Shape-Analysis-for-Epilepsy-Detection\Model\optuna_runs_10fold_all\final\coef_plsda\All_coef\left\SqueezeNet\seed_2026
Optuna fold-local PLS-DA coefficient,coef_plsda,All_coef,right,SVM,42,10,0.8004434589800444,0.84,0.7795454545454545,0.65,0.9090909090909091,0.7885338345864661,0.8490909090909091,"{""C"": 29.154431891537552, ""gamma_mode"": ""scale""}",C:\Users\IHCK\Desktop\17-9-2569\Hippocampal-Shape-Analysis-for-Epilepsy-Detection\Model\optuna_runs_10fold_all\final\coef_plsda\All_coef\right\SVM\seed_42
Optuna fold-local PLS-DA coefficient,coef_plsda,All_coef,right,SVM,123,10,0.8004434589800444,0.8266666666666667,0.7704545454545455,0.65,0.8909090909090909,0.7747747747747749,0.8418181818181818,"{""C"": 29.154431891537552, ""gamma_mode"": ""scale""}",C:\Users\IHCK\Desktop\17-9-2569\Hippocampal-Shape-Analysis-for-Epilepsy-Detection\Model\optuna_runs_10fold_all\final\coef_plsda\All_coef\right\SVM\seed_123
Optuna fold-local PLS-DA coefficient,coef_plsda,All_coef,right,SVM,2026,10,0.8004434589800444,0.8133333333333334,0.7454545454545454,0.6,0.8909090909090909,0.7532894736842105,0.8427272727272728,"{""C"": 29.154431891537552, ""gamma_mode"": ""scale""}",C:\Users\IHCK\Desktop\17-9-2569\Hippocampal-Shape-Analysis-for-Epilepsy-Detection\Model\optuna_runs_10fold_all\final\coef_plsda\All_coef\right\SVM\seed_2026
Optuna fold-local PLS-DA coefficient,coef_plsda,All_coef,right,MLP,42,10,0.8431263858093127,0.8666666666666667,0.8136363636363636,0.7,0.9272727272727272,0.8237781954887217,0.8927272727272728,"{""batch_size"": 32, ""dropout"": 0.3099025726528951, ""lr"": 0.0016967533607196547, ""weight_decay"": 7.068974950624607e-06}",C:\Users\IHCK\Desktop\17-9-2569\Hippocampal-Shape-Analysis-for-Epilepsy-Detection\Model\optuna_runs_10fold_all\final\coef_plsda\All_coef\right\MLP\seed_42
Optuna fold-local PLS-DA coefficient,coef_plsda,All_coef,right,MLP,123,10,0.8431263858093127,0.88,0.8386363636363636,0.75,0.9272727272727272,0.844074844074844,0.8899999999999999,"{""batch_size"": 32, ""dropout"": 0.3099025726528951, ""lr"": 0.0016967533607196547, ""weight_decay"": 7.068974950624607e-06}",C:\Users\IHCK\Desktop\17-9-2569\Hippocampal-Shape-Analysis-for-Epilepsy-Detection\Model\optuna_runs_10fold_all\final\coef_plsda\All_coef\right\MLP\seed_123
Optuna fold-local PLS-DA coefficient,coef_plsda,All_coef,right,MLP,2026,10,0.8431263858093127,0.8666666666666667,0.8136363636363636,0.7,0.9272727272727272,0.8237781954887217,0.8799999999999999,"{""batch_size"": 32, ""dropout"": 0.3099025726528951, ""lr"": 0.0016967533607196547, ""weight_decay"": 7.068974950624607e-06}",C:\Users\IHCK\Desktop\17-9-2569\Hippocampal-Shape-Analysis-for-Epilepsy-Detection\Model\optuna_runs_10fold_all\final\coef_plsda\All_coef\right\MLP\seed_2026
Optuna fold-local PLS-DA coefficient,coef_plsda,All_coef,right,ResNet,42,10,0.676219512195122,0.7866666666666666,0.7272727272727273,0.6,0.8545454545454545,0.7272727272727273,0.8436363636363637,"{""batch_size"": 8, ""dropout"": 0.2465447373174767, ""lr"": 0.0004345454109729479, ""weight_decay"": 1.461896279370496e-05}",C:\Users\IHCK\Desktop\17-9-2569\Hippocampal-Shape-Analysis-for-Epilepsy-Detection\Model\optuna_runs_10fold_all\final\coef_plsda\All_coef\right\ResNet\seed_42
Optuna fold-local PLS-DA coefficient,coef_plsda,All_coef,right,ResNet,123,10,0.676219512195122,0.8133333333333334,0.7295454545454545,0.55,0.9090909090909091,0.7441520467836257,0.8318181818181818,"{""batch_size"": 8, ""dropout"": 0.2465447373174767, ""lr"": 0.0004345454109729479, ""weight_decay"": 1.461896279370496e-05}",C:\Users\IHCK\Desktop\17-9-2569\Hippocampal-Shape-Analysis-for-Epilepsy-Detection\Model\optuna_runs_10fold_all\final\coef_plsda\All_coef\right\ResNet\seed_123
Optuna fold-local PLS-DA coefficient,coef_plsda,All_coef,right,ResNet,2026,10,0.676219512195122,0.84,0.7795454545454545,0.65,0.9090909090909091,0.7885338345864661,0.8881818181818182,"{""batch_size"": 8, ""dropout"": 0.2465447373174767, ""lr"": 0.0004345454109729479, ""weight_decay"": 1.461896279370496e-05}",C:\Users\IHCK\Desktop\17-9-2569\Hippocampal-Shape-Analysis-for-Epilepsy-Detection\Model\optuna_runs_10fold_all\final\coef_plsda\All_coef\right\ResNet\seed_2026
Optuna fold-local PLS-DA coefficient,coef_plsda,All_coef,right,ResNetAE,42,10,0.6541019955654102,0.7466666666666667,0.6045454545454545,0.3,0.9090909090909091,0.6137164543236648,0.73,"{""batch_size"": 32, ""dropout"": 0.1798695128633439, ""lr"": 0.000160712385120399, ""recon_weight"": 0.04666963767236924, ""weight_decay"": 1.4742753159914662e-05}",C:\Users\IHCK\Desktop\17-9-2569\Hippocampal-Shape-Analysis-for-Epilepsy-Detection\Model\optuna_runs_10fold_all\final\coef_plsda\All_coef\right\ResNetAE\seed_42
Optuna fold-local PLS-DA coefficient,coef_plsda,All_coef,right,ResNetAE,123,10,0.6541019955654102,0.8,0.6727272727272727,0.4,0.9454545454545454,0.6950393060449986,0.7272727272727274,"{""batch_size"": 32, ""dropout"": 0.1798695128633439, ""lr"": 0.000160712385120399, ""recon_weight"": 0.04666963767236924, ""weight_decay"": 1.4742753159914662e-05}",C:\Users\IHCK\Desktop\17-9-2569\Hippocampal-Shape-Analysis-for-Epilepsy-Detection\Model\optuna_runs_10fold_all\final\coef_plsda\All_coef\right\ResNetAE\seed_123
Optuna fold-local PLS-DA coefficient,coef_plsda,All_coef,right,ResNetAE,2026,10,0.6541019955654102,0.84,0.7318181818181818,0.5,0.9636363636363636,0.7616525423728814,0.850909090909091,"{""batch_size"": 32, ""dropout"": 0.1798695128633439, ""lr"": 0.000160712385120399, ""recon_weight"": 0.04666963767236924, ""weight_decay"": 1.4742753159914662e-05}",C:\Users\IHCK\Desktop\17-9-2569\Hippocampal-Shape-Analysis-for-Epilepsy-Detection\Model\optuna_runs_10fold_all\final\coef_plsda\All_coef\right\ResNetAE\seed_2026
Optuna fold-local PLS-DA coefficient,coef_plsda,All_coef,right,MobileNet,42,10,0.6732261640798226,0.7333333333333333,0.5795454545454546,0.25,0.9090909090909091,0.5833333333333333,0.8236363636363637,"{""batch_size"": 8, ""dropout"": 0.4579309401710595, ""lr"": 0.000642033033629786, ""weight_decay"": 5.4880470007660465e-06}",C:\Users\IHCK\Desktop\17-9-2569\Hippocampal-Shape-Analysis-for-Epilepsy-Detection\Model\optuna_runs_10fold_all\final\coef_plsda\All_coef\right\MobileNet\seed_42
Optuna fold-local PLS-DA coefficient,coef_plsda,All_coef,right,MobileNet,123,10,0.6732261640798226,0.7733333333333333,0.6545454545454545,0.4,0.9090909090909091,0.6697746697746698,0.7936363636363636,"{""batch_size"": 8, ""dropout"": 0.4579309401710595, ""lr"": 0.000642033033629786, ""weight_decay"": 5.4880470007660465e-06}",C:\Users\IHCK\Desktop\17-9-2569\Hippocampal-Shape-Analysis-for-Epilepsy-Detection\Model\optuna_runs_10fold_all\final\coef_plsda\All_coef\right\MobileNet\seed_123
Optuna fold-local PLS-DA coefficient,coef_plsda,All_coef,right,MobileNet,2026,10,0.6732261640798226,0.8,0.7363636363636363,0.6,0.8727272727272727,0.7401247401247402,0.7790909090909092,"{""batch_size"": 8, ""dropout"": 0.4579309401710595, ""lr"": 0.000642033033629786, ""weight_decay"": 5.4880470007660465e-06}",C:\Users\IHCK\Desktop\17-9-2569\Hippocampal-Shape-Analysis-for-Epilepsy-Detection\Model\optuna_runs_10fold_all\final\coef_plsda\All_coef\right\MobileNet\seed_2026
Optuna fold-local PLS-DA coefficient,coef_plsda,All_coef,right,SqueezeNet,42,10,0.5,0.7333333333333333,0.5,0.0,1.0,0.423076923076923,0.6245454545454545,"{""batch_size"": 8, ""dropout"": 0.16239780813448107, ""lr"": 0.0003574712922600243, ""weight_decay"": 0.006351221010640704}",C:\Users\IHCK\Desktop\17-9-2569\Hippocampal-Shape-Analysis-for-Epilepsy-Detection\Model\optuna_runs_10fold_all\final\coef_plsda\All_coef\right\SqueezeNet\seed_42
Optuna fold-local PLS-DA coefficient,coef_plsda,All_coef,right,SqueezeNet,123,10,0.5,0.7333333333333333,0.5,0.0,1.0,0.423076923076923,0.5900000000000001,"{""batch_size"": 8, ""dropout"": 0.16239780813448107, ""lr"": 0.0003574712922600243, ""weight_decay"": 0.006351221010640704}",C:\Users\IHCK\Desktop\17-9-2569\Hippocampal-Shape-Analysis-for-Epilepsy-Detection\Model\optuna_runs_10fold_all\final\coef_plsda\All_coef\right\SqueezeNet\seed_123
Optuna fold-local PLS-DA coefficient,coef_plsda,All_coef,right,SqueezeNet,2026,10,0.5,0.7333333333333333,0.5,0.0,1.0,0.423076923076923,0.5927272727272728,"{""batch_size"": 8, ""dropout"": 0.16239780813448107, ""lr"": 0.0003574712922600243, ""weight_decay"": 0.006351221010640704}",C:\Users\IHCK\Desktop\17-9-2569\Hippocampal-Shape-Analysis-for-Epilepsy-Detection\Model\optuna_runs_10fold_all\final\coef_plsda\All_coef\right\SqueezeNet\seed_2026
Optuna fold-local PLS-DA coefficient,coef_plsda,All_coef_Ds004469,left,SVM,42,10,0.5373608903020668,0.8333333333333334,0.5,0.0,1.0,0.45454545454545453,0.75,"{""C"": 0.030771802712506867, ""gamma_mode"": ""auto""}",C:\Users\IHCK\Desktop\17-9-2569\Hippocampal-Shape-Analysis-for-Epilepsy-Detection\Model\optuna_runs_10fold_all\final\coef_plsda\All_coef_Ds004469\left\SVM\seed_42
Optuna fold-local PLS-DA coefficient,coef_plsda,All_coef_Ds004469,left,SVM,123,10,0.5373608903020668,0.16666666666666666,0.5,1.0,0.0,0.14285714285714285,0.5,"{""C"": 0.030771802712506867, ""gamma_mode"": ""auto""}",C:\Users\IHCK\Desktop\17-9-2569\Hippocampal-Shape-Analysis-for-Epilepsy-Detection\Model\optuna_runs_10fold_all\final\coef_plsda\All_coef_Ds004469\left\SVM\seed_123
Optuna fold-local PLS-DA coefficient,coef_plsda,All_coef_Ds004469,left,SVM,2026,10,0.5373608903020668,0.16666666666666666,0.5,1.0,0.0,0.14285714285714285,0.5,"{""C"": 0.030771802712506867, ""gamma_mode"": ""auto""}",C:\Users\IHCK\Desktop\17-9-2569\Hippocampal-Shape-Analysis-for-Epilepsy-Detection\Model\optuna_runs_10fold_all\final\coef_plsda\All_coef_Ds004469\left\SVM\seed_2026
Optuna fold-local PLS-DA coefficient,coef_plsda,All_coef_Ds004469,left,MLP,42,10,0.5500794912559619,0.75,0.45,0.0,0.9,0.4285714285714286,0.09999999999999998,"{""batch_size"": 8, ""dropout"": 0.29807076404450805, ""lr"": 0.00028180680291847244, ""weight_decay"": 2.4586032763280077e-06}",C:\Users\IHCK\Desktop\17-9-2569\Hippocampal-Shape-Analysis-for-Epilepsy-Detection\Model\optuna_runs_10fold_all\final\coef_plsda\All_coef_Ds004469\left\MLP\seed_42
Optuna fold-local PLS-DA coefficient,coef_plsda,All_coef_Ds004469,left,MLP,123,10,0.5500794912559619,0.5833333333333334,0.35,0.0,0.7,0.36842105263157887,0.2,"{""batch_size"": 8, ""dropout"": 0.29807076404450805, ""lr"": 0.00028180680291847244, ""weight_decay"": 2.4586032763280077e-06}",C:\Users\IHCK\Desktop\17-9-2569\Hippocampal-Shape-Analysis-for-Epilepsy-Detection\Model\optuna_runs_10fold_all\final\coef_plsda\All_coef_Ds004469\left\MLP\seed_123
Optuna fold-local PLS-DA coefficient,coef_plsda,All_coef_Ds004469,left,MLP,2026,10,0.5500794912559619,0.75,0.45,0.0,0.9,0.4285714285714286,0.04999999999999999,"{""batch_size"": 8, ""dropout"": 0.29807076404450805, ""lr"": 0.00028180680291847244, ""weight_decay"": 2.4586032763280077e-06}",C:\Users\IHCK\Desktop\17-9-2569\Hippocampal-Shape-Analysis-for-Epilepsy-Detection\Model\optuna_runs_10fold_all\final\coef_plsda\All_coef_Ds004469\left\MLP\seed_2026
Optuna fold-local PLS-DA coefficient,coef_plsda,All_coef_Ds004469,left,ResNet,42,10,0.5930047694753577,0.6666666666666666,0.4,0.0,0.8,0.4000000000000001,0.4,"{""batch_size"": 8, ""dropout"": 0.16239780813448107, ""lr"": 0.0003574712922600243, ""weight_decay"": 0.006351221010640704}",C:\Users\IHCK\Desktop\17-9-2569\Hippocampal-Shape-Analysis-for-Epilepsy-Detection\Model\optuna_runs_10fold_all\final\coef_plsda\All_coef_Ds004469\left\ResNet\seed_42
Optuna fold-local PLS-DA coefficient,coef_plsda,All_coef_Ds004469,left,ResNet,123,10,0.5930047694753577,0.5,0.3,0.0,0.6,0.33333333333333326,0.25,"{""batch_size"": 8, ""dropout"": 0.16239780813448107, ""lr"": 0.0003574712922600243, ""weight_decay"": 0.006351221010640704}",C:\Users\IHCK\Desktop\17-9-2569\Hippocampal-Shape-Analysis-for-Epilepsy-Detection\Model\optuna_runs_10fold_all\final\coef_plsda\All_coef_Ds004469\left\ResNet\seed_123
Optuna fold-local PLS-DA coefficient,coef_plsda,All_coef_Ds004469,left,ResNet,2026,10,0.5930047694753577,0.5,0.3,0.0,0.6,0.33333333333333326,0.2,"{""batch_size"": 8, ""dropout"": 0.16239780813448107, ""lr"": 0.0003574712922600243, ""weight_decay"": 0.006351221010640704}",C:\Users\IHCK\Desktop\17-9-2569\Hippocampal-Shape-Analysis-for-Epilepsy-Detection\Model\optuna_runs_10fold_all\final\coef_plsda\All_coef_Ds004469\left\ResNet\seed_2026
Optuna fold-local PLS-DA coefficient,coef_plsda,All_coef_Ds004469,left,ResNetAE,42,10,0.5882352941176471,0.6666666666666666,0.4,0.0,0.8,0.4000000000000001,0.5,"{""batch_size"": 8, ""dropout"": 0.4795542149013333, ""lr"": 0.000750011895041699, ""recon_weight"": 0.18043311207136256, ""weight_decay"": 1.5339162591163623e-06}",C:\Users\IHCK\Desktop\17-9-2569\Hippocampal-Shape-Analysis-for-Epilepsy-Detection\Model\optuna_runs_10fold_all\final\coef_plsda\All_coef_Ds004469\left\ResNetAE\seed_42
Optuna fold-local PLS-DA coefficient,coef_plsda,All_coef_Ds004469,left,ResNetAE,123,10,0.5882352941176471,0.75,0.45,0.0,0.9,0.4285714285714286,0.35,"{""batch_size"": 8, ""dropout"": 0.4795542149013333, ""lr"": 0.000750011895041699, ""recon_weight"": 0.18043311207136256, ""weight_decay"": 1.5339162591163623e-06}",C:\Users\IHCK\Desktop\17-9-2569\Hippocampal-Shape-Analysis-for-Epilepsy-Detection\Model\optuna_runs_10fold_all\final\coef_plsda\All_coef_Ds004469\left\ResNetAE\seed_123
Optuna fold-local PLS-DA coefficient,coef_plsda,All_coef_Ds004469,left,ResNetAE,2026,10,0.5882352941176471,0.5,0.3,0.0,0.6,0.33333333333333326,0.04999999999999999,"{""batch_size"": 8, ""dropout"": 0.4795542149013333, ""lr"": 0.000750011895041699, ""recon_weight"": 0.18043311207136256, ""weight_decay"": 1.5339162591163623e-06}",C:\Users\IHCK\Desktop\17-9-2569\Hippocampal-Shape-Analysis-for-Epilepsy-Detection\Model\optuna_runs_10fold_all\final\coef_plsda\All_coef_Ds004469\left\ResNetAE\seed_2026
Optuna fold-local PLS-DA coefficient,coef_plsda,All_coef_Ds004469,left,MobileNet,42,10,0.5588235294117647,0.5833333333333334,0.35,0.0,0.7,0.36842105263157887,0.14999999999999997,"{""batch_size"": 8, ""dropout"": 0.16239780813448107, ""lr"": 0.0003574712922600243, ""weight_decay"": 0.006351221010640704}",C:\Users\IHCK\Desktop\17-9-2569\Hippocampal-Shape-Analysis-for-Epilepsy-Detection\Model\optuna_runs_10fold_all\final\coef_plsda\All_coef_Ds004469\left\MobileNet\seed_42
Optuna fold-local PLS-DA coefficient,coef_plsda,All_coef_Ds004469,left,MobileNet,123,10,0.5588235294117647,0.8333333333333334,0.5,0.0,1.0,0.45454545454545453,0.04999999999999999,"{""batch_size"": 8, ""dropout"": 0.16239780813448107, ""lr"": 0.0003574712922600243, ""weight_decay"": 0.006351221010640704}",C:\Users\IHCK\Desktop\17-9-2569\Hippocampal-Shape-Analysis-for-Epilepsy-Detection\Model\optuna_runs_10fold_all\final\coef_plsda\All_coef_Ds004469\left\MobileNet\seed_123
Optuna fold-local PLS-DA coefficient,coef_plsda,All_coef_Ds004469,left,MobileNet,2026,10,0.5588235294117647,0.5833333333333334,0.35,0.0,0.7,0.36842105263157887,0.25,"{""batch_size"": 8, ""dropout"": 0.16239780813448107, ""lr"": 0.0003574712922600243, ""weight_decay"": 0.006351221010640704}",C:\Users\IHCK\Desktop\17-9-2569\Hippocampal-Shape-Analysis-for-Epilepsy-Detection\Model\optuna_runs_10fold_all\final\coef_plsda\All_coef_Ds004469\left\MobileNet\seed_2026
Optuna fold-local PLS-DA coefficient,coef_plsda,All_coef_Ds004469,left,SqueezeNet,42,10,0.5476947535771065,0.6666666666666666,0.4,0.0,0.8,0.4000000000000001,0.14999999999999997,"{""batch_size"": 32, ""dropout"": 0.3099025726528951, ""lr"": 0.0016967533607196547, ""weight_decay"": 7.068974950624607e-06}",C:\Users\IHCK\Desktop\17-9-2569\Hippocampal-Shape-Analysis-for-Epilepsy-Detection\Model\optuna_runs_10fold_all\final\coef_plsda\All_coef_Ds004469\left\SqueezeNet\seed_42
Optuna fold-local PLS-DA coefficient,coef_plsda,All_coef_Ds004469,left,SqueezeNet,123,10,0.5476947535771065,0.6666666666666666,0.4,0.0,0.8,0.4000000000000001,0.3,"{""batch_size"": 32, ""dropout"": 0.3099025726528951, ""lr"": 0.0016967533607196547, ""weight_decay"": 7.068974950624607e-06}",C:\Users\IHCK\Desktop\17-9-2569\Hippocampal-Shape-Analysis-for-Epilepsy-Detection\Model\optuna_runs_10fold_all\final\coef_plsda\All_coef_Ds004469\left\SqueezeNet\seed_123
Optuna fold-local PLS-DA coefficient,coef_plsda,All_coef_Ds004469,left,SqueezeNet,2026,10,0.5476947535771065,0.6666666666666666,0.4,0.0,0.8,0.4000000000000001,0.19999999999999996,"{""batch_size"": 32, ""dropout"": 0.3099025726528951, ""lr"": 0.0016967533607196547, ""weight_decay"": 7.068974950624607e-06}",C:\Users\IHCK\Desktop\17-9-2569\Hippocampal-Shape-Analysis-for-Epilepsy-Detection\Model\optuna_runs_10fold_all\final\coef_plsda\All_coef_Ds004469\left\SqueezeNet\seed_2026
Optuna fold-local PLS-DA coefficient,coef_plsda,All_coef_Ds004469,right,SVM,42,10,0.5,0.9166666666666666,0.5,0.0,1.0,0.4782608695652174,0.36363636363636365,"{""C"": 2.481040974867813, ""gamma_mode"": ""auto""}",C:\Users\IHCK\Desktop\17-9-2569\Hippocampal-Shape-Analysis-for-Epilepsy-Detection\Model\optuna_runs_10fold_all\final\coef_plsda\All_coef_Ds004469\right\SVM\seed_42
Optuna fold-local PLS-DA coefficient,coef_plsda,All_coef_Ds004469,right,SVM,123,10,0.5,0.9166666666666666,0.5,0.0,1.0,0.4782608695652174,0.4545454545454546,"{""C"": 2.481040974867813, ""gamma_mode"": ""auto""}",C:\Users\IHCK\Desktop\17-9-2569\Hippocampal-Shape-Analysis-for-Epilepsy-Detection\Model\optuna_runs_10fold_all\final\coef_plsda\All_coef_Ds004469\right\SVM\seed_123
Optuna fold-local PLS-DA coefficient,coef_plsda,All_coef_Ds004469,right,SVM,2026,10,0.5,0.9166666666666666,0.5,0.0,1.0,0.4782608695652174,0.2727272727272727,"{""C"": 2.481040974867813, ""gamma_mode"": ""auto""}",C:\Users\IHCK\Desktop\17-9-2569\Hippocampal-Shape-Analysis-for-Epilepsy-Detection\Model\optuna_runs_10fold_all\final\coef_plsda\All_coef_Ds004469\right\SVM\seed_2026
Optuna fold-local PLS-DA coefficient,coef_plsda,All_coef_Ds004469,right,MLP,42,10,0.6699134199134199,0.9166666666666666,0.5,0.0,1.0,0.4782608695652174,0.36363636363636365,"{""batch_size"": 8, ""dropout"": 0.16239780813448107, ""lr"": 0.0003574712922600243, ""weight_decay"": 0.006351221010640704}",C:\Users\IHCK\Desktop\17-9-2569\Hippocampal-Shape-Analysis-for-Epilepsy-Detection\Model\optuna_runs_10fold_all\final\coef_plsda\All_coef_Ds004469\right\MLP\seed_42
Optuna fold-local PLS-DA coefficient,coef_plsda,All_coef_Ds004469,right,MLP,123,10,0.6699134199134199,0.9166666666666666,0.5,0.0,1.0,0.4782608695652174,0.4545454545454546,"{""batch_size"": 8, ""dropout"": 0.16239780813448107, ""lr"": 0.0003574712922600243, ""weight_decay"": 0.006351221010640704}",C:\Users\IHCK\Desktop\17-9-2569\Hippocampal-Shape-Analysis-for-Epilepsy-Detection\Model\optuna_runs_10fold_all\final\coef_plsda\All_coef_Ds004469\right\MLP\seed_123
Optuna fold-local PLS-DA coefficient,coef_plsda,All_coef_Ds004469,right,MLP,2026,10,0.6699134199134199,0.9166666666666666,0.5,0.0,1.0,0.4782608695652174,0.36363636363636365,"{""batch_size"": 8, ""dropout"": 0.16239780813448107, ""lr"": 0.0003574712922600243, ""weight_decay"": 0.006351221010640704}",C:\Users\IHCK\Desktop\17-9-2569\Hippocampal-Shape-Analysis-for-Epilepsy-Detection\Model\optuna_runs_10fold_all\final\coef_plsda\All_coef_Ds004469\right\MLP\seed_2026
Optuna fold-local PLS-DA coefficient,coef_plsda,All_coef_Ds004469,right,ResNet,42,10,0.5454545454545454,0.6666666666666666,0.36363636363636365,0.0,0.7272727272727273,0.39999999999999997,0.18181818181818177,"{""batch_size"": 32, ""dropout"": 0.3099025726528951, ""lr"": 0.0016967533607196547, ""weight_decay"": 7.068974950624607e-06}",C:\Users\IHCK\Desktop\17-9-2569\Hippocampal-Shape-Analysis-for-Epilepsy-Detection\Model\optuna_runs_10fold_all\final\coef_plsda\All_coef_Ds004469\right\ResNet\seed_42
Optuna fold-local PLS-DA coefficient,coef_plsda,All_coef_Ds004469,right,ResNet,123,10,0.5454545454545454,0.75,0.4090909090909091,0.0,0.8181818181818182,0.4285714285714286,0.09090909090909094,"{""batch_size"": 32, ""dropout"": 0.3099025726528951, ""lr"": 0.0016967533607196547, ""weight_decay"": 7.068974950624607e-06}",C:\Users\IHCK\Desktop\17-9-2569\Hippocampal-Shape-Analysis-for-Epilepsy-Detection\Model\optuna_runs_10fold_all\final\coef_plsda\All_coef_Ds004469\right\ResNet\seed_123
Optuna fold-local PLS-DA coefficient,coef_plsda,All_coef_Ds004469,right,ResNet,2026,10,0.5454545454545454,0.6666666666666666,0.36363636363636365,0.0,0.7272727272727273,0.39999999999999997,0.0,"{""batch_size"": 32, ""dropout"": 0.3099025726528951, ""lr"": 0.0016967533607196547, ""weight_decay"": 7.068974950624607e-06}",C:\Users\IHCK\Desktop\17-9-2569\Hippocampal-Shape-Analysis-for-Epilepsy-Detection\Model\optuna_runs_10fold_all\final\coef_plsda\All_coef_Ds004469\right\ResNet\seed_2026
Optuna fold-local PLS-DA coefficient,coef_plsda,All_coef_Ds004469,right,ResNetAE,42,10,0.5454545454545454,0.9166666666666666,0.5,0.0,1.0,0.4782608695652174,0.2727272727272727,"{""batch_size"": 16, ""dropout"": 0.3391599915244341, ""lr"": 0.00018752209455786411, ""recon_weight"": 0.15826541904647565, ""weight_decay"": 0.00755681014127443}",C:\Users\IHCK\Desktop\17-9-2569\Hippocampal-Shape-Analysis-for-Epilepsy-Detection\Model\optuna_runs_10fold_all\final\coef_plsda\All_coef_Ds004469\right\ResNetAE\seed_42
Optuna fold-local PLS-DA coefficient,coef_plsda,All_coef_Ds004469,right,ResNetAE,123,10,0.5454545454545454,0.9166666666666666,0.5,0.0,1.0,0.4782608695652174,0.2727272727272727,"{""batch_size"": 16, ""dropout"": 0.3391599915244341, ""lr"": 0.00018752209455786411, ""recon_weight"": 0.15826541904647565, ""weight_decay"": 0.00755681014127443}",C:\Users\IHCK\Desktop\17-9-2569\Hippocampal-Shape-Analysis-for-Epilepsy-Detection\Model\optuna_runs_10fold_all\final\coef_plsda\All_coef_Ds004469\right\ResNetAE\seed_123
Optuna fold-local PLS-DA coefficient,coef_plsda,All_coef_Ds004469,right,ResNetAE,2026,10,0.5454545454545454,0.8333333333333334,0.45454545454545453,0.0,0.9090909090909091,0.45454545454545453,0.0,"{""batch_size"": 16, ""dropout"": 0.3391599915244341, ""lr"": 0.00018752209455786411, ""recon_weight"": 0.15826541904647565, ""weight_decay"": 0.00755681014127443}",C:\Users\IHCK\Desktop\17-9-2569\Hippocampal-Shape-Analysis-for-Epilepsy-Detection\Model\optuna_runs_10fold_all\final\coef_plsda\All_coef_Ds004469\right\ResNetAE\seed_2026
Optuna fold-local PLS-DA coefficient,coef_plsda,All_coef_Ds004469,right,MobileNet,42,10,0.5670995670995671,0.8333333333333334,0.45454545454545453,0.0,0.9090909090909091,0.45454545454545453,0.5454545454545454,"{""batch_size"": 16, ""dropout"": 0.3080272084711243, ""lr"": 0.00011240768803005555, ""weight_decay"": 0.004337920697490943}",C:\Users\IHCK\Desktop\17-9-2569\Hippocampal-Shape-Analysis-for-Epilepsy-Detection\Model\optuna_runs_10fold_all\final\coef_plsda\All_coef_Ds004469\right\MobileNet\seed_42
Optuna fold-local PLS-DA coefficient,coef_plsda,All_coef_Ds004469,right,MobileNet,123,10,0.5670995670995671,0.9166666666666666,0.5,0.0,1.0,0.4782608695652174,0.8181818181818181,"{""batch_size"": 16, ""dropout"": 0.3080272084711243, ""lr"": 0.00011240768803005555, ""weight_decay"": 0.004337920697490943}",C:\Users\IHCK\Desktop\17-9-2569\Hippocampal-Shape-Analysis-for-Epilepsy-Detection\Model\optuna_runs_10fold_all\final\coef_plsda\All_coef_Ds004469\right\MobileNet\seed_123
Optuna fold-local PLS-DA coefficient,coef_plsda,All_coef_Ds004469,right,MobileNet,2026,10,0.5670995670995671,0.9166666666666666,0.5,0.0,1.0,0.4782608695652174,0.18181818181818177,"{""batch_size"": 16, ""dropout"": 0.3080272084711243, ""lr"": 0.00011240768803005555, ""weight_decay"": 0.004337920697490943}",C:\Users\IHCK\Desktop\17-9-2569\Hippocampal-Shape-Analysis-for-Epilepsy-Detection\Model\optuna_runs_10fold_all\final\coef_plsda\All_coef_Ds004469\right\MobileNet\seed_2026
Optuna fold-local PLS-DA coefficient,coef_plsda,All_coef_Ds004469,right,SqueezeNet,42,10,0.5,0.75,0.4090909090909091,0.0,0.8181818181818182,0.4285714285714286,0.36363636363636365,"{""batch_size"": 8, ""dropout"": 0.2465447373174767, ""lr"": 0.0004345454109729479, ""weight_decay"": 1.461896279370496e-05}",C:\Users\IHCK\Desktop\17-9-2569\Hippocampal-Shape-Analysis-for-Epilepsy-Detection\Model\optuna_runs_10fold_all\final\coef_plsda\All_coef_Ds004469\right\SqueezeNet\seed_42
Optuna fold-local PLS-DA coefficient,coef_plsda,All_coef_Ds004469,right,SqueezeNet,123,10,0.5,0.9166666666666666,0.5,0.0,1.0,0.4782608695652174,0.36363636363636365,"{""batch_size"": 8, ""dropout"": 0.2465447373174767, ""lr"": 0.0004345454109729479, ""weight_decay"": 1.461896279370496e-05}",C:\Users\IHCK\Desktop\17-9-2569\Hippocampal-Shape-Analysis-for-Epilepsy-Detection\Model\optuna_runs_10fold_all\final\coef_plsda\All_coef_Ds004469\right\SqueezeNet\seed_123
Optuna fold-local PLS-DA coefficient,coef_plsda,All_coef_Ds004469,right,SqueezeNet,2026,10,0.5,0.75,0.4090909090909091,0.0,0.8181818181818182,0.4285714285714286,0.36363636363636365,"{""batch_size"": 8, ""dropout"": 0.2465447373174767, ""lr"": 0.0004345454109729479, ""weight_decay"": 1.461896279370496e-05}",C:\Users\IHCK\Desktop\17-9-2569\Hippocampal-Shape-Analysis-for-Epilepsy-Detection\Model\optuna_runs_10fold_all\final\coef_plsda\All_coef_Ds004469\right\SqueezeNet\seed_2026
Optuna fold-local PLS-DA coefficient,coef_plsda,All_coef_Ds005602,left,SVM,42,10,0.8508658008658009,0.8253968253968254,0.8278947368421052,0.84,0.8157894736842105,0.8208839493409149,0.9010526315789473,"{""C"": 75.7947995334801, ""gamma_mode"": ""auto""}",C:\Users\IHCK\Desktop\17-9-2569\Hippocampal-Shape-Analysis-for-Epilepsy-Detection\Model\optuna_runs_10fold_all\final\coef_plsda\All_coef_Ds005602\left\SVM\seed_42
Optuna fold-local PLS-DA coefficient,coef_plsda,All_coef_Ds005602,left,SVM,123,10,0.8508658008658009,0.8095238095238095,0.8078947368421052,0.8,0.8157894736842105,0.8035343035343034,0.9010526315789473,"{""C"": 75.7947995334801, ""gamma_mode"": ""auto""}",C:\Users\IHCK\Desktop\17-9-2569\Hippocampal-Shape-Analysis-for-Epilepsy-Detection\Model\optuna_runs_10fold_all\final\coef_plsda\All_coef_Ds005602\left\SVM\seed_123
Optuna fold-local PLS-DA coefficient,coef_plsda,All_coef_Ds005602,left,SVM,2026,10,0.8508658008658009,0.8095238095238095,0.8078947368421052,0.8,0.8157894736842105,0.8035343035343034,0.9010526315789473,"{""C"": 75.7947995334801, ""gamma_mode"": ""auto""}",C:\Users\IHCK\Desktop\17-9-2569\Hippocampal-Shape-Analysis-for-Epilepsy-Detection\Model\optuna_runs_10fold_all\final\coef_plsda\All_coef_Ds005602\left\SVM\seed_2026
Optuna fold-local PLS-DA coefficient,coef_plsda,All_coef_Ds005602,left,MLP,42,10,0.9073593073593074,0.8253968253968254,0.8142105263157895,0.76,0.868421052631579,0.8163265306122449,0.9094736842105263,"{""batch_size"": 16, ""dropout"": 0.23013213230530574, ""lr"": 0.0007641361869233315, ""weight_decay"": 0.0048696409415209}",C:\Users\IHCK\Desktop\17-9-2569\Hippocampal-Shape-Analysis-for-Epilepsy-Detection\Model\optuna_runs_10fold_all\final\coef_plsda\All_coef_Ds005602\left\MLP\seed_42
Optuna fold-local PLS-DA coefficient,coef_plsda,All_coef_Ds005602,left,MLP,123,10,0.9073593073593074,0.8253968253968254,0.8142105263157895,0.76,0.868421052631579,0.8163265306122449,0.9010526315789473,"{""batch_size"": 16, ""dropout"": 0.23013213230530574, ""lr"": 0.0007641361869233315, ""weight_decay"": 0.0048696409415209}",C:\Users\IHCK\Desktop\17-9-2569\Hippocampal-Shape-Analysis-for-Epilepsy-Detection\Model\optuna_runs_10fold_all\final\coef_plsda\All_coef_Ds005602\left\MLP\seed_123
Optuna fold-local PLS-DA coefficient,coef_plsda,All_coef_Ds005602,left,MLP,2026,10,0.9073593073593074,0.8253968253968254,0.8210526315789474,0.8,0.8421052631578947,0.8188235294117647,0.9010526315789473,"{""batch_size"": 16, ""dropout"": 0.23013213230530574, ""lr"": 0.0007641361869233315, ""weight_decay"": 0.0048696409415209}",C:\Users\IHCK\Desktop\17-9-2569\Hippocampal-Shape-Analysis-for-Epilepsy-Detection\Model\optuna_runs_10fold_all\final\coef_plsda\All_coef_Ds005602\left\MLP\seed_2026
Optuna fold-local PLS-DA coefficient,coef_plsda,All_coef_Ds005602,left,ResNet,42,10,0.673953823953824,0.6031746031746031,0.5547368421052632,0.32,0.7894736842105263,0.5480631276901003,0.6599999999999999,"{""batch_size"": 8, ""dropout"": 0.16239780813448107, ""lr"": 0.0003574712922600243, ""weight_decay"": 0.006351221010640704}",C:\Users\IHCK\Desktop\17-9-2569\Hippocampal-Shape-Analysis-for-Epilepsy-Detection\Model\optuna_runs_10fold_all\final\coef_plsda\All_coef_Ds005602\left\ResNet\seed_42
Optuna fold-local PLS-DA coefficient,coef_plsda,All_coef_Ds005602,left,ResNet,123,10,0.673953823953824,0.7142857142857143,0.6947368421052631,0.6,0.7894736842105263,0.6971153846153846,0.7547368421052632,"{""batch_size"": 8, ""dropout"": 0.16239780813448107, ""lr"": 0.0003574712922600243, ""weight_decay"": 0.006351221010640704}",C:\Users\IHCK\Desktop\17-9-2569\Hippocampal-Shape-Analysis-for-Epilepsy-Detection\Model\optuna_runs_10fold_all\final\coef_plsda\All_coef_Ds005602\left\ResNet\seed_123
Optuna fold-local PLS-DA coefficient,coef_plsda,All_coef_Ds005602,left,ResNet,2026,10,0.673953823953824,0.6825396825396826,0.6478947368421053,0.48,0.8157894736842105,0.6507760532150776,0.783157894736842,"{""batch_size"": 8, ""dropout"": 0.16239780813448107, ""lr"": 0.0003574712922600243, ""weight_decay"": 0.006351221010640704}",C:\Users\IHCK\Desktop\17-9-2569\Hippocampal-Shape-Analysis-for-Epilepsy-Detection\Model\optuna_runs_10fold_all\final\coef_plsda\All_coef_Ds005602\left\ResNet\seed_2026
Optuna fold-local PLS-DA coefficient,coef_plsda,All_coef_Ds005602,left,ResNetAE,42,10,0.685064935064935,0.6349206349206349,0.6015789473684211,0.44,0.7631578947368421,0.6024691358024692,0.6810526315789475,"{""batch_size"": 8, ""dropout"": 0.16239780813448107, ""lr"": 0.0003574712922600243, ""recon_weight"": 0.011900590783184251, ""weight_decay"": 0.006351221010640704}",C:\Users\IHCK\Desktop\17-9-2569\Hippocampal-Shape-Analysis-for-Epilepsy-Detection\Model\optuna_runs_10fold_all\final\coef_plsda\All_coef_Ds005602\left\ResNetAE\seed_42
Optuna fold-local PLS-DA coefficient,coef_plsda,All_coef_Ds005602,left,ResNetAE,123,10,0.685064935064935,0.6507936507936508,0.6147368421052631,0.44,0.7894736842105263,0.6158536585365854,0.7326315789473684,"{""batch_size"": 8, ""dropout"": 0.16239780813448107, ""lr"": 0.0003574712922600243, ""recon_weight"": 0.011900590783184251, ""weight_decay"": 0.006351221010640704}",C:\Users\IHCK\Desktop\17-9-2569\Hippocampal-Shape-Analysis-for-Epilepsy-Detection\Model\optuna_runs_10fold_all\final\coef_plsda\All_coef_Ds005602\left\ResNetAE\seed_123
Optuna fold-local PLS-DA coefficient,coef_plsda,All_coef_Ds005602,left,ResNetAE,2026,10,0.685064935064935,0.6507936507936508,0.6078947368421053,0.4,0.8157894736842105,0.6071428571428572,0.7136842105263158,"{""batch_size"": 8, ""dropout"": 0.16239780813448107, ""lr"": 0.0003574712922600243, ""recon_weight"": 0.011900590783184251, ""weight_decay"": 0.006351221010640704}",C:\Users\IHCK\Desktop\17-9-2569\Hippocampal-Shape-Analysis-for-Epilepsy-Detection\Model\optuna_runs_10fold_all\final\coef_plsda\All_coef_Ds005602\left\ResNetAE\seed_2026
Optuna fold-local PLS-DA coefficient,coef_plsda,All_coef_Ds005602,left,MobileNet,42,10,0.6906204906204906,0.6507936507936508,0.6147368421052631,0.44,0.7894736842105263,0.6158536585365854,0.6610526315789473,"{""batch_size"": 8, ""dropout"": 0.16239780813448107, ""lr"": 0.0003574712922600243, ""weight_decay"": 0.006351221010640704}",C:\Users\IHCK\Desktop\17-9-2569\Hippocampal-Shape-Analysis-for-Epilepsy-Detection\Model\optuna_runs_10fold_all\final\coef_plsda\All_coef_Ds005602\left\MobileNet\seed_42
Optuna fold-local PLS-DA coefficient,coef_plsda,All_coef_Ds005602,left,MobileNet,123,10,0.6906204906204906,0.6984126984126984,0.6405263157894736,0.36,0.9210526315789473,0.6365016702095354,0.7326315789473683,"{""batch_size"": 8, ""dropout"": 0.16239780813448107, ""lr"": 0.0003574712922600243, ""weight_decay"": 0.006351221010640704}",C:\Users\IHCK\Desktop\17-9-2569\Hippocampal-Shape-Analysis-for-Epilepsy-Detection\Model\optuna_runs_10fold_all\final\coef_plsda\All_coef_Ds005602\left\MobileNet\seed_123
Optuna fold-local PLS-DA coefficient,coef_plsda,All_coef_Ds005602,left,MobileNet,2026,10,0.6906204906204906,0.7142857142857143,0.7015789473684211,0.64,0.7631578947368421,0.7015789473684211,0.7578947368421053,"{""batch_size"": 8, ""dropout"": 0.16239780813448107, ""lr"": 0.0003574712922600243, ""weight_decay"": 0.006351221010640704}",C:\Users\IHCK\Desktop\17-9-2569\Hippocampal-Shape-Analysis-for-Epilepsy-Detection\Model\optuna_runs_10fold_all\final\coef_plsda\All_coef_Ds005602\left\MobileNet\seed_2026
Optuna fold-local PLS-DA coefficient,coef_plsda,All_coef_Ds005602,left,SqueezeNet,42,10,0.537950937950938,0.6666666666666666,0.6142105263157895,0.36,0.868421052631579,0.6100795755968169,0.648421052631579,"{""batch_size"": 8, ""dropout"": 0.2465447373174767, ""lr"": 0.0004345454109729479, ""weight_decay"": 1.461896279370496e-05}",C:\Users\IHCK\Desktop\17-9-2569\Hippocampal-Shape-Analysis-for-Epilepsy-Detection\Model\optuna_runs_10fold_all\final\coef_plsda\All_coef_Ds005602\left\SqueezeNet\seed_42
Optuna fold-local PLS-DA coefficient,coef_plsda,All_coef_Ds005602,left,SqueezeNet,123,10,0.537950937950938,0.6349206349206349,0.54,0.08,1.0,0.45791245791245794,0.6947368421052632,"{""batch_size"": 8, ""dropout"": 0.2465447373174767, ""lr"": 0.0004345454109729479, ""weight_decay"": 1.461896279370496e-05}",C:\Users\IHCK\Desktop\17-9-2569\Hippocampal-Shape-Analysis-for-Epilepsy-Detection\Model\optuna_runs_10fold_all\final\coef_plsda\All_coef_Ds005602\left\SqueezeNet\seed_123
Optuna fold-local PLS-DA coefficient,coef_plsda,All_coef_Ds005602,left,SqueezeNet,2026,10,0.537950937950938,0.6349206349206349,0.5673684210526315,0.24,0.8947368421052632,0.5450549450549451,0.6621052631578949,"{""batch_size"": 8, ""dropout"": 0.2465447373174767, ""lr"": 0.0004345454109729479, ""weight_decay"": 1.461896279370496e-05}",C:\Users\IHCK\Desktop\17-9-2569\Hippocampal-Shape-Analysis-for-Epilepsy-Detection\Model\optuna_runs_10fold_all\final\coef_plsda\All_coef_Ds005602\left\SqueezeNet\seed_2026
Optuna fold-local PLS-DA coefficient,coef_plsda,All_coef_Ds005602,right,SVM,42,10,0.8578097800284855,0.8095238095238095,0.7888755980861244,0.7368421052631579,0.8409090909090909,0.7802325581395348,0.888755980861244,"{""C"": 75.7947995334801, ""gamma_mode"": ""auto""}",C:\Users\IHCK\Desktop\17-9-2569\Hippocampal-Shape-Analysis-for-Epilepsy-Detection\Model\optuna_runs_10fold_all\final\coef_plsda\All_coef_Ds005602\right\SVM\seed_42
Optuna fold-local PLS-DA coefficient,coef_plsda,All_coef_Ds005602,right,SVM,123,10,0.8578097800284855,0.7936507936507936,0.777511961722488,0.7368421052631579,0.8181818181818182,0.7649928263988522,0.8863636363636365,"{""C"": 75.7947995334801, ""gamma_mode"": ""auto""}",C:\Users\IHCK\Desktop\17-9-2569\Hippocampal-Shape-Analysis-for-Epilepsy-Detection\Model\optuna_runs_10fold_all\final\coef_plsda\All_coef_Ds005602\right\SVM\seed_123
Optuna fold-local PLS-DA coefficient,coef_plsda,All_coef_Ds005602,right,SVM,2026,10,0.8578097800284855,0.8095238095238095,0.7888755980861244,0.7368421052631579,0.8409090909090909,0.7802325581395348,0.8911483253588517,"{""C"": 75.7947995334801, ""gamma_mode"": ""auto""}",C:\Users\IHCK\Desktop\17-9-2569\Hippocampal-Shape-Analysis-for-Epilepsy-Detection\Model\optuna_runs_10fold_all\final\coef_plsda\All_coef_Ds005602\right\SVM\seed_2026
Optuna fold-local PLS-DA coefficient,coef_plsda,All_coef_Ds005602,right,MLP,42,10,0.9014480139262542,0.7936507936507936,0.777511961722488,0.7368421052631579,0.8181818181818182,0.7649928263988522,0.9150717703349283,"{""batch_size"": 8, ""dropout"": 0.4579309401710595, ""lr"": 0.000642033033629786, ""weight_decay"": 5.4880470007660465e-06}",C:\Users\IHCK\Desktop\17-9-2569\Hippocampal-Shape-Analysis-for-Epilepsy-Detection\Model\optuna_runs_10fold_all\final\coef_plsda\All_coef_Ds005602\right\MLP\seed_42
Optuna fold-local PLS-DA coefficient,coef_plsda,All_coef_Ds005602,right,MLP,123,10,0.9014480139262542,0.8253968253968254,0.8151913875598087,0.7894736842105263,0.8409090909090909,0.8011477761836442,0.9258373205741628,"{""batch_size"": 8, ""dropout"": 0.4579309401710595, ""lr"": 0.000642033033629786, ""weight_decay"": 5.4880470007660465e-06}",C:\Users\IHCK\Desktop\17-9-2569\Hippocampal-Shape-Analysis-for-Epilepsy-Detection\Model\optuna_runs_10fold_all\final\coef_plsda\All_coef_Ds005602\right\MLP\seed_123
Optuna fold-local PLS-DA coefficient,coef_plsda,All_coef_Ds005602,right,MLP,2026,10,0.9014480139262542,0.8571428571428571,0.8379186602870814,0.7894736842105263,0.8863636363636364,0.8328912466843501,0.9282296650717703,"{""batch_size"": 8, ""dropout"": 0.4579309401710595, ""lr"": 0.000642033033629786, ""weight_decay"": 5.4880470007660465e-06}",C:\Users\IHCK\Desktop\17-9-2569\Hippocampal-Shape-Analysis-for-Epilepsy-Detection\Model\optuna_runs_10fold_all\final\coef_plsda\All_coef_Ds005602\right\MLP\seed_2026
Optuna fold-local PLS-DA coefficient,coef_plsda,All_coef_Ds005602,right,ResNet,42,10,0.69583794904257,0.8095238095238095,0.7589712918660287,0.631578947368421,0.8863636363636364,0.7666666666666666,0.8672248803827751,"{""batch_size"": 8, ""dropout"": 0.2465447373174767, ""lr"": 0.0004345454109729479, ""weight_decay"": 1.461896279370496e-05}",C:\Users\IHCK\Desktop\17-9-2569\Hippocampal-Shape-Analysis-for-Epilepsy-Detection\Model\optuna_runs_10fold_all\final\coef_plsda\All_coef_Ds005602\right\ResNet\seed_42
Optuna fold-local PLS-DA coefficient,coef_plsda,All_coef_Ds005602,right,ResNet,123,10,0.69583794904257,0.7936507936507936,0.7177033492822966,0.5263157894736842,0.9090909090909091,0.7331378299120235,0.8767942583732057,"{""batch_size"": 8, ""dropout"": 0.2465447373174767, ""lr"": 0.0004345454109729479, ""weight_decay"": 1.461896279370496e-05}",C:\Users\IHCK\Desktop\17-9-2569\Hippocampal-Shape-Analysis-for-Epilepsy-Detection\Model\optuna_runs_10fold_all\final\coef_plsda\All_coef_Ds005602\right\ResNet\seed_123
Optuna fold-local PLS-DA coefficient,coef_plsda,All_coef_Ds005602,right,ResNet,2026,10,0.69583794904257,0.7936507936507936,0.687799043062201,0.42105263157894735,0.9545454545454546,0.7088517596871667,0.8301435406698564,"{""batch_size"": 8, ""dropout"": 0.2465447373174767, ""lr"": 0.0004345454109729479, ""weight_decay"": 1.461896279370496e-05}",C:\Users\IHCK\Desktop\17-9-2569\Hippocampal-Shape-Analysis-for-Epilepsy-Detection\Model\optuna_runs_10fold_all\final\coef_plsda\All_coef_Ds005602\right\ResNet\seed_2026
Optuna fold-local PLS-DA coefficient,coef_plsda,All_coef_Ds005602,right,ResNetAE,42,10,0.7254312391201139,0.8095238095238095,0.7888755980861244,0.7368421052631579,0.8409090909090909,0.7802325581395348,0.8421052631578947,"{""batch_size"": 8, ""dropout"": 0.4795542149013333, ""lr"": 0.000750011895041699, ""recon_weight"": 0.18043311207136256, ""weight_decay"": 1.5339162591163623e-06}",C:\Users\IHCK\Desktop\17-9-2569\Hippocampal-Shape-Analysis-for-Epilepsy-Detection\Model\optuna_runs_10fold_all\final\coef_plsda\All_coef_Ds005602\right\ResNetAE\seed_42
Optuna fold-local PLS-DA coefficient,coef_plsda,All_coef_Ds005602,right,ResNetAE,123,10,0.7254312391201139,0.7777777777777778,0.7212918660287082,0.5789473684210527,0.8636363636363636,0.7277777777777779,0.805023923444976,"{""batch_size"": 8, ""dropout"": 0.4795542149013333, ""lr"": 0.000750011895041699, ""recon_weight"": 0.18043311207136256, ""weight_decay"": 1.5339162591163623e-06}",C:\Users\IHCK\Desktop\17-9-2569\Hippocampal-Shape-Analysis-for-Epilepsy-Detection\Model\optuna_runs_10fold_all\final\coef_plsda\All_coef_Ds005602\right\ResNetAE\seed_123
Optuna fold-local PLS-DA coefficient,coef_plsda,All_coef_Ds005602,right,ResNetAE,2026,10,0.7254312391201139,0.6984126984126984,0.5897129186602871,0.3157894736842105,0.8636363636363636,0.5935483870967742,0.680622009569378,"{""batch_size"": 8, ""dropout"": 0.4795542149013333, ""lr"": 0.000750011895041699, ""recon_weight"": 0.18043311207136256, ""weight_decay"": 1.5339162591163623e-06}",C:\Users\IHCK\Desktop\17-9-2569\Hippocampal-Shape-Analysis-for-Epilepsy-Detection\Model\optuna_runs_10fold_all\final\coef_plsda\All_coef_Ds005602\right\ResNetAE\seed_2026
Optuna fold-local PLS-DA coefficient,coef_plsda,All_coef_Ds005602,right,MobileNet,42,10,0.753600253204621,0.7301587301587301,0.6572966507177034,0.47368421052631576,0.8409090909090909,0.6637362637362638,0.7811004784688995,"{""batch_size"": 16, ""dropout"": 0.23013213230530574, ""lr"": 0.0007641361869233315, ""weight_decay"": 0.0048696409415209}",C:\Users\IHCK\Desktop\17-9-2569\Hippocampal-Shape-Analysis-for-Epilepsy-Detection\Model\optuna_runs_10fold_all\final\coef_plsda\All_coef_Ds005602\right\MobileNet\seed_42
Optuna fold-local PLS-DA coefficient,coef_plsda,All_coef_Ds005602,right,MobileNet,123,10,0.753600253204621,0.6666666666666666,0.59688995215311,0.42105263157894735,0.7727272727272727,0.5982386881263286,0.7607655502392344,"{""batch_size"": 16, ""dropout"": 0.23013213230530574, ""lr"": 0.0007641361869233315, ""weight_decay"": 0.0048696409415209}",C:\Users\IHCK\Desktop\17-9-2569\Hippocampal-Shape-Analysis-for-Epilepsy-Detection\Model\optuna_runs_10fold_all\final\coef_plsda\All_coef_Ds005602\right\MobileNet\seed_123
Optuna fold-local PLS-DA coefficient,coef_plsda,All_coef_Ds005602,right,MobileNet,2026,10,0.753600253204621,0.7936507936507936,0.7177033492822966,0.5263157894736842,0.9090909090909091,0.7331378299120235,0.8038277511961722,"{""batch_size"": 16, ""dropout"": 0.23013213230530574, ""lr"": 0.0007641361869233315, ""weight_decay"": 0.0048696409415209}",C:\Users\IHCK\Desktop\17-9-2569\Hippocampal-Shape-Analysis-for-Epilepsy-Detection\Model\optuna_runs_10fold_all\final\coef_plsda\All_coef_Ds005602\right\MobileNet\seed_2026
Optuna fold-local PLS-DA coefficient,coef_plsda,All_coef_Ds005602,right,SqueezeNet,42,10,0.5015429656591233,0.6984126984126984,0.5,0.0,1.0,0.411214953271028,0.48325358851674644,"{""batch_size"": 32, ""dropout"": 0.4233589392465845, ""lr"": 0.0007896186801026692, ""weight_decay"": 4.809461967501575e-06}",C:\Users\IHCK\Desktop\17-9-2569\Hippocampal-Shape-Analysis-for-Epilepsy-Detection\Model\optuna_runs_10fold_all\final\coef_plsda\All_coef_Ds005602\right\SqueezeNet\seed_42
Optuna fold-local PLS-DA coefficient,coef_plsda,All_coef_Ds005602,right,SqueezeNet,123,10,0.5015429656591233,0.7142857142857143,0.5263157894736842,0.05263157894736842,1.0,0.4650943396226415,0.5011961722488039,"{""batch_size"": 32, ""dropout"": 0.4233589392465845, ""lr"": 0.0007896186801026692, ""weight_decay"": 4.809461967501575e-06}",C:\Users\IHCK\Desktop\17-9-2569\Hippocampal-Shape-Analysis-for-Epilepsy-Detection\Model\optuna_runs_10fold_all\final\coef_plsda\All_coef_Ds005602\right\SqueezeNet\seed_123
Optuna fold-local PLS-DA coefficient,coef_plsda,All_coef_Ds005602,right,SqueezeNet,2026,10,0.5015429656591233,0.6984126984126984,0.5,0.0,1.0,0.411214953271028,0.48803827751196177,"{""batch_size"": 32, ""dropout"": 0.4233589392465845, ""lr"": 0.0007896186801026692, ""weight_decay"": 4.809461967501575e-06}",C:\Users\IHCK\Desktop\17-9-2569\Hippocampal-Shape-Analysis-for-Epilepsy-Detection\Model\optuna_runs_10fold_all\final\coef_plsda\All_coef_Ds005602\right\SqueezeNet\seed_2026
Optuna raw XYZ PointNet,pointnet_raw,All_coef,left,PointNet,42,10,0.7975485638792386,0.6933333333333334,0.7280092592592593,0.8518518518518519,0.6041666666666666,0.691358024691358,0.8225308641975309,"{""batch_size"": 8, ""dropout"": 0.34758845505563507, ""lr"": 0.00028180680291847244, ""weight_decay"": 2.4586032763280077e-06}",C:\Users\IHCK\Desktop\17-9-2569\Hippocampal-Shape-Analysis-for-Epilepsy-Detection\Model\optuna_runs_10fold_all\final\pointnet_raw\All_coef\left\PointNet\seed_42
Optuna raw XYZ PointNet,pointnet_raw,All_coef,left,PointNet,123,10,0.7975485638792386,0.68,0.7013888888888888,0.7777777777777778,0.625,0.6753246753246753,0.7808641975308642,"{""batch_size"": 8, ""dropout"": 0.34758845505563507, ""lr"": 0.00028180680291847244, ""weight_decay"": 2.4586032763280077e-06}",C:\Users\IHCK\Desktop\17-9-2569\Hippocampal-Shape-Analysis-for-Epilepsy-Detection\Model\optuna_runs_10fold_all\final\pointnet_raw\All_coef\left\PointNet\seed_123
Optuna raw XYZ PointNet,pointnet_raw,All_coef,left,PointNet,2026,10,0.7975485638792386,0.8133333333333334,0.7407407407407407,0.48148148148148145,1.0,0.7613636363636364,0.8734567901234568,"{""batch_size"": 8, ""dropout"": 0.34758845505563507, ""lr"": 0.00028180680291847244, ""weight_decay"": 2.4586032763280077e-06}",C:\Users\IHCK\Desktop\17-9-2569\Hippocampal-Shape-Analysis-for-Epilepsy-Detection\Model\optuna_runs_10fold_all\final\pointnet_raw\All_coef\left\PointNet\seed_2026
Optuna raw XYZ PointNet,pointnet_raw,All_coef,right,PointNet,42,10,0.8242239467849224,0.8266666666666667,0.7545454545454545,0.6,0.9090909090909091,0.7668022004305189,0.8118181818181818,"{""batch_size"": 16, ""dropout"": 0.5849549260809972, ""lr"": 0.00012184186502221769, ""weight_decay"": 0.0029154431891537554}",C:\Users\IHCK\Desktop\17-9-2569\Hippocampal-Shape-Analysis-for-Epilepsy-Detection\Model\optuna_runs_10fold_all\final\pointnet_raw\All_coef\right\PointNet\seed_42
Optuna raw XYZ PointNet,pointnet_raw,All_coef,right,PointNet,123,10,0.8242239467849224,0.4266666666666667,0.5772727272727273,0.9,0.2545454545454545,0.4250311998573721,0.8027272727272728,"{""batch_size"": 16, ""dropout"": 0.5849549260809972, ""lr"": 0.00012184186502221769, ""weight_decay"": 0.0029154431891537554}",C:\Users\IHCK\Desktop\17-9-2569\Hippocampal-Shape-Analysis-for-Epilepsy-Detection\Model\optuna_runs_10fold_all\final\pointnet_raw\All_coef\right\PointNet\seed_123
Optuna raw XYZ PointNet,pointnet_raw,All_coef,right,PointNet,2026,10,0.8242239467849224,0.6933333333333334,0.7272727272727273,0.8,0.6545454545454545,0.6698564593301435,0.8036363636363637,"{""batch_size"": 16, ""dropout"": 0.5849549260809972, ""lr"": 0.00012184186502221769, ""weight_decay"": 0.0029154431891537554}",C:\Users\IHCK\Desktop\17-9-2569\Hippocampal-Shape-Analysis-for-Epilepsy-Detection\Model\optuna_runs_10fold_all\final\pointnet_raw\All_coef\right\PointNet\seed_2026
Optuna raw XYZ PointNet,pointnet_raw,All_coef_Ds004469,left,PointNet,42,10,0.6073131955484896,0.5,0.3,0.0,0.6,0.33333333333333326,0.09999999999999998,"{""batch_size"": 8, ""dropout"": 0.28318092164684583, ""lr"": 0.0004345454109729479, ""weight_decay"": 1.461896279370496e-05}",C:\Users\IHCK\Desktop\17-9-2569\Hippocampal-Shape-Analysis-for-Epilepsy-Detection\Model\optuna_runs_10fold_all\final\pointnet_raw\All_coef_Ds004469\left\PointNet\seed_42
Optuna raw XYZ PointNet,pointnet_raw,All_coef_Ds004469,left,PointNet,123,10,0.6073131955484896,0.8333333333333334,0.5,0.0,1.0,0.45454545454545453,0.5,"{""batch_size"": 8, ""dropout"": 0.28318092164684583, ""lr"": 0.0004345454109729479, ""weight_decay"": 1.461896279370496e-05}",C:\Users\IHCK\Desktop\17-9-2569\Hippocampal-Shape-Analysis-for-Epilepsy-Detection\Model\optuna_runs_10fold_all\final\pointnet_raw\All_coef_Ds004469\left\PointNet\seed_123
Optuna raw XYZ PointNet,pointnet_raw,All_coef_Ds004469,left,PointNet,2026,10,0.6073131955484896,0.8333333333333334,0.5,0.0,1.0,0.45454545454545453,0.09999999999999998,"{""batch_size"": 8, ""dropout"": 0.28318092164684583, ""lr"": 0.0004345454109729479, ""weight_decay"": 1.461896279370496e-05}",C:\Users\IHCK\Desktop\17-9-2569\Hippocampal-Shape-Analysis-for-Epilepsy-Detection\Model\optuna_runs_10fold_all\final\pointnet_raw\All_coef_Ds004469\left\PointNet\seed_2026
Optuna raw XYZ PointNet,pointnet_raw,All_coef_Ds004469,right,PointNet,42,10,0.8062770562770563,0.5,0.7272727272727273,1.0,0.45454545454545453,0.4375,0.7272727272727273,"{""batch_size"": 8, ""dropout"": 0.34758845505563507, ""lr"": 0.00028180680291847244, ""weight_decay"": 2.4586032763280077e-06}",C:\Users\IHCK\Desktop\17-9-2569\Hippocampal-Shape-Analysis-for-Epilepsy-Detection\Model\optuna_runs_10fold_all\final\pointnet_raw\All_coef_Ds004469\right\PointNet\seed_42
Optuna raw XYZ PointNet,pointnet_raw,All_coef_Ds004469,right,PointNet,123,10,0.8062770562770563,0.9166666666666666,0.5,0.0,1.0,0.4782608695652174,0.0,"{""batch_size"": 8, ""dropout"": 0.34758845505563507, ""lr"": 0.00028180680291847244, ""weight_decay"": 2.4586032763280077e-06}",C:\Users\IHCK\Desktop\17-9-2569\Hippocampal-Shape-Analysis-for-Epilepsy-Detection\Model\optuna_runs_10fold_all\final\pointnet_raw\All_coef_Ds004469\right\PointNet\seed_123
Optuna raw XYZ PointNet,pointnet_raw,All_coef_Ds004469,right,PointNet,2026,10,0.8062770562770563,0.8333333333333334,0.45454545454545453,0.0,0.9090909090909091,0.45454545454545453,0.0,"{""batch_size"": 8, ""dropout"": 0.34758845505563507, ""lr"": 0.00028180680291847244, ""weight_decay"": 2.4586032763280077e-06}",C:\Users\IHCK\Desktop\17-9-2569\Hippocampal-Shape-Analysis-for-Epilepsy-Detection\Model\optuna_runs_10fold_all\final\pointnet_raw\All_coef_Ds004469\right\PointNet\seed_2026
Optuna raw XYZ PointNet,pointnet_raw,All_coef_Ds005602,left,PointNet,42,10,0.861976911976912,0.8095238095238095,0.8215789473684211,0.88,0.7631578947368421,0.8071428571428572,0.9021052631578947,"{""batch_size"": 16, ""dropout"": 0.3600340105889054, ""lr"": 0.00011240768803005555, ""weight_decay"": 0.004337920697490943}",C:\Users\IHCK\Desktop\17-9-2569\Hippocampal-Shape-Analysis-for-Epilepsy-Detection\Model\optuna_runs_10fold_all\final\pointnet_raw\All_coef_Ds005602\left\PointNet\seed_42
Optuna raw XYZ PointNet,pointnet_raw,All_coef_Ds005602,left,PointNet,123,10,0.861976911976912,0.9047619047619048,0.8868421052631579,0.8,0.9736842105263158,0.8972826086956522,0.9326315789473684,"{""batch_size"": 16, ""dropout"": 0.3600340105889054, ""lr"": 0.00011240768803005555, ""weight_decay"": 0.004337920697490943}",C:\Users\IHCK\Desktop\17-9-2569\Hippocampal-Shape-Analysis-for-Epilepsy-Detection\Model\optuna_runs_10fold_all\final\pointnet_raw\All_coef_Ds005602\left\PointNet\seed_123
Optuna raw XYZ PointNet,pointnet_raw,All_coef_Ds005602,left,PointNet,2026,10,0.861976911976912,0.9206349206349206,0.9068421052631579,0.84,0.9736842105263158,0.9151629410180449,0.9578947368421052,"{""batch_size"": 16, ""dropout"": 0.3600340105889054, ""lr"": 0.00011240768803005555, ""weight_decay"": 0.004337920697490943}",C:\Users\IHCK\Desktop\17-9-2569\Hippocampal-Shape-Analysis-for-Epilepsy-Detection\Model\optuna_runs_10fold_all\final\pointnet_raw\All_coef_Ds005602\left\PointNet\seed_2026
Optuna raw XYZ PointNet,pointnet_raw,All_coef_Ds005602,right,PointNet,42,10,0.8831698053489476,0.8253968253968254,0.8151913875598087,0.7894736842105263,0.8409090909090909,0.8011477761836442,0.8875598086124402,"{""batch_size"": 16, ""dropout"": 0.5849549260809972, ""lr"": 0.00012184186502221769, ""weight_decay"": 0.0029154431891537554}",C:\Users\IHCK\Desktop\17-9-2569\Hippocampal-Shape-Analysis-for-Epilepsy-Detection\Model\optuna_runs_10fold_all\final\pointnet_raw\All_coef_Ds005602\right\PointNet\seed_42
Optuna raw XYZ PointNet,pointnet_raw,All_coef_Ds005602,right,PointNet,123,10,0.8831698053489476,0.7777777777777778,0.6913875598086124,0.47368421052631576,0.9090909090909091,0.7067819148936171,0.8516746411483254,"{""batch_size"": 16, ""dropout"": 0.5849549260809972, ""lr"": 0.00012184186502221769, ""weight_decay"": 0.0029154431891537554}",C:\Users\IHCK\Desktop\17-9-2569\Hippocampal-Shape-Analysis-for-Epilepsy-Detection\Model\optuna_runs_10fold_all\final\pointnet_raw\All_coef_Ds005602\right\PointNet\seed_123
Optuna raw XYZ PointNet,pointnet_raw,All_coef_Ds005602,right,PointNet,2026,10,0.8831698053489476,0.8253968253968254,0.8002392344497608,0.7368421052631579,0.8636363636363636,0.7957559681697612,0.8767942583732058,"{""batch_size"": 16, ""dropout"": 0.5849549260809972, ""lr"": 0.00012184186502221769, ""weight_decay"": 0.0029154431891537554}",C:\Users\IHCK\Desktop\17-9-2569\Hippocampal-Shape-Analysis-for-Epilepsy-Detection\Model\optuna_runs_10fold_all\final\pointnet_raw\All_coef_Ds005602\right\PointNet\seed_2026
Optuna fold-local PLS-DA PointNet,pointnet_plsda,All_coef,left,PointNet,42,10,0.7893281792826736,0.6133333333333333,0.6412037037037037,0.7407407407407407,0.5416666666666666,0.6108427267847558,0.7067901234567902,"{""batch_size"": 8, ""dropout"": 0.5474136752138244, ""lr"": 0.000642033033629786, ""weight_decay"": 5.4880470007660465e-06}",C:\Users\IHCK\Desktop\17-9-2569\Hippocampal-Shape-Analysis-for-Epilepsy-Detection\Model\optuna_runs_10fold_all\final\pointnet_plsda\All_coef\left\PointNet\seed_42
Optuna fold-local PLS-DA PointNet,pointnet_plsda,All_coef,left,PointNet,123,10,0.7893281792826736,0.8133333333333334,0.8055555555555556,0.7777777777777778,0.8333333333333334,0.800531914893617,0.8726851851851851,"{""batch_size"": 8, ""dropout"": 0.5474136752138244, ""lr"": 0.000642033033629786, ""weight_decay"": 5.4880470007660465e-06}",C:\Users\IHCK\Desktop\17-9-2569\Hippocampal-Shape-Analysis-for-Epilepsy-Detection\Model\optuna_runs_10fold_all\final\pointnet_plsda\All_coef\left\PointNet\seed_123
Optuna fold-local PLS-DA PointNet,pointnet_plsda,All_coef,left,PointNet,2026,10,0.7893281792826736,0.7866666666666666,0.7280092592592593,0.5185185185185185,0.9375,0.7427101200686106,0.8094135802469136,"{""batch_size"": 8, ""dropout"": 0.5474136752138244, ""lr"": 0.000642033033629786, ""weight_decay"": 5.4880470007660465e-06}",C:\Users\IHCK\Desktop\17-9-2569\Hippocampal-Shape-Analysis-for-Epilepsy-Detection\Model\optuna_runs_10fold_all\final\pointnet_plsda\All_coef\left\PointNet\seed_2026
Optuna fold-local PLS-DA PointNet,pointnet_plsda,All_coef,right,PointNet,42,10,0.8263858093126386,0.68,0.7022727272727273,0.75,0.6545454545454545,0.6527777777777777,0.7181818181818181,"{""batch_size"": 16, ""dropout"": 0.5849549260809972, ""lr"": 0.00012184186502221769, ""weight_decay"": 0.0029154431891537554}",C:\Users\IHCK\Desktop\17-9-2569\Hippocampal-Shape-Analysis-for-Epilepsy-Detection\Model\optuna_runs_10fold_all\final\pointnet_plsda\All_coef\right\PointNet\seed_42
Optuna fold-local PLS-DA PointNet,pointnet_plsda,All_coef,right,PointNet,123,10,0.8263858093126386,0.6,0.6954545454545454,0.9,0.4909090909090909,0.5941558441558441,0.78,"{""batch_size"": 16, ""dropout"": 0.5849549260809972, ""lr"": 0.00012184186502221769, ""weight_decay"": 0.0029154431891537554}",C:\Users\IHCK\Desktop\17-9-2569\Hippocampal-Shape-Analysis-for-Epilepsy-Detection\Model\optuna_runs_10fold_all\final\pointnet_plsda\All_coef\right\PointNet\seed_123
Optuna fold-local PLS-DA PointNet,pointnet_plsda,All_coef,right,PointNet,2026,10,0.8263858093126386,0.8266666666666667,0.7068181818181818,0.45,0.9636363636363636,0.7357007319056654,0.859090909090909,"{""batch_size"": 16, ""dropout"": 0.5849549260809972, ""lr"": 0.00012184186502221769, ""weight_decay"": 0.0029154431891537554}",C:\Users\IHCK\Desktop\17-9-2569\Hippocampal-Shape-Analysis-for-Epilepsy-Detection\Model\optuna_runs_10fold_all\final\pointnet_plsda\All_coef\right\PointNet\seed_2026
Optuna fold-local PLS-DA PointNet,pointnet_plsda,All_coef_Ds004469,left,PointNet,42,10,0.568362480127186,0.5833333333333334,0.35,0.0,0.7,0.36842105263157887,0.30000000000000004,"{""batch_size"": 8, ""dropout"": 0.28318092164684583, ""lr"": 0.0004345454109729479, ""weight_decay"": 1.461896279370496e-05}",C:\Users\IHCK\Desktop\17-9-2569\Hippocampal-Shape-Analysis-for-Epilepsy-Detection\Model\optuna_runs_10fold_all\final\pointnet_plsda\All_coef_Ds004469\left\PointNet\seed_42
Optuna fold-local PLS-DA PointNet,pointnet_plsda,All_coef_Ds004469,left,PointNet,123,10,0.568362480127186,0.4166666666666667,0.25,0.0,0.5,0.2941176470588235,0.0,"{""batch_size"": 8, ""dropout"": 0.28318092164684583, ""lr"": 0.0004345454109729479, ""weight_decay"": 1.461896279370496e-05}",C:\Users\IHCK\Desktop\17-9-2569\Hippocampal-Shape-Analysis-for-Epilepsy-Detection\Model\optuna_runs_10fold_all\final\pointnet_plsda\All_coef_Ds004469\left\PointNet\seed_123
Optuna fold-local PLS-DA PointNet,pointnet_plsda,All_coef_Ds004469,left,PointNet,2026,10,0.568362480127186,0.8333333333333334,0.7,0.5,0.9,0.7,0.75,"{""batch_size"": 8, ""dropout"": 0.28318092164684583, ""lr"": 0.0004345454109729479, ""weight_decay"": 1.461896279370496e-05}",C:\Users\IHCK\Desktop\17-9-2569\Hippocampal-Shape-Analysis-for-Epilepsy-Detection\Model\optuna_runs_10fold_all\final\pointnet_plsda\All_coef_Ds004469\left\PointNet\seed_2026
Optuna fold-local PLS-DA PointNet,pointnet_plsda,All_coef_Ds004469,right,PointNet,42,10,0.9069264069264069,0.3333333333333333,0.18181818181818182,0.0,0.36363636363636365,0.25000000000000006,0.09090909090909094,"{""batch_size"": 8, ""dropout"": 0.34758845505563507, ""lr"": 0.00028180680291847244, ""weight_decay"": 2.4586032763280077e-06}",C:\Users\IHCK\Desktop\17-9-2569\Hippocampal-Shape-Analysis-for-Epilepsy-Detection\Model\optuna_runs_10fold_all\final\pointnet_plsda\All_coef_Ds004469\right\PointNet\seed_42
Optuna fold-local PLS-DA PointNet,pointnet_plsda,All_coef_Ds004469,right,PointNet,123,10,0.9069264069264069,0.08333333333333333,0.045454545454545456,0.0,0.09090909090909091,0.07692307692307693,0.0,"{""batch_size"": 8, ""dropout"": 0.34758845505563507, ""lr"": 0.00028180680291847244, ""weight_decay"": 2.4586032763280077e-06}",C:\Users\IHCK\Desktop\17-9-2569\Hippocampal-Shape-Analysis-for-Epilepsy-Detection\Model\optuna_runs_10fold_all\final\pointnet_plsda\All_coef_Ds004469\right\PointNet\seed_123
Optuna fold-local PLS-DA PointNet,pointnet_plsda,All_coef_Ds004469,right,PointNet,2026,10,0.9069264069264069,0.9166666666666666,0.5,0.0,1.0,0.4782608695652174,0.0,"{""batch_size"": 8, ""dropout"": 0.34758845505563507, ""lr"": 0.00028180680291847244, ""weight_decay"": 2.4586032763280077e-06}",C:\Users\IHCK\Desktop\17-9-2569\Hippocampal-Shape-Analysis-for-Epilepsy-Detection\Model\optuna_runs_10fold_all\final\pointnet_plsda\All_coef_Ds004469\right\PointNet\seed_2026
Optuna fold-local PLS-DA PointNet,pointnet_plsda,All_coef_Ds005602,left,PointNet,42,10,0.8675324675324676,0.8253968253968254,0.8005263157894738,0.68,0.9210526315789473,0.8098765432098765,0.8821052631578947,"{""batch_size"": 16, ""dropout"": 0.3600340105889054, ""lr"": 0.00011240768803005555, ""weight_decay"": 0.004337920697490943}",C:\Users\IHCK\Desktop\17-9-2569\Hippocampal-Shape-Analysis-for-Epilepsy-Detection\Model\optuna_runs_10fold_all\final\pointnet_plsda\All_coef_Ds005602\left\PointNet\seed_42
Optuna fold-local PLS-DA PointNet,pointnet_plsda,All_coef_Ds005602,left,PointNet,123,10,0.8675324675324676,0.7936507936507936,0.74,0.48,1.0,0.7512906164591557,0.9463157894736842,"{""batch_size"": 16, ""dropout"": 0.3600340105889054, ""lr"": 0.00011240768803005555, ""weight_decay"": 0.004337920697490943}",C:\Users\IHCK\Desktop\17-9-2569\Hippocampal-Shape-Analysis-for-Epilepsy-Detection\Model\optuna_runs_10fold_all\final\pointnet_plsda\All_coef_Ds005602\left\PointNet\seed_123
Optuna fold-local PLS-DA PointNet,pointnet_plsda,All_coef_Ds005602,left,PointNet,2026,10,0.8675324675324676,0.873015873015873,0.8810526315789473,0.92,0.8421052631578947,0.8703703703703705,0.9231578947368422,"{""batch_size"": 16, ""dropout"": 0.3600340105889054, ""lr"": 0.00011240768803005555, ""weight_decay"": 0.004337920697490943}",C:\Users\IHCK\Desktop\17-9-2569\Hippocampal-Shape-Analysis-for-Epilepsy-Detection\Model\optuna_runs_10fold_all\final\pointnet_plsda\All_coef_Ds005602\left\PointNet\seed_2026
Optuna fold-local PLS-DA PointNet,pointnet_plsda,All_coef_Ds005602,right,PointNet,42,10,0.8578097800284855,0.7777777777777778,0.6465311004784688,0.3157894736842105,0.9772727272727273,0.6607692307692308,0.8552631578947368,"{""batch_size"": 8, ""dropout"": 0.17799726016810133, ""lr"": 0.0003574712922600243, ""weight_decay"": 0.006351221010640704}",C:\Users\IHCK\Desktop\17-9-2569\Hippocampal-Shape-Analysis-for-Epilepsy-Detection\Model\optuna_runs_10fold_all\final\pointnet_plsda\All_coef_Ds005602\right\PointNet\seed_42
Optuna fold-local PLS-DA PointNet,pointnet_plsda,All_coef_Ds005602,right,PointNet,123,10,0.8578097800284855,0.8571428571428571,0.8229665071770335,0.7368421052631579,0.9090909090909091,0.8278165806255693,0.901913875598086,"{""batch_size"": 8, ""dropout"": 0.17799726016810133, ""lr"": 0.0003574712922600243, ""weight_decay"": 0.006351221010640704}",C:\Users\IHCK\Desktop\17-9-2569\Hippocampal-Shape-Analysis-for-Epilepsy-Detection\Model\optuna_runs_10fold_all\final\pointnet_plsda\All_coef_Ds005602\right\PointNet\seed_123
Optuna fold-local PLS-DA PointNet,pointnet_plsda,All_coef_Ds005602,right,PointNet,2026,10,0.8578097800284855,0.7619047619047619,0.7398325358851674,0.6842105263157895,0.7954545454545454,0.7288378766140603,0.8522727272727272,"{""batch_size"": 8, ""dropout"": 0.17799726016810133, ""lr"": 0.0003574712922600243, ""weight_decay"": 0.006351221010640704}",C:\Users\IHCK\Desktop\17-9-2569\Hippocampal-Shape-Analysis-for-Epilepsy-Detection\Model\optuna_runs_10fold_all\final\pointnet_plsda\All_coef_Ds005602\right\PointNet\seed_2026
Optuna direct PLS-DA classifier,plsda_direct,All_coef,left,PLSDA_classifier,42,10,0.853256348779175,0.8266666666666667,0.8240740740740741,0.8148148148148148,0.8333333333333334,0.8160724391624221,0.8371913580246914,"{""n_components"": 4}",C:\Users\IHCK\Desktop\17-9-2569\Hippocampal-Shape-Analysis-for-Epilepsy-Detection\Model\optuna_runs_10fold_all\final\plsda_direct\All_coef\left\PLSDA_classifier\seed_42
Optuna direct PLS-DA classifier,plsda_direct,All_coef,left,PLSDA_classifier,123,10,0.853256348779175,0.8266666666666667,0.8240740740740741,0.8148148148148148,0.8333333333333334,0.8160724391624221,0.8371913580246914,"{""n_components"": 4}",C:\Users\IHCK\Desktop\17-9-2569\Hippocampal-Shape-Analysis-for-Epilepsy-Detection\Model\optuna_runs_10fold_all\final\plsda_direct\All_coef\left\PLSDA_classifier\seed_123
Optuna direct PLS-DA classifier,plsda_direct,All_coef,left,PLSDA_classifier,2026,10,0.853256348779175,0.8266666666666667,0.8240740740740741,0.8148148148148148,0.8333333333333334,0.8160724391624221,0.8371913580246914,"{""n_components"": 4}",C:\Users\IHCK\Desktop\17-9-2569\Hippocampal-Shape-Analysis-for-Epilepsy-Detection\Model\optuna_runs_10fold_all\final\plsda_direct\All_coef\left\PLSDA_classifier\seed_2026
Optuna direct PLS-DA classifier,plsda_direct,All_coef,right,PLSDA_classifier,42,10,0.8248337028824834,0.88,0.8386363636363636,0.75,0.9272727272727272,0.844074844074844,0.9172727272727272,"{""n_components"": 2}",C:\Users\IHCK\Desktop\17-9-2569\Hippocampal-Shape-Analysis-for-Epilepsy-Detection\Model\optuna_runs_10fold_all\final\plsda_direct\All_coef\right\PLSDA_classifier\seed_42
Optuna direct PLS-DA classifier,plsda_direct,All_coef,right,PLSDA_classifier,123,10,0.8248337028824834,0.88,0.8386363636363636,0.75,0.9272727272727272,0.844074844074844,0.9172727272727272,"{""n_components"": 2}",C:\Users\IHCK\Desktop\17-9-2569\Hippocampal-Shape-Analysis-for-Epilepsy-Detection\Model\optuna_runs_10fold_all\final\plsda_direct\All_coef\right\PLSDA_classifier\seed_123
Optuna direct PLS-DA classifier,plsda_direct,All_coef,right,PLSDA_classifier,2026,10,0.8248337028824834,0.88,0.8386363636363636,0.75,0.9272727272727272,0.844074844074844,0.9172727272727272,"{""n_components"": 2}",C:\Users\IHCK\Desktop\17-9-2569\Hippocampal-Shape-Analysis-for-Epilepsy-Detection\Model\optuna_runs_10fold_all\final\plsda_direct\All_coef\right\PLSDA_classifier\seed_2026
Optuna direct PLS-DA classifier,plsda_direct,All_coef_Ds004469,left,PLSDA_classifier,42,10,0.45548489666136727,0.5,0.3,0.0,0.6,0.33333333333333326,0.30000000000000004,"{""n_components"": 2}",C:\Users\IHCK\Desktop\17-9-2569\Hippocampal-Shape-Analysis-for-Epilepsy-Detection\Model\optuna_runs_10fold_all\final\plsda_direct\All_coef_Ds004469\left\PLSDA_classifier\seed_42
Optuna direct PLS-DA classifier,plsda_direct,All_coef_Ds004469,left,PLSDA_classifier,123,10,0.45548489666136727,0.5,0.3,0.0,0.6,0.33333333333333326,0.30000000000000004,"{""n_components"": 2}",C:\Users\IHCK\Desktop\17-9-2569\Hippocampal-Shape-Analysis-for-Epilepsy-Detection\Model\optuna_runs_10fold_all\final\plsda_direct\All_coef_Ds004469\left\PLSDA_classifier\seed_123
Optuna direct PLS-DA classifier,plsda_direct,All_coef_Ds004469,left,PLSDA_classifier,2026,10,0.45548489666136727,0.5,0.3,0.0,0.6,0.33333333333333326,0.30000000000000004,"{""n_components"": 2}",C:\Users\IHCK\Desktop\17-9-2569\Hippocampal-Shape-Analysis-for-Epilepsy-Detection\Model\optuna_runs_10fold_all\final\plsda_direct\All_coef_Ds004469\left\PLSDA_classifier\seed_2026
Optuna direct PLS-DA classifier,plsda_direct,All_coef_Ds004469,right,PLSDA_classifier,42,10,0.6699134199134199,0.8333333333333334,0.45454545454545453,0.0,0.9090909090909091,0.45454545454545453,0.09090909090909094,"{""n_components"": 4}",C:\Users\IHCK\Desktop\17-9-2569\Hippocampal-Shape-Analysis-for-Epilepsy-Detection\Model\optuna_runs_10fold_all\final\plsda_direct\All_coef_Ds004469\right\PLSDA_classifier\seed_42
Optuna direct PLS-DA classifier,plsda_direct,All_coef_Ds004469,right,PLSDA_classifier,123,10,0.6699134199134199,0.8333333333333334,0.45454545454545453,0.0,0.9090909090909091,0.45454545454545453,0.09090909090909094,"{""n_components"": 4}",C:\Users\IHCK\Desktop\17-9-2569\Hippocampal-Shape-Analysis-for-Epilepsy-Detection\Model\optuna_runs_10fold_all\final\plsda_direct\All_coef_Ds004469\right\PLSDA_classifier\seed_123
Optuna direct PLS-DA classifier,plsda_direct,All_coef_Ds004469,right,PLSDA_classifier,2026,10,0.6699134199134199,0.8333333333333334,0.45454545454545453,0.0,0.9090909090909091,0.45454545454545453,0.09090909090909094,"{""n_components"": 4}",C:\Users\IHCK\Desktop\17-9-2569\Hippocampal-Shape-Analysis-for-Epilepsy-Detection\Model\optuna_runs_10fold_all\final\plsda_direct\All_coef_Ds004469\right\PLSDA_classifier\seed_2026
Optuna direct PLS-DA classifier,plsda_direct,All_coef_Ds005602,left,PLSDA_classifier,42,10,0.8841991341991342,0.873015873015873,0.8673684210526316,0.84,0.8947368421052632,0.8673684210526316,0.9221052631578948,"{""n_components"": 4}",C:\Users\IHCK\Desktop\17-9-2569\Hippocampal-Shape-Analysis-for-Epilepsy-Detection\Model\optuna_runs_10fold_all\final\plsda_direct\All_coef_Ds005602\left\PLSDA_classifier\seed_42
Optuna direct PLS-DA classifier,plsda_direct,All_coef_Ds005602,left,PLSDA_classifier,123,10,0.8841991341991342,0.873015873015873,0.8673684210526316,0.84,0.8947368421052632,0.8673684210526316,0.9221052631578948,"{""n_components"": 4}",C:\Users\IHCK\Desktop\17-9-2569\Hippocampal-Shape-Analysis-for-Epilepsy-Detection\Model\optuna_runs_10fold_all\final\plsda_direct\All_coef_Ds005602\left\PLSDA_classifier\seed_123
Optuna direct PLS-DA classifier,plsda_direct,All_coef_Ds005602,left,PLSDA_classifier,2026,10,0.8841991341991342,0.873015873015873,0.8673684210526316,0.84,0.8947368421052632,0.8673684210526316,0.9221052631578948,"{""n_components"": 4}",C:\Users\IHCK\Desktop\17-9-2569\Hippocampal-Shape-Analysis-for-Epilepsy-Detection\Model\optuna_runs_10fold_all\final\plsda_direct\All_coef_Ds005602\left\PLSDA_classifier\seed_2026
Optuna direct PLS-DA classifier,plsda_direct,All_coef_Ds005602,right,PLSDA_classifier,42,10,0.8704700110777022,0.8571428571428571,0.8379186602870814,0.7894736842105263,0.8863636363636364,0.8328912466843501,0.9258373205741628,"{""n_components"": 4}",C:\Users\IHCK\Desktop\17-9-2569\Hippocampal-Shape-Analysis-for-Epilepsy-Detection\Model\optuna_runs_10fold_all\final\plsda_direct\All_coef_Ds005602\right\PLSDA_classifier\seed_42
Optuna direct PLS-DA classifier,plsda_direct,All_coef_Ds005602,right,PLSDA_classifier,123,10,0.8704700110777022,0.8571428571428571,0.8379186602870814,0.7894736842105263,0.8863636363636364,0.8328912466843501,0.9258373205741628,"{""n_components"": 4}",C:\Users\IHCK\Desktop\17-9-2569\Hippocampal-Shape-Analysis-for-Epilepsy-Detection\Model\optuna_runs_10fold_all\final\plsda_direct\All_coef_Ds005602\right\PLSDA_classifier\seed_123
Optuna direct PLS-DA classifier,plsda_direct,All_coef_Ds005602,right,PLSDA_classifier,2026,10,0.8704700110777022,0.8571428571428571,0.8379186602870814,0.7894736842105263,0.8863636363636364,0.8328912466843501,0.9258373205741628,"{""n_components"": 4}",C:\Users\IHCK\Desktop\17-9-2569\Hippocampal-Shape-Analysis-for-Epilepsy-Detection\Model\optuna_runs_10fold_all\final\plsda_direct\All_coef_Ds005602\right\PLSDA_classifier\seed_2026
